[09:25:58.686] rive  compiling 6 markup files as one document: pipstage.rml, shared.rml, stage1.rml, stage2.rml, stage3.rml, stage4.rml
[09:25:59.203] rive  verified (0 bytes, 525ms, 0 errors, 0 warnings)
[09:26:18.776] rive  compiling 6 markup files as one document: pipstage.rml, shared.rml, stage1.rml, stage2.rml, stage3.rml, stage4.rml
[09:26:19.303] rive  built tools/rive/bolt/build/pip_bolt.riv (159599 bytes, 531ms, 0 errors, 0 warnings)
[09:26:32.629] rive  compiling 6 markup files as one document: pipstage.rml, shared.rml, stage1.rml, stage2.rml, stage3.rml, stage4.rml
[09:26:33.140] rive  built tools/rive/bolt/build/pip_bolt.riv (159599 bytes, 514ms, 0 errors, 0 warnings)
[09:26:33.144] rive  showing Stage3 [1/5]
[09:26:33.144] rive  viewport 240x240 @1x
[09:26:33.155] rive  wrote /tmp/bolt_check/idle0.png
[09:26:33.224] rive  compiling 6 markup files as one document: pipstage.rml, shared.rml, stage1.rml, stage2.rml, stage3.rml, stage4.rml
[09:26:33.727] rive  built tools/rive/bolt/build/pip_bolt.riv (159599 bytes, 507ms, 0 errors, 0 warnings)
[09:26:33.729] rive  data: mood = 1
[09:26:33.729] rive  showing Stage3 [1/5]
[09:26:33.729] rive  viewport 240x240 @1x
[09:26:33.740] rive  wrote /tmp/bolt_check/happy.png
[09:26:33.808] rive  compiling 6 markup files as one document: pipstage.rml, shared.rml, stage1.rml, stage2.rml, stage3.rml, stage4.rml
[09:26:34.326] rive  built tools/rive/bolt/build/pip_bolt.riv (159599 bytes, 523ms, 0 errors, 0 warnings)
[09:26:34.329] rive  data: mood = 2
[09:26:34.329] rive  showing Stage3 [1/5]
[09:26:34.329] rive  viewport 240x240 @1x
[09:26:34.339] rive  wrote /tmp/bolt_check/eat.png
[09:26:34.407] rive  compiling 6 markup files as one document: pipstage.rml, shared.rml, stage1.rml, stage2.rml, stage3.rml, stage4.rml
[09:26:34.931] rive  built tools/rive/bolt/build/pip_bolt.riv (159599 bytes, 527ms, 0 errors, 0 warnings)
[09:26:34.933] rive  data: mood = 3
[09:26:34.933] rive  showing Stage3 [1/5]
[09:26:34.934] rive  viewport 240x240 @1x
[09:26:34.944] rive  wrote /tmp/bolt_check/sleepy.png
[09:26:35.018] rive  compiling 6 markup files as one document: pipstage.rml, shared.rml, stage1.rml, stage2.rml, stage3.rml, stage4.rml
[09:26:35.603] rive  built tools/rive/bolt/build/pip_bolt.riv (159599 bytes, 589ms, 0 errors, 0 warnings)
[09:26:35.605] rive  data: mood = 4
[09:26:35.605] rive  showing Stage3 [1/5]
[09:26:35.605] rive  viewport 240x240 @1x
[09:26:35.616] rive  wrote /tmp/bolt_check/surprised.png
[09:26:35.685] rive  compiling 6 markup files as one document: pipstage.rml, shared.rml, stage1.rml, stage2.rml, stage3.rml, stage4.rml
[09:26:36.183] rive  built tools/rive/bolt/build/pip_bolt.riv (159599 bytes, 502ms, 0 errors, 0 warnings)
[09:26:36.185] rive  data: mood = 5
[09:26:36.185] rive  showing Stage3 [1/5]
[09:26:36.185] rive  viewport 240x240 @1x
[09:26:36.195] rive  wrote /tmp/bolt_check/proud.png
[09:26:36.265] rive  compiling 6 markup files as one document: pipstage.rml, shared.rml, stage1.rml, stage2.rml, stage3.rml, stage4.rml
[09:26:36.778] rive  built tools/rive/bolt/build/pip_bolt.riv (159599 bytes, 516ms, 0 errors, 0 warnings)
[09:26:36.780] rive  data: evolve = 1
[09:26:36.780] rive  showing Stage3 [1/5]
[09:26:36.780] rive  viewport 240x240 @1x
[09:26:36.791] rive  wrote /tmp/bolt_check/evolve.png
[09:27:40.610] rive  compiling 6 markup files as one document: pipstage.rml, shared.rml, stage1.rml, stage2.rml, stage3.rml, stage4.rml
[09:27:41.117] rive  built tools/rive/bolt/build/pip_bolt.riv (159599 bytes, 515ms, 0 errors, 0 warnings)
[09:27:41.121] rive  data: mood = 1
[09:27:41.121] rive  showing Stage3 [1/5]
[09:27:41.122] rive  viewport 240x240 @1x
[09:27:41.133] rive  wrote /tmp/bolt_check/h10.png
[09:27:41.208] rive  compiling 6 markup files as one document: pipstage.rml, shared.rml, stage1.rml, stage2.rml, stage3.rml, stage4.rml
[09:27:41.710] rive  built tools/rive/bolt/build/pip_bolt.riv (159599 bytes, 505ms, 0 errors, 0 warnings)
[09:27:41.712] rive  data: mood = 1
[09:27:41.712] rive  showing Stage3 [1/5]
[09:27:41.712] rive  viewport 240x240 @1x
[09:27:41.723] rive  wrote /tmp/bolt_check/h30.png
[09:27:41.790] rive  compiling 6 markup files as one document: pipstage.rml, shared.rml, stage1.rml, stage2.rml, stage3.rml, stage4.rml
[09:27:42.293] rive  built tools/rive/bolt/build/pip_bolt.riv (159599 bytes, 506ms, 0 errors, 0 warnings)
[09:27:42.295] rive  data: mood = 0
[09:27:42.295] rive  showing Stage3 [1/5]
[09:27:42.295] rive  viewport 240x240 @1x
[09:27:42.305] rive  wrote /tmp/bolt_check/idle_m0.png
[09:28:51.659] rive  compiling 6 markup files as one document: pipstage.rml, shared.rml, stage1.rml, stage2.rml, stage3.rml, stage4.rml
[09:28:52.231] rive  verified (0 bytes, 578ms, 0 errors, 0 warnings)
[09:28:52.263] rive  compiling 6 markup files as one document: pipstage.rml, shared.rml, stage1.rml, stage2.rml, stage3.rml, stage4.rml
[09:28:52.779] rive  built tools/rive/bolt/build/pip_bolt.riv (159599 bytes, 519ms, 0 errors, 0 warnings)
[09:29:03.020] rive  compiling 6 markup files as one document: pipstage.rml, shared.rml, stage1.rml, stage2.rml, stage3.rml, stage4.rml
[09:29:03.549] rive  built tools/rive/bolt/build/pip_bolt.riv (159599 bytes, 533ms, 0 errors, 0 warnings)
[09:29:03.552] rive  data: mood = 1
[09:29:03.553] rive  showing Stage3 [1/5]
[09:29:03.553] rive  viewport 240x240 @1x
[09:29:03.575] rive  wrote /tmp/bolt_check/h30b.png
[09:29:03.647] rive  compiling 6 markup files as one document: pipstage.rml, shared.rml, stage1.rml, stage2.rml, stage3.rml, stage4.rml
[09:29:04.157] rive  built tools/rive/bolt/build/pip_bolt.riv (159599 bytes, 514ms, 0 errors, 0 warnings)
[09:29:04.159] rive  data: mood = 1
[09:29:04.159] rive  showing Stage3 [1/5]
[09:29:04.159] rive  viewport 240x240 @1x
[09:29:04.172] rive  wrote /tmp/bolt_check/h10b.png
[09:29:04.244] rive  compiling 6 markup files as one document: pipstage.rml, shared.rml, stage1.rml, stage2.rml, stage3.rml, stage4.rml
[09:29:04.753] rive  built tools/rive/bolt/build/pip_bolt.riv (159599 bytes, 512ms, 0 errors, 0 warnings)
[09:29:04.755] rive  data: mood = 3
[09:29:04.755] rive  showing Stage3 [1/5]
[09:29:04.756] rive  viewport 240x240 @1x
[09:29:04.770] rive  wrote /tmp/bolt_check/sl120b.png
[09:29:36.173] rive  compiling 6 markup files as one document: pipstage.rml, shared.rml, stage1.rml, stage2.rml, stage3.rml, stage4.rml
[09:29:36.726] rive  built /Users/ibrar/Desktop/infinora.noworkspace/nestling-pip-v2/tools/rive/bolt/build/pip_bolt.riv (159599 bytes, 563ms, 0 errors, 0 warnings)
[09:29:36.728] rive  data: mood = 0
[09:29:36.729] rive  showing Stage1 [3/5]
[09:29:36.729] rive  viewport 240x240 @1x
[09:29:36.767] rive  wrote /Users/ibrar/Desktop/infinora.noworkspace/nestling-pip-v2/design/animations/rive/bolt/frames/s1_idle_0.png
[09:29:36.847] rive  compiling 6 markup files as one document: pipstage.rml, shared.rml, stage1.rml, stage2.rml, stage3.rml, stage4.rml
[09:29:37.384] rive  built /Users/ibrar/Desktop/infinora.noworkspace/nestling-pip-v2/tools/rive/bolt/build/pip_bolt.riv (159599 bytes, 541ms, 0 errors, 0 warnings)
[09:29:37.387] rive  data: mood = 0
[09:29:37.387] rive  showing Stage1 [3/5]
[09:29:37.387] rive  viewport 240x240 @1x
[09:29:37.408] rive  wrote /Users/ibrar/Desktop/infinora.noworkspace/nestling-pip-v2/design/animations/rive/bolt/frames/s1_idle_1.png
[09:29:37.484] rive  compiling 6 markup files as one document: pipstage.rml, shared.rml, stage1.rml, stage2.rml, stage3.rml, stage4.rml
[09:29:38.036] rive  built /Users/ibrar/Desktop/infinora.noworkspace/nestling-pip-v2/tools/rive/bolt/build/pip_bolt.riv (159599 bytes, 556ms, 0 errors, 0 warnings)
[09:29:38.039] rive  data: mood = 0
[09:29:38.039] rive  showing Stage1 [3/5]
[09:29:38.039] rive  viewport 240x240 @1x
[09:29:38.067] rive  wrote /Users/ibrar/Desktop/infinora.noworkspace/nestling-pip-v2/design/animations/rive/bolt/frames/s1_idle_2.png
[09:29:38.158] rive  compiling 6 markup files as one document: pipstage.rml, shared.rml, stage1.rml, stage2.rml, stage3.rml, stage4.rml
[09:29:38.679] rive  built /Users/ibrar/Desktop/infinora.noworkspace/nestling-pip-v2/tools/rive/bolt/build/pip_bolt.riv (159599 bytes, 525ms, 0 errors, 0 warnings)
[09:29:38.681] rive  data: mood = 0
[09:29:38.681] rive  showing Stage1 [3/5]
[09:29:38.682] rive  viewport 240x240 @1x
[09:29:38.693] rive  wrote /Users/ibrar/Desktop/infinora.noworkspace/nestling-pip-v2/design/animations/rive/bolt/frames/s1_idle_3.png
[09:29:38.763] rive  compiling 6 markup files as one document: pipstage.rml, shared.rml, stage1.rml, stage2.rml, stage3.rml, stage4.rml
[09:29:39.293] rive  built /Users/ibrar/Desktop/infinora.noworkspace/nestling-pip-v2/tools/rive/bolt/build/pip_bolt.riv (159599 bytes, 533ms, 0 errors, 0 warnings)
[09:29:39.295] rive  data: mood = 0
[09:29:39.295] rive  showing Stage1 [3/5]
[09:29:39.296] rive  viewport 240x240 @1x
[09:29:39.307] rive  wrote /Users/ibrar/Desktop/infinora.noworkspace/nestling-pip-v2/design/animations/rive/bolt/frames/s1_idle_4.png
[09:29:39.386] rive  compiling 6 markup files as one document: pipstage.rml, shared.rml, stage1.rml, stage2.rml, stage3.rml, stage4.rml
[09:29:39.903] rive  built /Users/ibrar/Desktop/infinora.noworkspace/nestling-pip-v2/tools/rive/bolt/build/pip_bolt.riv (159599 bytes, 520ms, 0 errors, 0 warnings)
[09:29:39.905] rive  data: mood = 0
[09:29:39.905] rive  showing Stage1 [3/5]
[09:29:39.905] rive  viewport 240x240 @1x
[09:29:39.918] rive  wrote /Users/ibrar/Desktop/infinora.noworkspace/nestling-pip-v2/design/animations/rive/bolt/frames/s1_idle_5.png
[09:29:39.995] rive  compiling 6 markup files as one document: pipstage.rml, shared.rml, stage1.rml, stage2.rml, stage3.rml, stage4.rml
[09:29:40.514] rive  built /Users/ibrar/Desktop/infinora.noworkspace/nestling-pip-v2/tools/rive/bolt/build/pip_bolt.riv (159599 bytes, 525ms, 0 errors, 0 warnings)
[09:29:40.516] rive  data: mood = 0
[09:29:40.516] rive  showing Stage1 [3/5]
[09:29:40.517] rive  viewport 240x240 @1x
[09:29:40.531] rive  wrote /Users/ibrar/Desktop/infinora.noworkspace/nestling-pip-v2/design/animations/rive/bolt/frames/s1_idle_6.png
[09:29:40.602] rive  compiling 6 markup files as one document: pipstage.rml, shared.rml, stage1.rml, stage2.rml, stage3.rml, stage4.rml
[09:29:41.158] rive  built /Users/ibrar/Desktop/infinora.noworkspace/nestling-pip-v2/tools/rive/bolt/build/pip_bolt.riv (159599 bytes, 559ms, 0 errors, 0 warnings)
[09:29:41.160] rive  data: mood = 1
[09:29:41.160] rive  showing Stage1 [3/5]
[09:29:41.160] rive  viewport 240x240 @1x
[09:29:41.179] rive  wrote /Users/ibrar/Desktop/infinora.noworkspace/nestling-pip-v2/design/animations/rive/bolt/frames/s1_happy_0.png
[09:29:41.253] rive  compiling 6 markup files as one document: pipstage.rml, shared.rml, stage1.rml, stage2.rml, stage3.rml, stage4.rml
[09:29:41.809] rive  built /Users/ibrar/Desktop/infinora.noworkspace/nestling-pip-v2/tools/rive/bolt/build/pip_bolt.riv (159599 bytes, 560ms, 0 errors, 0 warnings)
[09:29:41.811] rive  data: mood = 1
[09:29:41.811] rive  showing Stage1 [3/5]
[09:29:41.812] rive  viewport 240x240 @1x
[09:29:41.840] rive  wrote /Users/ibrar/Desktop/infinora.noworkspace/nestling-pip-v2/design/animations/rive/bolt/frames/s1_happy_1.png
[09:29:41.953] rive  compiling 6 markup files as one document: pipstage.rml, shared.rml, stage1.rml, stage2.rml, stage3.rml, stage4.rml
[09:29:42.520] rive  built /Users/ibrar/Desktop/infinora.noworkspace/nestling-pip-v2/tools/rive/bolt/build/pip_bolt.riv (159599 bytes, 576ms, 0 errors, 0 warnings)
[09:29:42.522] rive  data: mood = 1
[09:29:42.522] rive  showing Stage1 [3/5]
[09:29:42.523] rive  viewport 240x240 @1x
[09:29:42.569] rive  wrote /Users/ibrar/Desktop/infinora.noworkspace/nestling-pip-v2/design/animations/rive/bolt/frames/s1_happy_2.png
[09:29:42.660] rive  compiling 6 markup files as one document: pipstage.rml, shared.rml, stage1.rml, stage2.rml, stage3.rml, stage4.rml
[09:29:43.238] rive  built /Users/ibrar/Desktop/infinora.noworkspace/nestling-pip-v2/tools/rive/bolt/build/pip_bolt.riv (159599 bytes, 582ms, 0 errors, 0 warnings)
[09:29:43.241] rive  data: mood = 1
[09:29:43.241] rive  showing Stage1 [3/5]
[09:29:43.241] rive  viewport 240x240 @1x
[09:29:43.266] rive  wrote /Users/ibrar/Desktop/infinora.noworkspace/nestling-pip-v2/design/animations/rive/bolt/frames/s1_happy_3.png
[09:29:43.355] rive  compiling 6 markup files as one document: pipstage.rml, shared.rml, stage1.rml, stage2.rml, stage3.rml, stage4.rml
[09:29:43.924] rive  built /Users/ibrar/Desktop/infinora.noworkspace/nestling-pip-v2/tools/rive/bolt/build/pip_bolt.riv (159599 bytes, 573ms, 0 errors, 0 warnings)
[09:29:43.926] rive  data: mood = 1
[09:29:43.926] rive  showing Stage1 [3/5]
[09:29:43.926] rive  viewport 240x240 @1x
[09:29:43.967] rive  wrote /Users/ibrar/Desktop/infinora.noworkspace/nestling-pip-v2/design/animations/rive/bolt/frames/s1_happy_4.png
[09:29:44.073] rive  compiling 6 markup files as one document: pipstage.rml, shared.rml, stage1.rml, stage2.rml, stage3.rml, stage4.rml
[09:29:44.653] rive  built /Users/ibrar/Desktop/infinora.noworkspace/nestling-pip-v2/tools/rive/bolt/build/pip_bolt.riv (159599 bytes, 584ms, 0 errors, 0 warnings)
[09:29:44.656] rive  data: mood = 1
[09:29:44.656] rive  showing Stage1 [3/5]
[09:29:44.656] rive  viewport 240x240 @1x
[09:29:44.696] rive  wrote /Users/ibrar/Desktop/infinora.noworkspace/nestling-pip-v2/design/animations/rive/bolt/frames/s1_happy_5.png
[09:29:44.807] rive  compiling 6 markup files as one document: pipstage.rml, shared.rml, stage1.rml, stage2.rml, stage3.rml, stage4.rml
[09:29:45.506] rive  built /Users/ibrar/Desktop/infinora.noworkspace/nestling-pip-v2/tools/rive/bolt/build/pip_bolt.riv (159599 bytes, 703ms, 0 errors, 0 warnings)
[09:29:45.509] rive  data: mood = 1
[09:29:45.509] rive  showing Stage1 [3/5]
[09:29:45.509] rive  viewport 240x240 @1x
[09:29:45.573] rive  wrote /Users/ibrar/Desktop/infinora.noworkspace/nestling-pip-v2/design/animations/rive/bolt/frames/s1_happy_6.png
[09:29:45.688] rive  compiling 6 markup files as one document: pipstage.rml, shared.rml, stage1.rml, stage2.rml, stage3.rml, stage4.rml
[09:29:46.311] rive  built /Users/ibrar/Desktop/infinora.noworkspace/nestling-pip-v2/tools/rive/bolt/build/pip_bolt.riv (159599 bytes, 629ms, 0 errors, 0 warnings)
[09:29:46.313] rive  data: mood = 2
[09:29:46.313] rive  showing Stage1 [3/5]
[09:29:46.313] rive  viewport 240x240 @1x
[09:29:46.342] rive  wrote /Users/ibrar/Desktop/infinora.noworkspace/nestling-pip-v2/design/animations/rive/bolt/frames/s1_eating_0.png
[09:29:46.438] rive  compiling 6 markup files as one document: pipstage.rml, shared.rml, stage1.rml, stage2.rml, stage3.rml, stage4.rml
[09:29:47.030] rive  built /Users/ibrar/Desktop/infinora.noworkspace/nestling-pip-v2/tools/rive/bolt/build/pip_bolt.riv (159599 bytes, 597ms, 0 errors, 0 warnings)
[09:29:47.032] rive  data: mood = 2
[09:29:47.033] rive  showing Stage1 [3/5]
[09:29:47.033] rive  viewport 240x240 @1x
[09:29:47.075] rive  wrote /Users/ibrar/Desktop/infinora.noworkspace/nestling-pip-v2/design/animations/rive/bolt/frames/s1_eating_1.png
[09:29:47.162] rive  compiling 6 markup files as one document: pipstage.rml, shared.rml, stage1.rml, stage2.rml, stage3.rml, stage4.rml
[09:29:47.738] rive  built /Users/ibrar/Desktop/infinora.noworkspace/nestling-pip-v2/tools/rive/bolt/build/pip_bolt.riv (159599 bytes, 581ms, 0 errors, 0 warnings)
[09:29:47.741] rive  data: mood = 2
[09:29:47.741] rive  showing Stage1 [3/5]
[09:29:47.741] rive  viewport 240x240 @1x
[09:29:47.774] rive  wrote /Users/ibrar/Desktop/infinora.noworkspace/nestling-pip-v2/design/animations/rive/bolt/frames/s1_eating_2.png
[09:29:47.853] rive  compiling 6 markup files as one document: pipstage.rml, shared.rml, stage1.rml, stage2.rml, stage3.rml, stage4.rml
[09:29:48.414] rive  built /Users/ibrar/Desktop/infinora.noworkspace/nestling-pip-v2/tools/rive/bolt/build/pip_bolt.riv (159599 bytes, 565ms, 0 errors, 0 warnings)
[09:29:48.417] rive  data: mood = 2
[09:29:48.417] rive  showing Stage1 [3/5]
[09:29:48.417] rive  viewport 240x240 @1x
[09:29:48.443] rive  wrote /Users/ibrar/Desktop/infinora.noworkspace/nestling-pip-v2/design/animations/rive/bolt/frames/s1_eating_3.png
[09:29:48.535] rive  compiling 6 markup files as one document: pipstage.rml, shared.rml, stage1.rml, stage2.rml, stage3.rml, stage4.rml
[09:29:49.085] rive  built /Users/ibrar/Desktop/infinora.noworkspace/nestling-pip-v2/tools/rive/bolt/build/pip_bolt.riv (159599 bytes, 555ms, 0 errors, 0 warnings)
[09:29:49.087] rive  data: mood = 2
[09:29:49.088] rive  showing Stage1 [3/5]
[09:29:49.088] rive  viewport 240x240 @1x
[09:29:49.116] rive  wrote /Users/ibrar/Desktop/infinora.noworkspace/nestling-pip-v2/design/animations/rive/bolt/frames/s1_eating_4.png
[09:29:49.194] rive  compiling 6 markup files as one document: pipstage.rml, shared.rml, stage1.rml, stage2.rml, stage3.rml, stage4.rml
[09:29:49.738] rive  built /Users/ibrar/Desktop/infinora.noworkspace/nestling-pip-v2/tools/rive/bolt/build/pip_bolt.riv (159599 bytes, 547ms, 0 errors, 0 warnings)
[09:29:49.741] rive  data: mood = 2
[09:29:49.741] rive  showing Stage1 [3/5]
[09:29:49.742] rive  viewport 240x240 @1x
[09:29:49.752] rive  wrote /Users/ibrar/Desktop/infinora.noworkspace/nestling-pip-v2/design/animations/rive/bolt/frames/s1_eating_5.png
[09:29:49.827] rive  compiling 6 markup files as one document: pipstage.rml, shared.rml, stage1.rml, stage2.rml, stage3.rml, stage4.rml
[09:29:50.342] rive  built /Users/ibrar/Desktop/infinora.noworkspace/nestling-pip-v2/tools/rive/bolt/build/pip_bolt.riv (159599 bytes, 519ms, 0 errors, 0 warnings)
[09:29:50.344] rive  data: mood = 2
[09:29:50.344] rive  showing Stage1 [3/5]
[09:29:50.345] rive  viewport 240x240 @1x
[09:29:50.355] rive  wrote /Users/ibrar/Desktop/infinora.noworkspace/nestling-pip-v2/design/animations/rive/bolt/frames/s1_eating_6.png
[09:29:50.427] rive  compiling 6 markup files as one document: pipstage.rml, shared.rml, stage1.rml, stage2.rml, stage3.rml, stage4.rml
[09:29:50.954] rive  built /Users/ibrar/Desktop/infinora.noworkspace/nestling-pip-v2/tools/rive/bolt/build/pip_bolt.riv (159599 bytes, 531ms, 0 errors, 0 warnings)
[09:29:50.957] rive  data: mood = 3
[09:29:50.957] rive  showing Stage1 [3/5]
[09:29:50.957] rive  viewport 240x240 @1x
[09:29:50.987] rive  wrote /Users/ibrar/Desktop/infinora.noworkspace/nestling-pip-v2/design/animations/rive/bolt/frames/s1_sleepy_0.png
[09:29:51.068] rive  compiling 6 markup files as one document: pipstage.rml, shared.rml, stage1.rml, stage2.rml, stage3.rml, stage4.rml
[09:29:51.607] rive  built /Users/ibrar/Desktop/infinora.noworkspace/nestling-pip-v2/tools/rive/bolt/build/pip_bolt.riv (159599 bytes, 544ms, 0 errors, 0 warnings)
[09:29:51.609] rive  data: mood = 3
[09:29:51.609] rive  showing Stage1 [3/5]
[09:29:51.609] rive  viewport 240x240 @1x
[09:29:51.633] rive  wrote /Users/ibrar/Desktop/infinora.noworkspace/nestling-pip-v2/design/animations/rive/bolt/frames/s1_sleepy_1.png
[09:29:51.723] rive  compiling 6 markup files as one document: pipstage.rml, shared.rml, stage1.rml, stage2.rml, stage3.rml, stage4.rml
[09:29:52.294] rive  built /Users/ibrar/Desktop/infinora.noworkspace/nestling-pip-v2/tools/rive/bolt/build/pip_bolt.riv (159599 bytes, 580ms, 0 errors, 0 warnings)
[09:29:52.296] rive  data: mood = 3
[09:29:52.297] rive  showing Stage1 [3/5]
[09:29:52.297] rive  viewport 240x240 @1x
[09:29:52.327] rive  wrote /Users/ibrar/Desktop/infinora.noworkspace/nestling-pip-v2/design/animations/rive/bolt/frames/s1_sleepy_2.png
[09:29:52.412] rive  compiling 6 markup files as one document: pipstage.rml, shared.rml, stage1.rml, stage2.rml, stage3.rml, stage4.rml
[09:29:52.992] rive  built /Users/ibrar/Desktop/infinora.noworkspace/nestling-pip-v2/tools/rive/bolt/build/pip_bolt.riv (159599 bytes, 584ms, 0 errors, 0 warnings)
[09:29:52.995] rive  data: mood = 3
[09:29:52.996] rive  showing Stage1 [3/5]
[09:29:52.996] rive  viewport 240x240 @1x
[09:29:53.036] rive  wrote /Users/ibrar/Desktop/infinora.noworkspace/nestling-pip-v2/design/animations/rive/bolt/frames/s1_sleepy_3.png
[09:29:53.164] rive  compiling 6 markup files as one document: pipstage.rml, shared.rml, stage1.rml, stage2.rml, stage3.rml, stage4.rml
[09:29:54.051] rive  built /Users/ibrar/Desktop/infinora.noworkspace/nestling-pip-v2/tools/rive/bolt/build/pip_bolt.riv (159599 bytes, 895ms, 0 errors, 0 warnings)
[09:29:54.053] rive  data: mood = 3
[09:29:54.054] rive  showing Stage1 [3/5]
[09:29:54.054] rive  viewport 240x240 @1x
[09:29:54.100] rive  wrote /Users/ibrar/Desktop/infinora.noworkspace/nestling-pip-v2/design/animations/rive/bolt/frames/s1_sleepy_4.png
[09:29:54.198] rive  compiling 6 markup files as one document: pipstage.rml, shared.rml, stage1.rml, stage2.rml, stage3.rml, stage4.rml
[09:29:54.739] rive  built /Users/ibrar/Desktop/infinora.noworkspace/nestling-pip-v2/tools/rive/bolt/build/pip_bolt.riv (159599 bytes, 545ms, 0 errors, 0 warnings)
[09:29:54.741] rive  data: mood = 3
[09:29:54.741] rive  showing Stage1 [3/5]
[09:29:54.742] rive  viewport 240x240 @1x
[09:29:54.768] rive  wrote /Users/ibrar/Desktop/infinora.noworkspace/nestling-pip-v2/design/animations/rive/bolt/frames/s1_sleepy_5.png
[09:29:54.845] rive  compiling 6 markup files as one document: pipstage.rml, shared.rml, stage1.rml, stage2.rml, stage3.rml, stage4.rml
[09:29:55.374] rive  built /Users/ibrar/Desktop/infinora.noworkspace/nestling-pip-v2/tools/rive/bolt/build/pip_bolt.riv (159599 bytes, 533ms, 0 errors, 0 warnings)
[09:29:55.376] rive  data: mood = 3
[09:29:55.376] rive  showing Stage1 [3/5]
[09:29:55.377] rive  viewport 240x240 @1x
[09:29:55.388] rive  wrote /Users/ibrar/Desktop/infinora.noworkspace/nestling-pip-v2/design/animations/rive/bolt/frames/s1_sleepy_6.png
[09:29:55.461] rive  compiling 6 markup files as one document: pipstage.rml, shared.rml, stage1.rml, stage2.rml, stage3.rml, stage4.rml
[09:29:56.009] rive  built /Users/ibrar/Desktop/infinora.noworkspace/nestling-pip-v2/tools/rive/bolt/build/pip_bolt.riv (159599 bytes, 552ms, 0 errors, 0 warnings)
[09:29:56.012] rive  data: mood = 4
[09:29:56.012] rive  showing Stage1 [3/5]
[09:29:56.012] rive  viewport 240x240 @1x
[09:29:56.054] rive  wrote /Users/ibrar/Desktop/infinora.noworkspace/nestling-pip-v2/design/animations/rive/bolt/frames/s1_surprised_0.png
[09:29:56.146] rive  compiling 6 markup files as one document: pipstage.rml, shared.rml, stage1.rml, stage2.rml, stage3.rml, stage4.rml
[09:29:56.805] rive  built /Users/ibrar/Desktop/infinora.noworkspace/nestling-pip-v2/tools/rive/bolt/build/pip_bolt.riv (159599 bytes, 671ms, 0 errors, 0 warnings)
[09:29:56.809] rive  data: mood = 4
[09:29:56.809] rive  showing Stage1 [3/5]
[09:29:56.809] rive  viewport 240x240 @1x
[09:29:56.868] rive  wrote /Users/ibrar/Desktop/infinora.noworkspace/nestling-pip-v2/design/animations/rive/bolt/frames/s1_surprised_1.png
[09:29:56.976] rive  compiling 6 markup files as one document: pipstage.rml, shared.rml, stage1.rml, stage2.rml, stage3.rml, stage4.rml
[09:29:57.632] rive  built /Users/ibrar/Desktop/infinora.noworkspace/nestling-pip-v2/tools/rive/bolt/build/pip_bolt.riv (159599 bytes, 660ms, 0 errors, 0 warnings)
[09:29:57.634] rive  data: mood = 4
[09:29:57.634] rive  showing Stage1 [3/5]
[09:29:57.634] rive  viewport 240x240 @1x
[09:29:57.671] rive  wrote /Users/ibrar/Desktop/infinora.noworkspace/nestling-pip-v2/design/animations/rive/bolt/frames/s1_surprised_2.png
[09:29:57.795] rive  compiling 6 markup files as one document: pipstage.rml, shared.rml, stage1.rml, stage2.rml, stage3.rml, stage4.rml
[09:29:58.407] rive  built /Users/ibrar/Desktop/infinora.noworkspace/nestling-pip-v2/tools/rive/bolt/build/pip_bolt.riv (159599 bytes, 617ms, 0 errors, 0 warnings)
[09:29:58.409] rive  data: mood = 4
[09:29:58.409] rive  showing Stage1 [3/5]
[09:29:58.410] rive  viewport 240x240 @1x
[09:29:58.443] rive  wrote /Users/ibrar/Desktop/infinora.noworkspace/nestling-pip-v2/design/animations/rive/bolt/frames/s1_surprised_3.png
[09:29:58.541] rive  compiling 6 markup files as one document: pipstage.rml, shared.rml, stage1.rml, stage2.rml, stage3.rml, stage4.rml
[09:29:59.199] rive  built /Users/ibrar/Desktop/infinora.noworkspace/nestling-pip-v2/tools/rive/bolt/build/pip_bolt.riv (159599 bytes, 663ms, 0 errors, 0 warnings)
[09:29:59.201] rive  data: mood = 4
[09:29:59.201] rive  showing Stage1 [3/5]
[09:29:59.201] rive  viewport 240x240 @1x
[09:29:59.221] rive  wrote /Users/ibrar/Desktop/infinora.noworkspace/nestling-pip-v2/design/animations/rive/bolt/frames/s1_surprised_4.png
[09:29:59.319] rive  compiling 6 markup files as one document: pipstage.rml, shared.rml, stage1.rml, stage2.rml, stage3.rml, stage4.rml
[09:30:00.160] rive  built /Users/ibrar/Desktop/infinora.noworkspace/nestling-pip-v2/tools/rive/bolt/build/pip_bolt.riv (159599 bytes, 845ms, 0 errors, 0 warnings)
[09:30:00.165] rive  data: mood = 4
[09:30:00.165] rive  showing Stage1 [3/5]
[09:30:00.165] rive  viewport 240x240 @1x
[09:30:00.194] rive  wrote /Users/ibrar/Desktop/infinora.noworkspace/nestling-pip-v2/design/animations/rive/bolt/frames/s1_surprised_5.png
[09:30:00.293] rive  compiling 6 markup files as one document: pipstage.rml, shared.rml, stage1.rml, stage2.rml, stage3.rml, stage4.rml
[09:30:01.070] rive  built /Users/ibrar/Desktop/infinora.noworkspace/nestling-pip-v2/tools/rive/bolt/build/pip_bolt.riv (159599 bytes, 781ms, 0 errors, 0 warnings)
[09:30:01.075] rive  data: mood = 4
[09:30:01.075] rive  showing Stage1 [3/5]
[09:30:01.075] rive  viewport 240x240 @1x
[09:30:01.101] rive  wrote /Users/ibrar/Desktop/infinora.noworkspace/nestling-pip-v2/design/animations/rive/bolt/frames/s1_surprised_6.png
[09:30:01.207] rive  compiling 6 markup files as one document: pipstage.rml, shared.rml, stage1.rml, stage2.rml, stage3.rml, stage4.rml
[09:30:02.251] rive  built /Users/ibrar/Desktop/infinora.noworkspace/nestling-pip-v2/tools/rive/bolt/build/pip_bolt.riv (159599 bytes, 1050ms, 0 errors, 0 warnings)
[09:30:02.254] rive  data: mood = 5
[09:30:02.254] rive  showing Stage1 [3/5]
[09:30:02.254] rive  viewport 240x240 @1x
[09:30:02.289] rive  wrote /Users/ibrar/Desktop/infinora.noworkspace/nestling-pip-v2/design/animations/rive/bolt/frames/s1_proud_0.png
[09:30:02.456] rive  compiling 6 markup files as one document: pipstage.rml, shared.rml, stage1.rml, stage2.rml, stage3.rml, stage4.rml
[09:30:03.039] rive  built /Users/ibrar/Desktop/infinora.noworkspace/nestling-pip-v2/tools/rive/bolt/build/pip_bolt.riv (159599 bytes, 607ms, 0 errors, 0 warnings)
[09:30:03.042] rive  data: mood = 5
[09:30:03.042] rive  showing Stage1 [3/5]
[09:30:03.042] rive  viewport 240x240 @1x
[09:30:03.054] rive  wrote /Users/ibrar/Desktop/infinora.noworkspace/nestling-pip-v2/design/animations/rive/bolt/frames/s1_proud_1.png
[09:30:03.139] rive  compiling 6 markup files as one document: pipstage.rml, shared.rml, stage1.rml, stage2.rml, stage3.rml, stage4.rml
[09:30:03.876] rive  built /Users/ibrar/Desktop/infinora.noworkspace/nestling-pip-v2/tools/rive/bolt/build/pip_bolt.riv (159599 bytes, 741ms, 0 errors, 0 warnings)
[09:30:03.879] rive  data: mood = 5
[09:30:03.879] rive  showing Stage1 [3/5]
[09:30:03.879] rive  viewport 240x240 @1x
[09:30:03.906] rive  wrote /Users/ibrar/Desktop/infinora.noworkspace/nestling-pip-v2/design/animations/rive/bolt/frames/s1_proud_2.png
[09:30:04.024] rive  compiling 6 markup files as one document: pipstage.rml, shared.rml, stage1.rml, stage2.rml, stage3.rml, stage4.rml
[09:30:04.673] rive  built /Users/ibrar/Desktop/infinora.noworkspace/nestling-pip-v2/tools/rive/bolt/build/pip_bolt.riv (159599 bytes, 655ms, 0 errors, 0 warnings)
[09:30:04.675] rive  data: mood = 5
[09:30:04.675] rive  showing Stage1 [3/5]
[09:30:04.675] rive  viewport 240x240 @1x
[09:30:04.721] rive  wrote /Users/ibrar/Desktop/infinora.noworkspace/nestling-pip-v2/design/animations/rive/bolt/frames/s1_proud_3.png
[09:30:04.813] rive  compiling 6 markup files as one document: pipstage.rml, shared.rml, stage1.rml, stage2.rml, stage3.rml, stage4.rml
[09:30:05.438] rive  built /Users/ibrar/Desktop/infinora.noworkspace/nestling-pip-v2/tools/rive/bolt/build/pip_bolt.riv (159599 bytes, 630ms, 0 errors, 0 warnings)
[09:30:05.443] rive  data: mood = 5
[09:30:05.443] rive  showing Stage1 [3/5]
[09:30:05.444] rive  viewport 240x240 @1x
[09:30:05.462] rive  wrote /Users/ibrar/Desktop/infinora.noworkspace/nestling-pip-v2/design/animations/rive/bolt/frames/s1_proud_4.png
[09:30:05.546] rive  compiling 6 markup files as one document: pipstage.rml, shared.rml, stage1.rml, stage2.rml, stage3.rml, stage4.rml
[09:30:06.133] rive  built /Users/ibrar/Desktop/infinora.noworkspace/nestling-pip-v2/tools/rive/bolt/build/pip_bolt.riv (159599 bytes, 592ms, 0 errors, 0 warnings)
[09:30:06.136] rive  data: mood = 5
[09:30:06.136] rive  showing Stage1 [3/5]
[09:30:06.136] rive  viewport 240x240 @1x
[09:30:06.148] rive  wrote /Users/ibrar/Desktop/infinora.noworkspace/nestling-pip-v2/design/animations/rive/bolt/frames/s1_proud_5.png
[09:30:06.225] rive  compiling 6 markup files as one document: pipstage.rml, shared.rml, stage1.rml, stage2.rml, stage3.rml, stage4.rml
[09:30:06.825] rive  built /Users/ibrar/Desktop/infinora.noworkspace/nestling-pip-v2/tools/rive/bolt/build/pip_bolt.riv (159599 bytes, 603ms, 0 errors, 0 warnings)
[09:30:06.827] rive  data: mood = 5
[09:30:06.827] rive  showing Stage1 [3/5]
[09:30:06.827] rive  viewport 240x240 @1x
[09:30:06.839] rive  wrote /Users/ibrar/Desktop/infinora.noworkspace/nestling-pip-v2/design/animations/rive/bolt/frames/s1_proud_6.png
[09:30:06.916] rive  compiling 6 markup files as one document: pipstage.rml, shared.rml, stage1.rml, stage2.rml, stage3.rml, stage4.rml
[09:30:07.473] rive  built /Users/ibrar/Desktop/infinora.noworkspace/nestling-pip-v2/tools/rive/bolt/build/pip_bolt.riv (159599 bytes, 562ms, 0 errors, 0 warnings)
[09:30:07.476] rive  data: evolve = 1
[09:30:07.476] rive  showing Stage1 [3/5]
[09:30:07.476] rive  viewport 240x240 @1x
[09:30:07.491] rive  wrote /Users/ibrar/Desktop/infinora.noworkspace/nestling-pip-v2/design/animations/rive/bolt/frames/s1_evolve_0.png
[09:30:07.584] rive  compiling 6 markup files as one document: pipstage.rml, shared.rml, stage1.rml, stage2.rml, stage3.rml, stage4.rml
[09:30:08.208] rive  built /Users/ibrar/Desktop/infinora.noworkspace/nestling-pip-v2/tools/rive/bolt/build/pip_bolt.riv (159599 bytes, 628ms, 0 errors, 0 warnings)
[09:30:08.210] rive  data: evolve = 1
[09:30:08.210] rive  showing Stage1 [3/5]
[09:30:08.210] rive  viewport 240x240 @1x
[09:30:08.221] rive  wrote /Users/ibrar/Desktop/infinora.noworkspace/nestling-pip-v2/design/animations/rive/bolt/frames/s1_evolve_1.png
[09:30:08.302] rive  compiling 6 markup files as one document: pipstage.rml, shared.rml, stage1.rml, stage2.rml, stage3.rml, stage4.rml
[09:30:08.867] rive  built /Users/ibrar/Desktop/infinora.noworkspace/nestling-pip-v2/tools/rive/bolt/build/pip_bolt.riv (159599 bytes, 569ms, 0 errors, 0 warnings)
[09:30:08.869] rive  data: evolve = 1
[09:30:08.869] rive  showing Stage1 [3/5]
[09:30:08.869] rive  viewport 240x240 @1x
[09:30:08.882] rive  wrote /Users/ibrar/Desktop/infinora.noworkspace/nestling-pip-v2/design/animations/rive/bolt/frames/s1_evolve_2.png
[09:30:08.968] rive  compiling 6 markup files as one document: pipstage.rml, shared.rml, stage1.rml, stage2.rml, stage3.rml, stage4.rml
[09:30:09.522] rive  built /Users/ibrar/Desktop/infinora.noworkspace/nestling-pip-v2/tools/rive/bolt/build/pip_bolt.riv (159599 bytes, 558ms, 0 errors, 0 warnings)
[09:30:09.524] rive  data: evolve = 1
[09:30:09.524] rive  showing Stage1 [3/5]
[09:30:09.525] rive  viewport 240x240 @1x
[09:30:09.536] rive  wrote /Users/ibrar/Desktop/infinora.noworkspace/nestling-pip-v2/design/animations/rive/bolt/frames/s1_evolve_3.png
[09:30:09.617] rive  compiling 6 markup files as one document: pipstage.rml, shared.rml, stage1.rml, stage2.rml, stage3.rml, stage4.rml
[09:30:10.165] rive  built /Users/ibrar/Desktop/infinora.noworkspace/nestling-pip-v2/tools/rive/bolt/build/pip_bolt.riv (159599 bytes, 552ms, 0 errors, 0 warnings)
[09:30:10.167] rive  data: evolve = 1
[09:30:10.167] rive  showing Stage1 [3/5]
[09:30:10.168] rive  viewport 240x240 @1x
[09:30:10.179] rive  wrote /Users/ibrar/Desktop/infinora.noworkspace/nestling-pip-v2/design/animations/rive/bolt/frames/s1_evolve_4.png
[09:30:10.256] rive  compiling 6 markup files as one document: pipstage.rml, shared.rml, stage1.rml, stage2.rml, stage3.rml, stage4.rml
[09:30:10.802] rive  built /Users/ibrar/Desktop/infinora.noworkspace/nestling-pip-v2/tools/rive/bolt/build/pip_bolt.riv (159599 bytes, 550ms, 0 errors, 0 warnings)
[09:30:10.804] rive  data: evolve = 1
[09:30:10.804] rive  showing Stage1 [3/5]
[09:30:10.805] rive  viewport 240x240 @1x
[09:30:10.815] rive  wrote /Users/ibrar/Desktop/infinora.noworkspace/nestling-pip-v2/design/animations/rive/bolt/frames/s1_evolve_5.png
[09:30:10.899] rive  compiling 6 markup files as one document: pipstage.rml, shared.rml, stage1.rml, stage2.rml, stage3.rml, stage4.rml
[09:30:11.452] rive  built /Users/ibrar/Desktop/infinora.noworkspace/nestling-pip-v2/tools/rive/bolt/build/pip_bolt.riv (159599 bytes, 556ms, 0 errors, 0 warnings)
[09:30:11.454] rive  data: evolve = 1
[09:30:11.454] rive  showing Stage1 [3/5]
[09:30:11.454] rive  viewport 240x240 @1x
[09:30:11.465] rive  wrote /Users/ibrar/Desktop/infinora.noworkspace/nestling-pip-v2/design/animations/rive/bolt/frames/s1_evolve_6.png
[09:30:11.540] rive  compiling 6 markup files as one document: pipstage.rml, shared.rml, stage1.rml, stage2.rml, stage3.rml, stage4.rml
[09:30:12.319] rive  built /Users/ibrar/Desktop/infinora.noworkspace/nestling-pip-v2/tools/rive/bolt/build/pip_bolt.riv (159599 bytes, 783ms, 0 errors, 0 warnings)
[09:30:12.323] rive  data: mood = 0
[09:30:12.323] rive  showing Stage2 [4/5]
[09:30:12.323] rive  viewport 240x240 @1x
[09:30:12.335] rive  wrote /Users/ibrar/Desktop/infinora.noworkspace/nestling-pip-v2/design/animations/rive/bolt/frames/s2_idle_0.png
[09:30:12.416] rive  compiling 6 markup files as one document: pipstage.rml, shared.rml, stage1.rml, stage2.rml, stage3.rml, stage4.rml
[09:30:13.023] rive  built /Users/ibrar/Desktop/infinora.noworkspace/nestling-pip-v2/tools/rive/bolt/build/pip_bolt.riv (159599 bytes, 611ms, 0 errors, 0 warnings)
[09:30:13.026] rive  data: mood = 0
[09:30:13.026] rive  showing Stage2 [4/5]
[09:30:13.026] rive  viewport 240x240 @1x
[09:30:13.036] rive  wrote /Users/ibrar/Desktop/infinora.noworkspace/nestling-pip-v2/design/animations/rive/bolt/frames/s2_idle_1.png
[09:30:13.110] rive  compiling 6 markup files as one document: pipstage.rml, shared.rml, stage1.rml, stage2.rml, stage3.rml, stage4.rml
[09:30:13.636] rive  built /Users/ibrar/Desktop/infinora.noworkspace/nestling-pip-v2/tools/rive/bolt/build/pip_bolt.riv (159599 bytes, 529ms, 0 errors, 0 warnings)
[09:30:13.638] rive  data: mood = 0
[09:30:13.638] rive  showing Stage2 [4/5]
[09:30:13.638] rive  viewport 240x240 @1x
[09:30:13.648] rive  wrote /Users/ibrar/Desktop/infinora.noworkspace/nestling-pip-v2/design/animations/rive/bolt/frames/s2_idle_2.png
[09:30:13.724] rive  compiling 6 markup files as one document: pipstage.rml, shared.rml, stage1.rml, stage2.rml, stage3.rml, stage4.rml
[09:30:14.265] rive  built /Users/ibrar/Desktop/infinora.noworkspace/nestling-pip-v2/tools/rive/bolt/build/pip_bolt.riv (159599 bytes, 544ms, 0 errors, 0 warnings)
[09:30:14.267] rive  data: mood = 0
[09:30:14.267] rive  showing Stage2 [4/5]
[09:30:14.268] rive  viewport 240x240 @1x
[09:30:14.278] rive  wrote /Users/ibrar/Desktop/infinora.noworkspace/nestling-pip-v2/design/animations/rive/bolt/frames/s2_idle_3.png
[09:30:14.349] rive  compiling 6 markup files as one document: pipstage.rml, shared.rml, stage1.rml, stage2.rml, stage3.rml, stage4.rml
[09:30:14.853] rive  built /Users/ibrar/Desktop/infinora.noworkspace/nestling-pip-v2/tools/rive/bolt/build/pip_bolt.riv (159599 bytes, 507ms, 0 errors, 0 warnings)
[09:30:14.855] rive  data: mood = 0
[09:30:14.855] rive  showing Stage2 [4/5]
[09:30:14.856] rive  viewport 240x240 @1x
[09:30:14.865] rive  wrote /Users/ibrar/Desktop/infinora.noworkspace/nestling-pip-v2/design/animations/rive/bolt/frames/s2_idle_4.png
[09:30:14.931] rive  compiling 6 markup files as one document: pipstage.rml, shared.rml, stage1.rml, stage2.rml, stage3.rml, stage4.rml
[09:30:15.436] rive  built /Users/ibrar/Desktop/infinora.noworkspace/nestling-pip-v2/tools/rive/bolt/build/pip_bolt.riv (159599 bytes, 508ms, 0 errors, 0 warnings)
[09:30:15.438] rive  data: mood = 0
[09:30:15.438] rive  showing Stage2 [4/5]
[09:30:15.439] rive  viewport 240x240 @1x
[09:30:15.449] rive  wrote /Users/ibrar/Desktop/infinora.noworkspace/nestling-pip-v2/design/animations/rive/bolt/frames/s2_idle_5.png
[09:30:15.514] rive  compiling 6 markup files as one document: pipstage.rml, shared.rml, stage1.rml, stage2.rml, stage3.rml, stage4.rml
[09:30:16.014] rive  built /Users/ibrar/Desktop/infinora.noworkspace/nestling-pip-v2/tools/rive/bolt/build/pip_bolt.riv (159599 bytes, 504ms, 0 errors, 0 warnings)
[09:30:16.016] rive  data: mood = 0
[09:30:16.016] rive  showing Stage2 [4/5]
[09:30:16.017] rive  viewport 240x240 @1x
[09:30:16.027] rive  wrote /Users/ibrar/Desktop/infinora.noworkspace/nestling-pip-v2/design/animations/rive/bolt/frames/s2_idle_6.png
[09:30:16.097] rive  compiling 6 markup files as one document: pipstage.rml, shared.rml, stage1.rml, stage2.rml, stage3.rml, stage4.rml
[09:30:16.601] rive  built /Users/ibrar/Desktop/infinora.noworkspace/nestling-pip-v2/tools/rive/bolt/build/pip_bolt.riv (159599 bytes, 507ms, 0 errors, 0 warnings)
[09:30:16.603] rive  data: mood = 1
[09:30:16.603] rive  showing Stage2 [4/5]
[09:30:16.603] rive  viewport 240x240 @1x
[09:30:16.612] rive  wrote /Users/ibrar/Desktop/infinora.noworkspace/nestling-pip-v2/design/animations/rive/bolt/frames/s2_happy_0.png
[09:30:16.679] rive  compiling 6 markup files as one document: pipstage.rml, shared.rml, stage1.rml, stage2.rml, stage3.rml, stage4.rml
[09:30:17.183] rive  built /Users/ibrar/Desktop/infinora.noworkspace/nestling-pip-v2/tools/rive/bolt/build/pip_bolt.riv (159599 bytes, 508ms, 0 errors, 0 warnings)
[09:30:17.185] rive  data: mood = 1
[09:30:17.185] rive  showing Stage2 [4/5]
[09:30:17.185] rive  viewport 240x240 @1x
[09:30:17.195] rive  wrote /Users/ibrar/Desktop/infinora.noworkspace/nestling-pip-v2/design/animations/rive/bolt/frames/s2_happy_1.png
[09:30:17.263] rive  compiling 6 markup files as one document: pipstage.rml, shared.rml, stage1.rml, stage2.rml, stage3.rml, stage4.rml
[09:30:17.769] rive  built /Users/ibrar/Desktop/infinora.noworkspace/nestling-pip-v2/tools/rive/bolt/build/pip_bolt.riv (159599 bytes, 509ms, 0 errors, 0 warnings)
[09:30:17.771] rive  data: mood = 1
[09:30:17.771] rive  showing Stage2 [4/5]
[09:30:17.771] rive  viewport 240x240 @1x
[09:30:17.781] rive  wrote /Users/ibrar/Desktop/infinora.noworkspace/nestling-pip-v2/design/animations/rive/bolt/frames/s2_happy_2.png
[09:30:17.847] rive  compiling 6 markup files as one document: pipstage.rml, shared.rml, stage1.rml, stage2.rml, stage3.rml, stage4.rml
[09:30:18.353] rive  built /Users/ibrar/Desktop/infinora.noworkspace/nestling-pip-v2/tools/rive/bolt/build/pip_bolt.riv (159599 bytes, 509ms, 0 errors, 0 warnings)
[09:30:18.355] rive  data: mood = 1
[09:30:18.355] rive  showing Stage2 [4/5]
[09:30:18.355] rive  viewport 240x240 @1x
[09:30:18.365] rive  wrote /Users/ibrar/Desktop/infinora.noworkspace/nestling-pip-v2/design/animations/rive/bolt/frames/s2_happy_3.png
[09:30:18.437] rive  compiling 6 markup files as one document: pipstage.rml, shared.rml, stage1.rml, stage2.rml, stage3.rml, stage4.rml
[09:30:18.949] rive  built /Users/ibrar/Desktop/infinora.noworkspace/nestling-pip-v2/tools/rive/bolt/build/pip_bolt.riv (159599 bytes, 516ms, 0 errors, 0 warnings)
[09:30:18.952] rive  data: mood = 1
[09:30:18.952] rive  showing Stage2 [4/5]
[09:30:18.952] rive  viewport 240x240 @1x
[09:30:18.961] rive  wrote /Users/ibrar/Desktop/infinora.noworkspace/nestling-pip-v2/design/animations/rive/bolt/frames/s2_happy_4.png
[09:30:19.031] rive  compiling 6 markup files as one document: pipstage.rml, shared.rml, stage1.rml, stage2.rml, stage3.rml, stage4.rml
[09:30:19.535] rive  built /Users/ibrar/Desktop/infinora.noworkspace/nestling-pip-v2/tools/rive/bolt/build/pip_bolt.riv (159599 bytes, 507ms, 0 errors, 0 warnings)
[09:30:19.538] rive  data: mood = 1
[09:30:19.538] rive  showing Stage2 [4/5]
[09:30:19.538] rive  viewport 240x240 @1x
[09:30:19.548] rive  wrote /Users/ibrar/Desktop/infinora.noworkspace/nestling-pip-v2/design/animations/rive/bolt/frames/s2_happy_5.png
[09:30:19.614] rive  compiling 6 markup files as one document: pipstage.rml, shared.rml, stage1.rml, stage2.rml, stage3.rml, stage4.rml
[09:30:20.115] rive  built /Users/ibrar/Desktop/infinora.noworkspace/nestling-pip-v2/tools/rive/bolt/build/pip_bolt.riv (159599 bytes, 505ms, 0 errors, 0 warnings)
[09:30:20.118] rive  data: mood = 1
[09:30:20.118] rive  showing Stage2 [4/5]
[09:30:20.118] rive  viewport 240x240 @1x
[09:30:20.128] rive  wrote /Users/ibrar/Desktop/infinora.noworkspace/nestling-pip-v2/design/animations/rive/bolt/frames/s2_happy_6.png
[09:30:20.197] rive  compiling 6 markup files as one document: pipstage.rml, shared.rml, stage1.rml, stage2.rml, stage3.rml, stage4.rml
[09:30:20.702] rive  built /Users/ibrar/Desktop/infinora.noworkspace/nestling-pip-v2/tools/rive/bolt/build/pip_bolt.riv (159599 bytes, 508ms, 0 errors, 0 warnings)
[09:30:20.704] rive  data: mood = 2
[09:30:20.704] rive  showing Stage2 [4/5]
[09:30:20.704] rive  viewport 240x240 @1x
[09:30:20.713] rive  wrote /Users/ibrar/Desktop/infinora.noworkspace/nestling-pip-v2/design/animations/rive/bolt/frames/s2_eating_0.png
[09:30:20.781] rive  compiling 6 markup files as one document: pipstage.rml, shared.rml, stage1.rml, stage2.rml, stage3.rml, stage4.rml
[09:30:21.281] rive  built /Users/ibrar/Desktop/infinora.noworkspace/nestling-pip-v2/tools/rive/bolt/build/pip_bolt.riv (159599 bytes, 503ms, 0 errors, 0 warnings)
[09:30:21.283] rive  data: mood = 2
[09:30:21.283] rive  showing Stage2 [4/5]
[09:30:21.283] rive  viewport 240x240 @1x
[09:30:21.293] rive  wrote /Users/ibrar/Desktop/infinora.noworkspace/nestling-pip-v2/design/animations/rive/bolt/frames/s2_eating_1.png
[09:30:21.361] rive  compiling 6 markup files as one document: pipstage.rml, shared.rml, stage1.rml, stage2.rml, stage3.rml, stage4.rml
[09:30:21.861] rive  built /Users/ibrar/Desktop/infinora.noworkspace/nestling-pip-v2/tools/rive/bolt/build/pip_bolt.riv (159599 bytes, 503ms, 0 errors, 0 warnings)
[09:30:21.864] rive  data: mood = 2
[09:30:21.864] rive  showing Stage2 [4/5]
[09:30:21.864] rive  viewport 240x240 @1x
[09:30:21.874] rive  wrote /Users/ibrar/Desktop/infinora.noworkspace/nestling-pip-v2/design/animations/rive/bolt/frames/s2_eating_2.png
[09:30:21.941] rive  compiling 6 markup files as one document: pipstage.rml, shared.rml, stage1.rml, stage2.rml, stage3.rml, stage4.rml
[09:30:22.441] rive  built /Users/ibrar/Desktop/infinora.noworkspace/nestling-pip-v2/tools/rive/bolt/build/pip_bolt.riv (159599 bytes, 504ms, 0 errors, 0 warnings)
[09:30:22.443] rive  data: mood = 2
[09:30:22.444] rive  showing Stage2 [4/5]
[09:30:22.444] rive  viewport 240x240 @1x
[09:30:22.453] rive  wrote /Users/ibrar/Desktop/infinora.noworkspace/nestling-pip-v2/design/animations/rive/bolt/frames/s2_eating_3.png
[09:30:22.520] rive  compiling 6 markup files as one document: pipstage.rml, shared.rml, stage1.rml, stage2.rml, stage3.rml, stage4.rml
[09:30:23.022] rive  built /Users/ibrar/Desktop/infinora.noworkspace/nestling-pip-v2/tools/rive/bolt/build/pip_bolt.riv (159599 bytes, 506ms, 0 errors, 0 warnings)
[09:30:23.024] rive  data: mood = 2
[09:30:23.024] rive  showing Stage2 [4/5]
[09:30:23.025] rive  viewport 240x240 @1x
[09:30:23.035] rive  wrote /Users/ibrar/Desktop/infinora.noworkspace/nestling-pip-v2/design/animations/rive/bolt/frames/s2_eating_4.png
[09:30:23.104] rive  compiling 6 markup files as one document: pipstage.rml, shared.rml, stage1.rml, stage2.rml, stage3.rml, stage4.rml
[09:30:23.607] rive  built /Users/ibrar/Desktop/infinora.noworkspace/nestling-pip-v2/tools/rive/bolt/build/pip_bolt.riv (159599 bytes, 506ms, 0 errors, 0 warnings)
[09:30:23.609] rive  data: mood = 2
[09:30:23.609] rive  showing Stage2 [4/5]
[09:30:23.610] rive  viewport 240x240 @1x
[09:30:23.619] rive  wrote /Users/ibrar/Desktop/infinora.noworkspace/nestling-pip-v2/design/animations/rive/bolt/frames/s2_eating_5.png
[09:30:23.694] rive  compiling 6 markup files as one document: pipstage.rml, shared.rml, stage1.rml, stage2.rml, stage3.rml, stage4.rml
[09:30:24.197] rive  built /Users/ibrar/Desktop/infinora.noworkspace/nestling-pip-v2/tools/rive/bolt/build/pip_bolt.riv (159599 bytes, 513ms, 0 errors, 0 warnings)
[09:30:24.199] rive  data: mood = 2
[09:30:24.199] rive  showing Stage2 [4/5]
[09:30:24.200] rive  viewport 240x240 @1x
[09:30:24.209] rive  wrote /Users/ibrar/Desktop/infinora.noworkspace/nestling-pip-v2/design/animations/rive/bolt/frames/s2_eating_6.png
[09:30:24.278] rive  compiling 6 markup files as one document: pipstage.rml, shared.rml, stage1.rml, stage2.rml, stage3.rml, stage4.rml
[09:30:24.782] rive  built /Users/ibrar/Desktop/infinora.noworkspace/nestling-pip-v2/tools/rive/bolt/build/pip_bolt.riv (159599 bytes, 508ms, 0 errors, 0 warnings)
[09:30:24.785] rive  data: mood = 3
[09:30:24.785] rive  showing Stage2 [4/5]
[09:30:24.785] rive  viewport 240x240 @1x
[09:30:24.794] rive  wrote /Users/ibrar/Desktop/infinora.noworkspace/nestling-pip-v2/design/animations/rive/bolt/frames/s2_sleepy_0.png
[09:30:24.864] rive  compiling 6 markup files as one document: pipstage.rml, shared.rml, stage1.rml, stage2.rml, stage3.rml, stage4.rml
[09:30:25.364] rive  built /Users/ibrar/Desktop/infinora.noworkspace/nestling-pip-v2/tools/rive/bolt/build/pip_bolt.riv (159599 bytes, 504ms, 0 errors, 0 warnings)
[09:30:25.366] rive  data: mood = 3
[09:30:25.366] rive  showing Stage2 [4/5]
[09:30:25.367] rive  viewport 240x240 @1x
[09:30:25.376] rive  wrote /Users/ibrar/Desktop/infinora.noworkspace/nestling-pip-v2/design/animations/rive/bolt/frames/s2_sleepy_1.png
[09:30:25.444] rive  compiling 6 markup files as one document: pipstage.rml, shared.rml, stage1.rml, stage2.rml, stage3.rml, stage4.rml
[09:30:25.952] rive  built /Users/ibrar/Desktop/infinora.noworkspace/nestling-pip-v2/tools/rive/bolt/build/pip_bolt.riv (159599 bytes, 512ms, 0 errors, 0 warnings)
[09:30:25.954] rive  data: mood = 3
[09:30:25.954] rive  showing Stage2 [4/5]
[09:30:25.955] rive  viewport 240x240 @1x
[09:30:25.964] rive  wrote /Users/ibrar/Desktop/infinora.noworkspace/nestling-pip-v2/design/animations/rive/bolt/frames/s2_sleepy_2.png
[09:30:26.031] rive  compiling 6 markup files as one document: pipstage.rml, shared.rml, stage1.rml, stage2.rml, stage3.rml, stage4.rml
[09:30:26.533] rive  built /Users/ibrar/Desktop/infinora.noworkspace/nestling-pip-v2/tools/rive/bolt/build/pip_bolt.riv (159599 bytes, 505ms, 0 errors, 0 warnings)
[09:30:26.535] rive  data: mood = 3
[09:30:26.535] rive  showing Stage2 [4/5]
[09:30:26.535] rive  viewport 240x240 @1x
[09:30:26.545] rive  wrote /Users/ibrar/Desktop/infinora.noworkspace/nestling-pip-v2/design/animations/rive/bolt/frames/s2_sleepy_3.png
[09:30:26.611] rive  compiling 6 markup files as one document: pipstage.rml, shared.rml, stage1.rml, stage2.rml, stage3.rml, stage4.rml
[09:30:27.126] rive  built /Users/ibrar/Desktop/infinora.noworkspace/nestling-pip-v2/tools/rive/bolt/build/pip_bolt.riv (159599 bytes, 519ms, 0 errors, 0 warnings)
[09:30:27.129] rive  data: mood = 3
[09:30:27.129] rive  showing Stage2 [4/5]
[09:30:27.129] rive  viewport 240x240 @1x
[09:30:27.139] rive  wrote /Users/ibrar/Desktop/infinora.noworkspace/nestling-pip-v2/design/animations/rive/bolt/frames/s2_sleepy_4.png
[09:30:27.212] rive  compiling 6 markup files as one document: pipstage.rml, shared.rml, stage1.rml, stage2.rml, stage3.rml, stage4.rml
[09:30:27.717] rive  built /Users/ibrar/Desktop/infinora.noworkspace/nestling-pip-v2/tools/rive/bolt/build/pip_bolt.riv (159599 bytes, 509ms, 0 errors, 0 warnings)
[09:30:27.719] rive  data: mood = 3
[09:30:27.719] rive  showing Stage2 [4/5]
[09:30:27.720] rive  viewport 240x240 @1x
[09:30:27.730] rive  wrote /Users/ibrar/Desktop/infinora.noworkspace/nestling-pip-v2/design/animations/rive/bolt/frames/s2_sleepy_5.png
[09:30:27.804] rive  compiling 6 markup files as one document: pipstage.rml, shared.rml, stage1.rml, stage2.rml, stage3.rml, stage4.rml
[09:30:28.302] rive  built /Users/ibrar/Desktop/infinora.noworkspace/nestling-pip-v2/tools/rive/bolt/build/pip_bolt.riv (159599 bytes, 502ms, 0 errors, 0 warnings)
[09:30:28.304] rive  data: mood = 3
[09:30:28.304] rive  showing Stage2 [4/5]
[09:30:28.305] rive  viewport 240x240 @1x
[09:30:28.315] rive  wrote /Users/ibrar/Desktop/infinora.noworkspace/nestling-pip-v2/design/animations/rive/bolt/frames/s2_sleepy_6.png
[09:30:28.383] rive  compiling 6 markup files as one document: pipstage.rml, shared.rml, stage1.rml, stage2.rml, stage3.rml, stage4.rml
[09:30:28.887] rive  built /Users/ibrar/Desktop/infinora.noworkspace/nestling-pip-v2/tools/rive/bolt/build/pip_bolt.riv (159599 bytes, 509ms, 0 errors, 0 warnings)
[09:30:28.890] rive  data: mood = 4
[09:30:28.890] rive  showing Stage2 [4/5]
[09:30:28.890] rive  viewport 240x240 @1x
[09:30:28.899] rive  wrote /Users/ibrar/Desktop/infinora.noworkspace/nestling-pip-v2/design/animations/rive/bolt/frames/s2_surprised_0.png
[09:30:28.968] rive  compiling 6 markup files as one document: pipstage.rml, shared.rml, stage1.rml, stage2.rml, stage3.rml, stage4.rml
[09:30:29.493] rive  built /Users/ibrar/Desktop/infinora.noworkspace/nestling-pip-v2/tools/rive/bolt/build/pip_bolt.riv (159599 bytes, 528ms, 0 errors, 0 warnings)
[09:30:29.495] rive  data: mood = 4
[09:30:29.495] rive  showing Stage2 [4/5]
[09:30:29.495] rive  viewport 240x240 @1x
[09:30:29.505] rive  wrote /Users/ibrar/Desktop/infinora.noworkspace/nestling-pip-v2/design/animations/rive/bolt/frames/s2_surprised_1.png
[09:30:29.572] rive  compiling 6 markup files as one document: pipstage.rml, shared.rml, stage1.rml, stage2.rml, stage3.rml, stage4.rml
[09:30:30.079] rive  built /Users/ibrar/Desktop/infinora.noworkspace/nestling-pip-v2/tools/rive/bolt/build/pip_bolt.riv (159599 bytes, 511ms, 0 errors, 0 warnings)
[09:30:30.081] rive  data: mood = 4
[09:30:30.081] rive  showing Stage2 [4/5]
[09:30:30.081] rive  viewport 240x240 @1x
[09:30:30.091] rive  wrote /Users/ibrar/Desktop/infinora.noworkspace/nestling-pip-v2/design/animations/rive/bolt/frames/s2_surprised_2.png
[09:30:30.158] rive  compiling 6 markup files as one document: pipstage.rml, shared.rml, stage1.rml, stage2.rml, stage3.rml, stage4.rml
[09:30:30.676] rive  built /Users/ibrar/Desktop/infinora.noworkspace/nestling-pip-v2/tools/rive/bolt/build/pip_bolt.riv (159599 bytes, 522ms, 0 errors, 0 warnings)
[09:30:30.679] rive  data: mood = 4
[09:30:30.679] rive  showing Stage2 [4/5]
[09:30:30.679] rive  viewport 240x240 @1x
[09:30:30.689] rive  wrote /Users/ibrar/Desktop/infinora.noworkspace/nestling-pip-v2/design/animations/rive/bolt/frames/s2_surprised_3.png
[09:30:30.766] rive  compiling 6 markup files as one document: pipstage.rml, shared.rml, stage1.rml, stage2.rml, stage3.rml, stage4.rml
[09:30:31.282] rive  built /Users/ibrar/Desktop/infinora.noworkspace/nestling-pip-v2/tools/rive/bolt/build/pip_bolt.riv (159599 bytes, 520ms, 0 errors, 0 warnings)
[09:30:31.284] rive  data: mood = 4
[09:30:31.284] rive  showing Stage2 [4/5]
[09:30:31.285] rive  viewport 240x240 @1x
[09:30:31.295] rive  wrote /Users/ibrar/Desktop/infinora.noworkspace/nestling-pip-v2/design/animations/rive/bolt/frames/s2_surprised_4.png
[09:30:31.367] rive  compiling 6 markup files as one document: pipstage.rml, shared.rml, stage1.rml, stage2.rml, stage3.rml, stage4.rml
[09:30:31.888] rive  built /Users/ibrar/Desktop/infinora.noworkspace/nestling-pip-v2/tools/rive/bolt/build/pip_bolt.riv (159599 bytes, 525ms, 0 errors, 0 warnings)
[09:30:31.890] rive  data: mood = 4
[09:30:31.890] rive  showing Stage2 [4/5]
[09:30:31.890] rive  viewport 240x240 @1x
[09:30:31.900] rive  wrote /Users/ibrar/Desktop/infinora.noworkspace/nestling-pip-v2/design/animations/rive/bolt/frames/s2_surprised_5.png
[09:30:31.974] rive  compiling 6 markup files as one document: pipstage.rml, shared.rml, stage1.rml, stage2.rml, stage3.rml, stage4.rml
[09:30:32.527] rive  built /Users/ibrar/Desktop/infinora.noworkspace/nestling-pip-v2/tools/rive/bolt/build/pip_bolt.riv (159599 bytes, 556ms, 0 errors, 0 warnings)
[09:30:32.529] rive  data: mood = 4
[09:30:32.529] rive  showing Stage2 [4/5]
[09:30:32.529] rive  viewport 240x240 @1x
[09:30:32.539] rive  wrote /Users/ibrar/Desktop/infinora.noworkspace/nestling-pip-v2/design/animations/rive/bolt/frames/s2_surprised_6.png
[09:30:32.614] rive  compiling 6 markup files as one document: pipstage.rml, shared.rml, stage1.rml, stage2.rml, stage3.rml, stage4.rml
[09:30:33.154] rive  built /Users/ibrar/Desktop/infinora.noworkspace/nestling-pip-v2/tools/rive/bolt/build/pip_bolt.riv (159599 bytes, 543ms, 0 errors, 0 warnings)
[09:30:33.156] rive  data: mood = 5
[09:30:33.156] rive  showing Stage2 [4/5]
[09:30:33.156] rive  viewport 240x240 @1x
[09:30:33.168] rive  wrote /Users/ibrar/Desktop/infinora.noworkspace/nestling-pip-v2/design/animations/rive/bolt/frames/s2_proud_0.png
[09:30:33.264] rive  compiling 6 markup files as one document: pipstage.rml, shared.rml, stage1.rml, stage2.rml, stage3.rml, stage4.rml
[09:30:33.860] rive  built /Users/ibrar/Desktop/infinora.noworkspace/nestling-pip-v2/tools/rive/bolt/build/pip_bolt.riv (159599 bytes, 602ms, 0 errors, 0 warnings)
[09:30:33.863] rive  data: mood = 5
[09:30:33.863] rive  showing Stage2 [4/5]
[09:30:33.863] rive  viewport 240x240 @1x
[09:30:33.874] rive  wrote /Users/ibrar/Desktop/infinora.noworkspace/nestling-pip-v2/design/animations/rive/bolt/frames/s2_proud_1.png
[09:30:33.959] rive  compiling 6 markup files as one document: pipstage.rml, shared.rml, stage1.rml, stage2.rml, stage3.rml, stage4.rml
[09:30:34.713] rive  built /Users/ibrar/Desktop/infinora.noworkspace/nestling-pip-v2/tools/rive/bolt/build/pip_bolt.riv (159599 bytes, 760ms, 0 errors, 0 warnings)
[09:30:34.716] rive  data: mood = 5
[09:30:34.716] rive  showing Stage2 [4/5]
[09:30:34.717] rive  viewport 240x240 @1x
[09:30:34.733] rive  wrote /Users/ibrar/Desktop/infinora.noworkspace/nestling-pip-v2/design/animations/rive/bolt/frames/s2_proud_2.png
[09:30:34.824] rive  compiling 6 markup files as one document: pipstage.rml, shared.rml, stage1.rml, stage2.rml, stage3.rml, stage4.rml
[09:30:35.334] rive  built /Users/ibrar/Desktop/infinora.noworkspace/nestling-pip-v2/tools/rive/bolt/build/pip_bolt.riv (159599 bytes, 513ms, 0 errors, 0 warnings)
[09:30:35.336] rive  data: mood = 5
[09:30:35.336] rive  showing Stage2 [4/5]
[09:30:35.336] rive  viewport 240x240 @1x
[09:30:35.349] rive  wrote /Users/ibrar/Desktop/infinora.noworkspace/nestling-pip-v2/design/animations/rive/bolt/frames/s2_proud_3.png
[09:30:35.421] rive  compiling 6 markup files as one document: pipstage.rml, shared.rml, stage1.rml, stage2.rml, stage3.rml, stage4.rml
[09:30:35.928] rive  built /Users/ibrar/Desktop/infinora.noworkspace/nestling-pip-v2/tools/rive/bolt/build/pip_bolt.riv (159599 bytes, 510ms, 0 errors, 0 warnings)
[09:30:35.930] rive  data: mood = 5
[09:30:35.930] rive  showing Stage2 [4/5]
[09:30:35.930] rive  viewport 240x240 @1x
[09:30:35.940] rive  wrote /Users/ibrar/Desktop/infinora.noworkspace/nestling-pip-v2/design/animations/rive/bolt/frames/s2_proud_4.png
[09:30:36.019] rive  compiling 6 markup files as one document: pipstage.rml, shared.rml, stage1.rml, stage2.rml, stage3.rml, stage4.rml
[09:30:36.517] rive  built /Users/ibrar/Desktop/infinora.noworkspace/nestling-pip-v2/tools/rive/bolt/build/pip_bolt.riv (159599 bytes, 502ms, 0 errors, 0 warnings)
[09:30:36.519] rive  data: mood = 5
[09:30:36.519] rive  showing Stage2 [4/5]
[09:30:36.520] rive  viewport 240x240 @1x
[09:30:36.530] rive  wrote /Users/ibrar/Desktop/infinora.noworkspace/nestling-pip-v2/design/animations/rive/bolt/frames/s2_proud_5.png
[09:30:36.601] rive  compiling 6 markup files as one document: pipstage.rml, shared.rml, stage1.rml, stage2.rml, stage3.rml, stage4.rml
[09:30:37.105] rive  built /Users/ibrar/Desktop/infinora.noworkspace/nestling-pip-v2/tools/rive/bolt/build/pip_bolt.riv (159599 bytes, 507ms, 0 errors, 0 warnings)
[09:30:37.107] rive  data: mood = 5
[09:30:37.107] rive  showing Stage2 [4/5]
[09:30:37.107] rive  viewport 240x240 @1x
[09:30:37.118] rive  wrote /Users/ibrar/Desktop/infinora.noworkspace/nestling-pip-v2/design/animations/rive/bolt/frames/s2_proud_6.png
[09:30:37.186] rive  compiling 6 markup files as one document: pipstage.rml, shared.rml, stage1.rml, stage2.rml, stage3.rml, stage4.rml
[09:30:37.699] rive  built /Users/ibrar/Desktop/infinora.noworkspace/nestling-pip-v2/tools/rive/bolt/build/pip_bolt.riv (159599 bytes, 516ms, 0 errors, 0 warnings)
[09:30:37.701] rive  data: evolve = 1
[09:30:37.701] rive  showing Stage2 [4/5]
[09:30:37.701] rive  viewport 240x240 @1x
[09:30:37.713] rive  wrote /Users/ibrar/Desktop/infinora.noworkspace/nestling-pip-v2/design/animations/rive/bolt/frames/s2_evolve_0.png
[09:30:37.783] rive  compiling 6 markup files as one document: pipstage.rml, shared.rml, stage1.rml, stage2.rml, stage3.rml, stage4.rml
[09:30:38.285] rive  built /Users/ibrar/Desktop/infinora.noworkspace/nestling-pip-v2/tools/rive/bolt/build/pip_bolt.riv (159599 bytes, 506ms, 0 errors, 0 warnings)
[09:30:38.287] rive  data: evolve = 1
[09:30:38.287] rive  showing Stage2 [4/5]
[09:30:38.288] rive  viewport 240x240 @1x
[09:30:38.298] rive  wrote /Users/ibrar/Desktop/infinora.noworkspace/nestling-pip-v2/design/animations/rive/bolt/frames/s2_evolve_1.png
[09:30:38.366] rive  compiling 6 markup files as one document: pipstage.rml, shared.rml, stage1.rml, stage2.rml, stage3.rml, stage4.rml
[09:30:38.881] rive  built /Users/ibrar/Desktop/infinora.noworkspace/nestling-pip-v2/tools/rive/bolt/build/pip_bolt.riv (159599 bytes, 519ms, 0 errors, 0 warnings)
[09:30:38.883] rive  data: evolve = 1
[09:30:38.883] rive  showing Stage2 [4/5]
[09:30:38.883] rive  viewport 240x240 @1x
[09:30:38.894] rive  wrote /Users/ibrar/Desktop/infinora.noworkspace/nestling-pip-v2/design/animations/rive/bolt/frames/s2_evolve_2.png
[09:30:38.963] rive  compiling 6 markup files as one document: pipstage.rml, shared.rml, stage1.rml, stage2.rml, stage3.rml, stage4.rml
[09:30:39.550] rive  built /Users/ibrar/Desktop/infinora.noworkspace/nestling-pip-v2/tools/rive/bolt/build/pip_bolt.riv (159599 bytes, 591ms, 0 errors, 0 warnings)
[09:30:39.553] rive  data: evolve = 1
[09:30:39.553] rive  showing Stage2 [4/5]
[09:30:39.553] rive  viewport 240x240 @1x
[09:30:39.565] rive  wrote /Users/ibrar/Desktop/infinora.noworkspace/nestling-pip-v2/design/animations/rive/bolt/frames/s2_evolve_3.png
[09:30:39.636] rive  compiling 6 markup files as one document: pipstage.rml, shared.rml, stage1.rml, stage2.rml, stage3.rml, stage4.rml
[09:30:40.172] rive  built /Users/ibrar/Desktop/infinora.noworkspace/nestling-pip-v2/tools/rive/bolt/build/pip_bolt.riv (159599 bytes, 540ms, 0 errors, 0 warnings)
[09:30:40.175] rive  data: evolve = 1
[09:30:40.175] rive  showing Stage2 [4/5]
[09:30:40.175] rive  viewport 240x240 @1x
[09:30:40.187] rive  wrote /Users/ibrar/Desktop/infinora.noworkspace/nestling-pip-v2/design/animations/rive/bolt/frames/s2_evolve_4.png
[09:30:40.261] rive  compiling 6 markup files as one document: pipstage.rml, shared.rml, stage1.rml, stage2.rml, stage3.rml, stage4.rml
[09:30:40.776] rive  built /Users/ibrar/Desktop/infinora.noworkspace/nestling-pip-v2/tools/rive/bolt/build/pip_bolt.riv (159599 bytes, 520ms, 0 errors, 0 warnings)
[09:30:40.778] rive  data: evolve = 1
[09:30:40.778] rive  showing Stage2 [4/5]
[09:30:40.778] rive  viewport 240x240 @1x
[09:30:40.788] rive  wrote /Users/ibrar/Desktop/infinora.noworkspace/nestling-pip-v2/design/animations/rive/bolt/frames/s2_evolve_5.png
[09:30:40.859] rive  compiling 6 markup files as one document: pipstage.rml, shared.rml, stage1.rml, stage2.rml, stage3.rml, stage4.rml
[09:30:41.373] rive  built /Users/ibrar/Desktop/infinora.noworkspace/nestling-pip-v2/tools/rive/bolt/build/pip_bolt.riv (159599 bytes, 518ms, 0 errors, 0 warnings)
[09:30:41.375] rive  data: evolve = 1
[09:30:41.376] rive  showing Stage2 [4/5]
[09:30:41.376] rive  viewport 240x240 @1x
[09:30:41.387] rive  wrote /Users/ibrar/Desktop/infinora.noworkspace/nestling-pip-v2/design/animations/rive/bolt/frames/s2_evolve_6.png
[09:30:41.460] rive  compiling 6 markup files as one document: pipstage.rml, shared.rml, stage1.rml, stage2.rml, stage3.rml, stage4.rml
[09:30:41.967] rive  built /Users/ibrar/Desktop/infinora.noworkspace/nestling-pip-v2/tools/rive/bolt/build/pip_bolt.riv (159599 bytes, 510ms, 0 errors, 0 warnings)
[09:30:41.969] rive  data: mood = 0
[09:30:41.969] rive  showing Stage3 [1/5]
[09:30:41.969] rive  viewport 240x240 @1x
[09:30:41.980] rive  wrote /Users/ibrar/Desktop/infinora.noworkspace/nestling-pip-v2/design/animations/rive/bolt/frames/s3_idle_0.png
[09:30:42.050] rive  compiling 6 markup files as one document: pipstage.rml, shared.rml, stage1.rml, stage2.rml, stage3.rml, stage4.rml
[09:30:42.563] rive  built /Users/ibrar/Desktop/infinora.noworkspace/nestling-pip-v2/tools/rive/bolt/build/pip_bolt.riv (159599 bytes, 517ms, 0 errors, 0 warnings)
[09:30:42.565] rive  data: mood = 0
[09:30:42.565] rive  showing Stage3 [1/5]
[09:30:42.565] rive  viewport 240x240 @1x
[09:30:42.576] rive  wrote /Users/ibrar/Desktop/infinora.noworkspace/nestling-pip-v2/design/animations/rive/bolt/frames/s3_idle_1.png
[09:30:42.646] rive  compiling 6 markup files as one document: pipstage.rml, shared.rml, stage1.rml, stage2.rml, stage3.rml, stage4.rml
[09:30:43.146] rive  built /Users/ibrar/Desktop/infinora.noworkspace/nestling-pip-v2/tools/rive/bolt/build/pip_bolt.riv (159599 bytes, 503ms, 0 errors, 0 warnings)
[09:30:43.148] rive  data: mood = 0
[09:30:43.148] rive  showing Stage3 [1/5]
[09:30:43.149] rive  viewport 240x240 @1x
[09:30:43.159] rive  wrote /Users/ibrar/Desktop/infinora.noworkspace/nestling-pip-v2/design/animations/rive/bolt/frames/s3_idle_2.png
[09:30:43.226] rive  compiling 6 markup files as one document: pipstage.rml, shared.rml, stage1.rml, stage2.rml, stage3.rml, stage4.rml
[09:30:43.739] rive  built /Users/ibrar/Desktop/infinora.noworkspace/nestling-pip-v2/tools/rive/bolt/build/pip_bolt.riv (159599 bytes, 516ms, 0 errors, 0 warnings)
[09:30:43.741] rive  data: mood = 0
[09:30:43.741] rive  showing Stage3 [1/5]
[09:30:43.741] rive  viewport 240x240 @1x
[09:30:43.752] rive  wrote /Users/ibrar/Desktop/infinora.noworkspace/nestling-pip-v2/design/animations/rive/bolt/frames/s3_idle_3.png
[09:30:43.820] rive  compiling 6 markup files as one document: pipstage.rml, shared.rml, stage1.rml, stage2.rml, stage3.rml, stage4.rml
[09:30:44.344] rive  built /Users/ibrar/Desktop/infinora.noworkspace/nestling-pip-v2/tools/rive/bolt/build/pip_bolt.riv (159599 bytes, 527ms, 0 errors, 0 warnings)
[09:30:44.346] rive  data: mood = 0
[09:30:44.346] rive  showing Stage3 [1/5]
[09:30:44.347] rive  viewport 240x240 @1x
[09:30:44.360] rive  wrote /Users/ibrar/Desktop/infinora.noworkspace/nestling-pip-v2/design/animations/rive/bolt/frames/s3_idle_4.png
[09:30:44.448] rive  compiling 6 markup files as one document: pipstage.rml, shared.rml, stage1.rml, stage2.rml, stage3.rml, stage4.rml
[09:30:45.225] rive  built /Users/ibrar/Desktop/infinora.noworkspace/nestling-pip-v2/tools/rive/bolt/build/pip_bolt.riv (159599 bytes, 781ms, 0 errors, 0 warnings)
[09:30:45.229] rive  data: mood = 0
[09:30:45.230] rive  showing Stage3 [1/5]
[09:30:45.230] rive  viewport 240x240 @1x
[09:30:45.264] rive  wrote /Users/ibrar/Desktop/infinora.noworkspace/nestling-pip-v2/design/animations/rive/bolt/frames/s3_idle_5.png
[09:30:45.428] rive  compiling 6 markup files as one document: pipstage.rml, shared.rml, stage1.rml, stage2.rml, stage3.rml, stage4.rml
[09:30:45.975] rive  built /Users/ibrar/Desktop/infinora.noworkspace/nestling-pip-v2/tools/rive/bolt/build/pip_bolt.riv (159599 bytes, 553ms, 0 errors, 0 warnings)
[09:30:45.977] rive  data: mood = 0
[09:30:45.977] rive  showing Stage3 [1/5]
[09:30:45.978] rive  viewport 240x240 @1x
[09:30:45.989] rive  wrote /Users/ibrar/Desktop/infinora.noworkspace/nestling-pip-v2/design/animations/rive/bolt/frames/s3_idle_6.png
[09:30:46.062] rive  compiling 6 markup files as one document: pipstage.rml, shared.rml, stage1.rml, stage2.rml, stage3.rml, stage4.rml
[09:30:46.616] rive  built /Users/ibrar/Desktop/infinora.noworkspace/nestling-pip-v2/tools/rive/bolt/build/pip_bolt.riv (159599 bytes, 558ms, 0 errors, 0 warnings)
[09:30:46.619] rive  data: mood = 1
[09:30:46.619] rive  showing Stage3 [1/5]
[09:30:46.619] rive  viewport 240x240 @1x
[09:30:46.629] rive  wrote /Users/ibrar/Desktop/infinora.noworkspace/nestling-pip-v2/design/animations/rive/bolt/frames/s3_happy_0.png
[09:30:46.699] rive  compiling 6 markup files as one document: pipstage.rml, shared.rml, stage1.rml, stage2.rml, stage3.rml, stage4.rml
[09:30:47.210] rive  built /Users/ibrar/Desktop/infinora.noworkspace/nestling-pip-v2/tools/rive/bolt/build/pip_bolt.riv (159599 bytes, 515ms, 0 errors, 0 warnings)
[09:30:47.212] rive  data: mood = 1
[09:30:47.212] rive  showing Stage3 [1/5]
[09:30:47.212] rive  viewport 240x240 @1x
[09:30:47.223] rive  wrote /Users/ibrar/Desktop/infinora.noworkspace/nestling-pip-v2/design/animations/rive/bolt/frames/s3_happy_1.png
[09:30:47.296] rive  compiling 6 markup files as one document: pipstage.rml, shared.rml, stage1.rml, stage2.rml, stage3.rml, stage4.rml
[09:30:47.812] rive  built /Users/ibrar/Desktop/infinora.noworkspace/nestling-pip-v2/tools/rive/bolt/build/pip_bolt.riv (159599 bytes, 520ms, 0 errors, 0 warnings)
[09:30:47.815] rive  data: mood = 1
[09:30:47.815] rive  showing Stage3 [1/5]
[09:30:47.815] rive  viewport 240x240 @1x
[09:30:47.825] rive  wrote /Users/ibrar/Desktop/infinora.noworkspace/nestling-pip-v2/design/animations/rive/bolt/frames/s3_happy_2.png
[09:30:47.904] rive  compiling 6 markup files as one document: pipstage.rml, shared.rml, stage1.rml, stage2.rml, stage3.rml, stage4.rml
[09:30:48.425] rive  built /Users/ibrar/Desktop/infinora.noworkspace/nestling-pip-v2/tools/rive/bolt/build/pip_bolt.riv (159599 bytes, 524ms, 0 errors, 0 warnings)
[09:30:48.427] rive  data: mood = 1
[09:30:48.427] rive  showing Stage3 [1/5]
[09:30:48.427] rive  viewport 240x240 @1x
[09:30:48.438] rive  wrote /Users/ibrar/Desktop/infinora.noworkspace/nestling-pip-v2/design/animations/rive/bolt/frames/s3_happy_3.png
[09:30:48.511] rive  compiling 6 markup files as one document: pipstage.rml, shared.rml, stage1.rml, stage2.rml, stage3.rml, stage4.rml
[09:30:49.030] rive  built /Users/ibrar/Desktop/infinora.noworkspace/nestling-pip-v2/tools/rive/bolt/build/pip_bolt.riv (159599 bytes, 522ms, 0 errors, 0 warnings)
[09:30:49.032] rive  data: mood = 1
[09:30:49.032] rive  showing Stage3 [1/5]
[09:30:49.032] rive  viewport 240x240 @1x
[09:30:49.042] rive  wrote /Users/ibrar/Desktop/infinora.noworkspace/nestling-pip-v2/design/animations/rive/bolt/frames/s3_happy_4.png
[09:30:49.116] rive  compiling 6 markup files as one document: pipstage.rml, shared.rml, stage1.rml, stage2.rml, stage3.rml, stage4.rml
[09:30:49.623] rive  built /Users/ibrar/Desktop/infinora.noworkspace/nestling-pip-v2/tools/rive/bolt/build/pip_bolt.riv (159599 bytes, 511ms, 0 errors, 0 warnings)
[09:30:49.626] rive  data: mood = 1
[09:30:49.626] rive  showing Stage3 [1/5]
[09:30:49.626] rive  viewport 240x240 @1x
[09:30:49.637] rive  wrote /Users/ibrar/Desktop/infinora.noworkspace/nestling-pip-v2/design/animations/rive/bolt/frames/s3_happy_5.png
[09:30:49.710] rive  compiling 6 markup files as one document: pipstage.rml, shared.rml, stage1.rml, stage2.rml, stage3.rml, stage4.rml
[09:30:50.248] rive  built /Users/ibrar/Desktop/infinora.noworkspace/nestling-pip-v2/tools/rive/bolt/build/pip_bolt.riv (159599 bytes, 541ms, 0 errors, 0 warnings)
[09:30:50.250] rive  data: mood = 1
[09:30:50.250] rive  showing Stage3 [1/5]
[09:30:50.251] rive  viewport 240x240 @1x
[09:30:50.261] rive  wrote /Users/ibrar/Desktop/infinora.noworkspace/nestling-pip-v2/design/animations/rive/bolt/frames/s3_happy_6.png
[09:30:50.334] rive  compiling 6 markup files as one document: pipstage.rml, shared.rml, stage1.rml, stage2.rml, stage3.rml, stage4.rml
[09:30:50.875] rive  built /Users/ibrar/Desktop/infinora.noworkspace/nestling-pip-v2/tools/rive/bolt/build/pip_bolt.riv (159599 bytes, 545ms, 0 errors, 0 warnings)
[09:30:50.877] rive  data: mood = 2
[09:30:50.877] rive  showing Stage3 [1/5]
[09:30:50.877] rive  viewport 240x240 @1x
[09:30:50.889] rive  wrote /Users/ibrar/Desktop/infinora.noworkspace/nestling-pip-v2/design/animations/rive/bolt/frames/s3_eating_0.png
[09:30:50.969] rive  compiling 6 markup files as one document: pipstage.rml, shared.rml, stage1.rml, stage2.rml, stage3.rml, stage4.rml
[09:30:51.516] rive  built /Users/ibrar/Desktop/infinora.noworkspace/nestling-pip-v2/tools/rive/bolt/build/pip_bolt.riv (159599 bytes, 552ms, 0 errors, 0 warnings)
[09:30:51.518] rive  data: mood = 2
[09:30:51.518] rive  showing Stage3 [1/5]
[09:30:51.518] rive  viewport 240x240 @1x
[09:30:51.529] rive  wrote /Users/ibrar/Desktop/infinora.noworkspace/nestling-pip-v2/design/animations/rive/bolt/frames/s3_eating_1.png
[09:30:51.613] rive  compiling 6 markup files as one document: pipstage.rml, shared.rml, stage1.rml, stage2.rml, stage3.rml, stage4.rml
[09:30:52.127] rive  built /Users/ibrar/Desktop/infinora.noworkspace/nestling-pip-v2/tools/rive/bolt/build/pip_bolt.riv (159599 bytes, 518ms, 0 errors, 0 warnings)
[09:30:52.129] rive  data: mood = 2
[09:30:52.129] rive  showing Stage3 [1/5]
[09:30:52.129] rive  viewport 240x240 @1x
[09:30:52.140] rive  wrote /Users/ibrar/Desktop/infinora.noworkspace/nestling-pip-v2/design/animations/rive/bolt/frames/s3_eating_2.png
[09:30:52.212] rive  compiling 6 markup files as one document: pipstage.rml, shared.rml, stage1.rml, stage2.rml, stage3.rml, stage4.rml
[09:30:52.721] rive  built /Users/ibrar/Desktop/infinora.noworkspace/nestling-pip-v2/tools/rive/bolt/build/pip_bolt.riv (159599 bytes, 513ms, 0 errors, 0 warnings)
[09:30:52.723] rive  data: mood = 2
[09:30:52.723] rive  showing Stage3 [1/5]
[09:30:52.723] rive  viewport 240x240 @1x
[09:30:52.733] rive  wrote /Users/ibrar/Desktop/infinora.noworkspace/nestling-pip-v2/design/animations/rive/bolt/frames/s3_eating_3.png
[09:30:52.810] rive  compiling 6 markup files as one document: pipstage.rml, shared.rml, stage1.rml, stage2.rml, stage3.rml, stage4.rml
[09:30:53.316] rive  built /Users/ibrar/Desktop/infinora.noworkspace/nestling-pip-v2/tools/rive/bolt/build/pip_bolt.riv (159599 bytes, 509ms, 0 errors, 0 warnings)
[09:30:53.318] rive  data: mood = 2
[09:30:53.318] rive  showing Stage3 [1/5]
[09:30:53.318] rive  viewport 240x240 @1x
[09:30:53.328] rive  wrote /Users/ibrar/Desktop/infinora.noworkspace/nestling-pip-v2/design/animations/rive/bolt/frames/s3_eating_4.png
[09:30:53.404] rive  compiling 6 markup files as one document: pipstage.rml, shared.rml, stage1.rml, stage2.rml, stage3.rml, stage4.rml
[09:30:53.907] rive  built /Users/ibrar/Desktop/infinora.noworkspace/nestling-pip-v2/tools/rive/bolt/build/pip_bolt.riv (159599 bytes, 507ms, 0 errors, 0 warnings)
[09:30:53.909] rive  data: mood = 2
[09:30:53.909] rive  showing Stage3 [1/5]
[09:30:53.910] rive  viewport 240x240 @1x
[09:30:53.920] rive  wrote /Users/ibrar/Desktop/infinora.noworkspace/nestling-pip-v2/design/animations/rive/bolt/frames/s3_eating_5.png
[09:30:53.986] rive  compiling 6 markup files as one document: pipstage.rml, shared.rml, stage1.rml, stage2.rml, stage3.rml, stage4.rml
[09:30:54.602] rive  built /Users/ibrar/Desktop/infinora.noworkspace/nestling-pip-v2/tools/rive/bolt/build/pip_bolt.riv (159599 bytes, 620ms, 0 errors, 0 warnings)
[09:30:54.604] rive  data: mood = 2
[09:30:54.604] rive  showing Stage3 [1/5]
[09:30:54.604] rive  viewport 240x240 @1x
[09:30:54.616] rive  wrote /Users/ibrar/Desktop/infinora.noworkspace/nestling-pip-v2/design/animations/rive/bolt/frames/s3_eating_6.png
[09:30:54.685] rive  compiling 6 markup files as one document: pipstage.rml, shared.rml, stage1.rml, stage2.rml, stage3.rml, stage4.rml
[09:30:55.190] rive  built /Users/ibrar/Desktop/infinora.noworkspace/nestling-pip-v2/tools/rive/bolt/build/pip_bolt.riv (159599 bytes, 509ms, 0 errors, 0 warnings)
[09:30:55.192] rive  data: mood = 3
[09:30:55.193] rive  showing Stage3 [1/5]
[09:30:55.193] rive  viewport 240x240 @1x
[09:30:55.203] rive  wrote /Users/ibrar/Desktop/infinora.noworkspace/nestling-pip-v2/design/animations/rive/bolt/frames/s3_sleepy_0.png
[09:30:55.274] rive  compiling 6 markup files as one document: pipstage.rml, shared.rml, stage1.rml, stage2.rml, stage3.rml, stage4.rml
[09:30:55.780] rive  built /Users/ibrar/Desktop/infinora.noworkspace/nestling-pip-v2/tools/rive/bolt/build/pip_bolt.riv (159599 bytes, 509ms, 0 errors, 0 warnings)
[09:30:55.782] rive  data: mood = 3
[09:30:55.783] rive  showing Stage3 [1/5]
[09:30:55.783] rive  viewport 240x240 @1x
[09:30:55.793] rive  wrote /Users/ibrar/Desktop/infinora.noworkspace/nestling-pip-v2/design/animations/rive/bolt/frames/s3_sleepy_1.png
[09:30:55.867] rive  compiling 6 markup files as one document: pipstage.rml, shared.rml, stage1.rml, stage2.rml, stage3.rml, stage4.rml
[09:30:56.386] rive  built /Users/ibrar/Desktop/infinora.noworkspace/nestling-pip-v2/tools/rive/bolt/build/pip_bolt.riv (159599 bytes, 522ms, 0 errors, 0 warnings)
[09:30:56.388] rive  data: mood = 3
[09:30:56.388] rive  showing Stage3 [1/5]
[09:30:56.388] rive  viewport 240x240 @1x
[09:30:56.398] rive  wrote /Users/ibrar/Desktop/infinora.noworkspace/nestling-pip-v2/design/animations/rive/bolt/frames/s3_sleepy_2.png
[09:30:56.468] rive  compiling 6 markup files as one document: pipstage.rml, shared.rml, stage1.rml, stage2.rml, stage3.rml, stage4.rml
[09:30:56.977] rive  built /Users/ibrar/Desktop/infinora.noworkspace/nestling-pip-v2/tools/rive/bolt/build/pip_bolt.riv (159599 bytes, 513ms, 0 errors, 0 warnings)
[09:30:56.981] rive  data: mood = 3
[09:30:56.981] rive  showing Stage3 [1/5]
[09:30:56.982] rive  viewport 240x240 @1x
[09:30:56.992] rive  wrote /Users/ibrar/Desktop/infinora.noworkspace/nestling-pip-v2/design/animations/rive/bolt/frames/s3_sleepy_3.png
[09:30:57.061] rive  compiling 6 markup files as one document: pipstage.rml, shared.rml, stage1.rml, stage2.rml, stage3.rml, stage4.rml
[09:30:57.572] rive  built /Users/ibrar/Desktop/infinora.noworkspace/nestling-pip-v2/tools/rive/bolt/build/pip_bolt.riv (159599 bytes, 514ms, 0 errors, 0 warnings)
[09:30:57.574] rive  data: mood = 3
[09:30:57.574] rive  showing Stage3 [1/5]
[09:30:57.575] rive  viewport 240x240 @1x
[09:30:57.585] rive  wrote /Users/ibrar/Desktop/infinora.noworkspace/nestling-pip-v2/design/animations/rive/bolt/frames/s3_sleepy_4.png
[09:30:57.651] rive  compiling 6 markup files as one document: pipstage.rml, shared.rml, stage1.rml, stage2.rml, stage3.rml, stage4.rml
[09:30:58.166] rive  built /Users/ibrar/Desktop/infinora.noworkspace/nestling-pip-v2/tools/rive/bolt/build/pip_bolt.riv (159599 bytes, 518ms, 0 errors, 0 warnings)
[09:30:58.168] rive  data: mood = 3
[09:30:58.169] rive  showing Stage3 [1/5]
[09:30:58.169] rive  viewport 240x240 @1x
[09:30:58.182] rive  wrote /Users/ibrar/Desktop/infinora.noworkspace/nestling-pip-v2/design/animations/rive/bolt/frames/s3_sleepy_5.png
[09:30:58.253] rive  compiling 6 markup files as one document: pipstage.rml, shared.rml, stage1.rml, stage2.rml, stage3.rml, stage4.rml
[09:30:58.758] rive  built /Users/ibrar/Desktop/infinora.noworkspace/nestling-pip-v2/tools/rive/bolt/build/pip_bolt.riv (159599 bytes, 510ms, 0 errors, 0 warnings)
[09:30:58.761] rive  data: mood = 3
[09:30:58.761] rive  showing Stage3 [1/5]
[09:30:58.762] rive  viewport 240x240 @1x
[09:30:58.772] rive  wrote /Users/ibrar/Desktop/infinora.noworkspace/nestling-pip-v2/design/animations/rive/bolt/frames/s3_sleepy_6.png
[09:30:58.844] rive  compiling 6 markup files as one document: pipstage.rml, shared.rml, stage1.rml, stage2.rml, stage3.rml, stage4.rml
[09:30:59.347] rive  built /Users/ibrar/Desktop/infinora.noworkspace/nestling-pip-v2/tools/rive/bolt/build/pip_bolt.riv (159599 bytes, 508ms, 0 errors, 0 warnings)
[09:30:59.350] rive  data: mood = 4
[09:30:59.350] rive  showing Stage3 [1/5]
[09:30:59.350] rive  viewport 240x240 @1x
[09:30:59.361] rive  wrote /Users/ibrar/Desktop/infinora.noworkspace/nestling-pip-v2/design/animations/rive/bolt/frames/s3_surprised_0.png
[09:30:59.434] rive  compiling 6 markup files as one document: pipstage.rml, shared.rml, stage1.rml, stage2.rml, stage3.rml, stage4.rml
[09:30:59.963] rive  built /Users/ibrar/Desktop/infinora.noworkspace/nestling-pip-v2/tools/rive/bolt/build/pip_bolt.riv (159599 bytes, 533ms, 0 errors, 0 warnings)
[09:30:59.965] rive  data: mood = 4
[09:30:59.966] rive  showing Stage3 [1/5]
[09:30:59.966] rive  viewport 240x240 @1x
[09:30:59.978] rive  wrote /Users/ibrar/Desktop/infinora.noworkspace/nestling-pip-v2/design/animations/rive/bolt/frames/s3_surprised_1.png
[09:31:00.053] rive  compiling 6 markup files as one document: pipstage.rml, shared.rml, stage1.rml, stage2.rml, stage3.rml, stage4.rml
[09:31:00.565] rive  built /Users/ibrar/Desktop/infinora.noworkspace/nestling-pip-v2/tools/rive/bolt/build/pip_bolt.riv (159599 bytes, 515ms, 0 errors, 0 warnings)
[09:31:00.567] rive  data: mood = 4
[09:31:00.567] rive  showing Stage3 [1/5]
[09:31:00.567] rive  viewport 240x240 @1x
[09:31:00.578] rive  wrote /Users/ibrar/Desktop/infinora.noworkspace/nestling-pip-v2/design/animations/rive/bolt/frames/s3_surprised_2.png
[09:31:00.645] rive  compiling 6 markup files as one document: pipstage.rml, shared.rml, stage1.rml, stage2.rml, stage3.rml, stage4.rml
[09:31:01.147] rive  built /Users/ibrar/Desktop/infinora.noworkspace/nestling-pip-v2/tools/rive/bolt/build/pip_bolt.riv (159599 bytes, 505ms, 0 errors, 0 warnings)
[09:31:01.149] rive  data: mood = 4
[09:31:01.149] rive  showing Stage3 [1/5]
[09:31:01.149] rive  viewport 240x240 @1x
[09:31:01.159] rive  wrote /Users/ibrar/Desktop/infinora.noworkspace/nestling-pip-v2/design/animations/rive/bolt/frames/s3_surprised_3.png
[09:31:01.234] rive  compiling 6 markup files as one document: pipstage.rml, shared.rml, stage1.rml, stage2.rml, stage3.rml, stage4.rml
[09:31:01.743] rive  built /Users/ibrar/Desktop/infinora.noworkspace/nestling-pip-v2/tools/rive/bolt/build/pip_bolt.riv (159599 bytes, 512ms, 0 errors, 0 warnings)
[09:31:01.745] rive  data: mood = 4
[09:31:01.745] rive  showing Stage3 [1/5]
[09:31:01.745] rive  viewport 240x240 @1x
[09:31:01.756] rive  wrote /Users/ibrar/Desktop/infinora.noworkspace/nestling-pip-v2/design/animations/rive/bolt/frames/s3_surprised_4.png
[09:31:01.825] rive  compiling 6 markup files as one document: pipstage.rml, shared.rml, stage1.rml, stage2.rml, stage3.rml, stage4.rml
[09:31:02.330] rive  built /Users/ibrar/Desktop/infinora.noworkspace/nestling-pip-v2/tools/rive/bolt/build/pip_bolt.riv (159599 bytes, 508ms, 0 errors, 0 warnings)
[09:31:02.332] rive  data: mood = 4
[09:31:02.332] rive  showing Stage3 [1/5]
[09:31:02.333] rive  viewport 240x240 @1x
[09:31:02.343] rive  wrote /Users/ibrar/Desktop/infinora.noworkspace/nestling-pip-v2/design/animations/rive/bolt/frames/s3_surprised_5.png
[09:31:02.409] rive  compiling 6 markup files as one document: pipstage.rml, shared.rml, stage1.rml, stage2.rml, stage3.rml, stage4.rml
[09:31:02.911] rive  built /Users/ibrar/Desktop/infinora.noworkspace/nestling-pip-v2/tools/rive/bolt/build/pip_bolt.riv (159599 bytes, 505ms, 0 errors, 0 warnings)
[09:31:02.913] rive  data: mood = 4
[09:31:02.913] rive  showing Stage3 [1/5]
[09:31:02.914] rive  viewport 240x240 @1x
[09:31:02.924] rive  wrote /Users/ibrar/Desktop/infinora.noworkspace/nestling-pip-v2/design/animations/rive/bolt/frames/s3_surprised_6.png
[09:31:02.994] rive  compiling 6 markup files as one document: pipstage.rml, shared.rml, stage1.rml, stage2.rml, stage3.rml, stage4.rml
[09:31:03.497] rive  built /Users/ibrar/Desktop/infinora.noworkspace/nestling-pip-v2/tools/rive/bolt/build/pip_bolt.riv (159599 bytes, 506ms, 0 errors, 0 warnings)
[09:31:03.499] rive  data: mood = 5
[09:31:03.499] rive  showing Stage3 [1/5]
[09:31:03.499] rive  viewport 240x240 @1x
[09:31:03.510] rive  wrote /Users/ibrar/Desktop/infinora.noworkspace/nestling-pip-v2/design/animations/rive/bolt/frames/s3_proud_0.png
[09:31:03.577] rive  compiling 6 markup files as one document: pipstage.rml, shared.rml, stage1.rml, stage2.rml, stage3.rml, stage4.rml
[09:31:04.082] rive  built /Users/ibrar/Desktop/infinora.noworkspace/nestling-pip-v2/tools/rive/bolt/build/pip_bolt.riv (159599 bytes, 508ms, 0 errors, 0 warnings)
[09:31:04.084] rive  data: mood = 5
[09:31:04.084] rive  showing Stage3 [1/5]
[09:31:04.084] rive  viewport 240x240 @1x
[09:31:04.095] rive  wrote /Users/ibrar/Desktop/infinora.noworkspace/nestling-pip-v2/design/animations/rive/bolt/frames/s3_proud_1.png
[09:31:04.167] rive  compiling 6 markup files as one document: pipstage.rml, shared.rml, stage1.rml, stage2.rml, stage3.rml, stage4.rml
[09:31:04.670] rive  built /Users/ibrar/Desktop/infinora.noworkspace/nestling-pip-v2/tools/rive/bolt/build/pip_bolt.riv (159599 bytes, 507ms, 0 errors, 0 warnings)
[09:31:04.672] rive  data: mood = 5
[09:31:04.672] rive  showing Stage3 [1/5]
[09:31:04.672] rive  viewport 240x240 @1x
[09:31:04.682] rive  wrote /Users/ibrar/Desktop/infinora.noworkspace/nestling-pip-v2/design/animations/rive/bolt/frames/s3_proud_2.png
[09:31:04.752] rive  compiling 6 markup files as one document: pipstage.rml, shared.rml, stage1.rml, stage2.rml, stage3.rml, stage4.rml
[09:31:05.271] rive  built /Users/ibrar/Desktop/infinora.noworkspace/nestling-pip-v2/tools/rive/bolt/build/pip_bolt.riv (159599 bytes, 523ms, 0 errors, 0 warnings)
[09:31:05.273] rive  data: mood = 5
[09:31:05.273] rive  showing Stage3 [1/5]
[09:31:05.274] rive  viewport 240x240 @1x
[09:31:05.285] rive  wrote /Users/ibrar/Desktop/infinora.noworkspace/nestling-pip-v2/design/animations/rive/bolt/frames/s3_proud_3.png
[09:31:05.352] rive  compiling 6 markup files as one document: pipstage.rml, shared.rml, stage1.rml, stage2.rml, stage3.rml, stage4.rml
[09:31:05.856] rive  built /Users/ibrar/Desktop/infinora.noworkspace/nestling-pip-v2/tools/rive/bolt/build/pip_bolt.riv (159599 bytes, 507ms, 0 errors, 0 warnings)
[09:31:05.858] rive  data: mood = 5
[09:31:05.858] rive  showing Stage3 [1/5]
[09:31:05.858] rive  viewport 240x240 @1x
[09:31:05.868] rive  wrote /Users/ibrar/Desktop/infinora.noworkspace/nestling-pip-v2/design/animations/rive/bolt/frames/s3_proud_4.png
[09:31:05.940] rive  compiling 6 markup files as one document: pipstage.rml, shared.rml, stage1.rml, stage2.rml, stage3.rml, stage4.rml
[09:31:06.438] rive  built /Users/ibrar/Desktop/infinora.noworkspace/nestling-pip-v2/tools/rive/bolt/build/pip_bolt.riv (159599 bytes, 501ms, 0 errors, 0 warnings)
[09:31:06.440] rive  data: mood = 5
[09:31:06.440] rive  showing Stage3 [1/5]
[09:31:06.440] rive  viewport 240x240 @1x
[09:31:06.451] rive  wrote /Users/ibrar/Desktop/infinora.noworkspace/nestling-pip-v2/design/animations/rive/bolt/frames/s3_proud_5.png
[09:31:06.517] rive  compiling 6 markup files as one document: pipstage.rml, shared.rml, stage1.rml, stage2.rml, stage3.rml, stage4.rml
[09:31:07.019] rive  built /Users/ibrar/Desktop/infinora.noworkspace/nestling-pip-v2/tools/rive/bolt/build/pip_bolt.riv (159599 bytes, 505ms, 0 errors, 0 warnings)
[09:31:07.021] rive  data: mood = 5
[09:31:07.021] rive  showing Stage3 [1/5]
[09:31:07.022] rive  viewport 240x240 @1x
[09:31:07.032] rive  wrote /Users/ibrar/Desktop/infinora.noworkspace/nestling-pip-v2/design/animations/rive/bolt/frames/s3_proud_6.png
[09:31:07.103] rive  compiling 6 markup files as one document: pipstage.rml, shared.rml, stage1.rml, stage2.rml, stage3.rml, stage4.rml
[09:31:07.641] rive  built /Users/ibrar/Desktop/infinora.noworkspace/nestling-pip-v2/tools/rive/bolt/build/pip_bolt.riv (159599 bytes, 541ms, 0 errors, 0 warnings)
[09:31:07.643] rive  data: evolve = 1
[09:31:07.643] rive  showing Stage3 [1/5]
[09:31:07.643] rive  viewport 240x240 @1x
[09:31:07.693] rive  wrote /Users/ibrar/Desktop/infinora.noworkspace/nestling-pip-v2/design/animations/rive/bolt/frames/s3_evolve_0.png
[09:31:07.794] rive  compiling 6 markup files as one document: pipstage.rml, shared.rml, stage1.rml, stage2.rml, stage3.rml, stage4.rml
[09:31:08.358] rive  built /Users/ibrar/Desktop/infinora.noworkspace/nestling-pip-v2/tools/rive/bolt/build/pip_bolt.riv (159599 bytes, 569ms, 0 errors, 0 warnings)
[09:31:08.361] rive  data: evolve = 1
[09:31:08.361] rive  showing Stage3 [1/5]
[09:31:08.361] rive  viewport 240x240 @1x
[09:31:08.387] rive  wrote /Users/ibrar/Desktop/infinora.noworkspace/nestling-pip-v2/design/animations/rive/bolt/frames/s3_evolve_1.png
[09:31:08.461] rive  compiling 6 markup files as one document: pipstage.rml, shared.rml, stage1.rml, stage2.rml, stage3.rml, stage4.rml
[09:31:08.967] rive  built /Users/ibrar/Desktop/infinora.noworkspace/nestling-pip-v2/tools/rive/bolt/build/pip_bolt.riv (159599 bytes, 510ms, 0 errors, 0 warnings)
[09:31:08.969] rive  data: evolve = 1
[09:31:08.969] rive  showing Stage3 [1/5]
[09:31:08.970] rive  viewport 240x240 @1x
[09:31:08.981] rive  wrote /Users/ibrar/Desktop/infinora.noworkspace/nestling-pip-v2/design/animations/rive/bolt/frames/s3_evolve_2.png
[09:31:09.052] rive  compiling 6 markup files as one document: pipstage.rml, shared.rml, stage1.rml, stage2.rml, stage3.rml, stage4.rml
[09:31:09.554] rive  built /Users/ibrar/Desktop/infinora.noworkspace/nestling-pip-v2/tools/rive/bolt/build/pip_bolt.riv (159599 bytes, 505ms, 0 errors, 0 warnings)
[09:31:09.556] rive  data: evolve = 1
[09:31:09.556] rive  showing Stage3 [1/5]
[09:31:09.556] rive  viewport 240x240 @1x
[09:31:09.568] rive  wrote /Users/ibrar/Desktop/infinora.noworkspace/nestling-pip-v2/design/animations/rive/bolt/frames/s3_evolve_3.png
[09:31:09.634] rive  compiling 6 markup files as one document: pipstage.rml, shared.rml, stage1.rml, stage2.rml, stage3.rml, stage4.rml
[09:31:10.160] rive  built /Users/ibrar/Desktop/infinora.noworkspace/nestling-pip-v2/tools/rive/bolt/build/pip_bolt.riv (159599 bytes, 530ms, 0 errors, 0 warnings)
[09:31:10.162] rive  data: evolve = 1
[09:31:10.162] rive  showing Stage3 [1/5]
[09:31:10.163] rive  viewport 240x240 @1x
[09:31:10.174] rive  wrote /Users/ibrar/Desktop/infinora.noworkspace/nestling-pip-v2/design/animations/rive/bolt/frames/s3_evolve_4.png
[09:31:10.243] rive  compiling 6 markup files as one document: pipstage.rml, shared.rml, stage1.rml, stage2.rml, stage3.rml, stage4.rml
[09:31:10.748] rive  built /Users/ibrar/Desktop/infinora.noworkspace/nestling-pip-v2/tools/rive/bolt/build/pip_bolt.riv (159599 bytes, 509ms, 0 errors, 0 warnings)
[09:31:10.750] rive  data: evolve = 1
[09:31:10.750] rive  showing Stage3 [1/5]
[09:31:10.751] rive  viewport 240x240 @1x
[09:31:10.762] rive  wrote /Users/ibrar/Desktop/infinora.noworkspace/nestling-pip-v2/design/animations/rive/bolt/frames/s3_evolve_5.png
[09:31:10.827] rive  compiling 6 markup files as one document: pipstage.rml, shared.rml, stage1.rml, stage2.rml, stage3.rml, stage4.rml
[09:31:11.338] rive  built /Users/ibrar/Desktop/infinora.noworkspace/nestling-pip-v2/tools/rive/bolt/build/pip_bolt.riv (159599 bytes, 513ms, 0 errors, 0 warnings)
[09:31:11.340] rive  data: evolve = 1
[09:31:11.340] rive  showing Stage3 [1/5]
[09:31:11.340] rive  viewport 240x240 @1x
[09:31:11.351] rive  wrote /Users/ibrar/Desktop/infinora.noworkspace/nestling-pip-v2/design/animations/rive/bolt/frames/s3_evolve_6.png
[09:31:11.424] rive  compiling 6 markup files as one document: pipstage.rml, shared.rml, stage1.rml, stage2.rml, stage3.rml, stage4.rml
[09:31:11.932] rive  built /Users/ibrar/Desktop/infinora.noworkspace/nestling-pip-v2/tools/rive/bolt/build/pip_bolt.riv (159599 bytes, 511ms, 0 errors, 0 warnings)
[09:31:11.934] rive  data: mood = 0
[09:31:11.934] rive  showing Stage4 [5/5]
[09:31:11.934] rive  viewport 240x240 @1x
[09:31:11.944] rive  wrote /Users/ibrar/Desktop/infinora.noworkspace/nestling-pip-v2/design/animations/rive/bolt/frames/s4_idle_0.png
[09:31:12.017] rive  compiling 6 markup files as one document: pipstage.rml, shared.rml, stage1.rml, stage2.rml, stage3.rml, stage4.rml
[09:31:12.521] rive  built /Users/ibrar/Desktop/infinora.noworkspace/nestling-pip-v2/tools/rive/bolt/build/pip_bolt.riv (159599 bytes, 508ms, 0 errors, 0 warnings)
[09:31:12.523] rive  data: mood = 0
[09:31:12.523] rive  showing Stage4 [5/5]
[09:31:12.523] rive  viewport 240x240 @1x
[09:31:12.534] rive  wrote /Users/ibrar/Desktop/infinora.noworkspace/nestling-pip-v2/design/animations/rive/bolt/frames/s4_idle_1.png
[09:31:12.602] rive  compiling 6 markup files as one document: pipstage.rml, shared.rml, stage1.rml, stage2.rml, stage3.rml, stage4.rml
[09:31:13.103] rive  built /Users/ibrar/Desktop/infinora.noworkspace/nestling-pip-v2/tools/rive/bolt/build/pip_bolt.riv (159599 bytes, 506ms, 0 errors, 0 warnings)
[09:31:13.106] rive  data: mood = 0
[09:31:13.106] rive  showing Stage4 [5/5]
[09:31:13.106] rive  viewport 240x240 @1x
[09:31:13.117] rive  wrote /Users/ibrar/Desktop/infinora.noworkspace/nestling-pip-v2/design/animations/rive/bolt/frames/s4_idle_2.png
[09:31:13.193] rive  compiling 6 markup files as one document: pipstage.rml, shared.rml, stage1.rml, stage2.rml, stage3.rml, stage4.rml
[09:31:13.697] rive  built /Users/ibrar/Desktop/infinora.noworkspace/nestling-pip-v2/tools/rive/bolt/build/pip_bolt.riv (159599 bytes, 508ms, 0 errors, 0 warnings)
[09:31:13.699] rive  data: mood = 0
[09:31:13.699] rive  showing Stage4 [5/5]
[09:31:13.700] rive  viewport 240x240 @1x
[09:31:13.712] rive  wrote /Users/ibrar/Desktop/infinora.noworkspace/nestling-pip-v2/design/animations/rive/bolt/frames/s4_idle_3.png
[09:31:13.783] rive  compiling 6 markup files as one document: pipstage.rml, shared.rml, stage1.rml, stage2.rml, stage3.rml, stage4.rml
[09:31:14.289] rive  built /Users/ibrar/Desktop/infinora.noworkspace/nestling-pip-v2/tools/rive/bolt/build/pip_bolt.riv (159599 bytes, 510ms, 0 errors, 0 warnings)
[09:31:14.291] rive  data: mood = 0
[09:31:14.291] rive  showing Stage4 [5/5]
[09:31:14.292] rive  viewport 240x240 @1x
[09:31:14.303] rive  wrote /Users/ibrar/Desktop/infinora.noworkspace/nestling-pip-v2/design/animations/rive/bolt/frames/s4_idle_4.png
[09:31:14.376] rive  compiling 6 markup files as one document: pipstage.rml, shared.rml, stage1.rml, stage2.rml, stage3.rml, stage4.rml
[09:31:14.874] rive  built /Users/ibrar/Desktop/infinora.noworkspace/nestling-pip-v2/tools/rive/bolt/build/pip_bolt.riv (159599 bytes, 501ms, 0 errors, 0 warnings)
[09:31:14.876] rive  data: mood = 0
[09:31:14.876] rive  showing Stage4 [5/5]
[09:31:14.877] rive  viewport 240x240 @1x
[09:31:14.887] rive  wrote /Users/ibrar/Desktop/infinora.noworkspace/nestling-pip-v2/design/animations/rive/bolt/frames/s4_idle_5.png
[09:31:14.958] rive  compiling 6 markup files as one document: pipstage.rml, shared.rml, stage1.rml, stage2.rml, stage3.rml, stage4.rml
[09:31:15.482] rive  built /Users/ibrar/Desktop/infinora.noworkspace/nestling-pip-v2/tools/rive/bolt/build/pip_bolt.riv (159599 bytes, 527ms, 0 errors, 0 warnings)
[09:31:15.484] rive  data: mood = 0
[09:31:15.484] rive  showing Stage4 [5/5]
[09:31:15.485] rive  viewport 240x240 @1x
[09:31:15.514] rive  wrote /Users/ibrar/Desktop/infinora.noworkspace/nestling-pip-v2/design/animations/rive/bolt/frames/s4_idle_6.png
[09:31:15.594] rive  compiling 6 markup files as one document: pipstage.rml, shared.rml, stage1.rml, stage2.rml, stage3.rml, stage4.rml
[09:31:16.110] rive  built /Users/ibrar/Desktop/infinora.noworkspace/nestling-pip-v2/tools/rive/bolt/build/pip_bolt.riv (159599 bytes, 519ms, 0 errors, 0 warnings)
[09:31:16.112] rive  data: mood = 1
[09:31:16.112] rive  showing Stage4 [5/5]
[09:31:16.112] rive  viewport 240x240 @1x
[09:31:16.122] rive  wrote /Users/ibrar/Desktop/infinora.noworkspace/nestling-pip-v2/design/animations/rive/bolt/frames/s4_happy_0.png
[09:31:16.199] rive  compiling 6 markup files as one document: pipstage.rml, shared.rml, stage1.rml, stage2.rml, stage3.rml, stage4.rml
[09:31:16.705] rive  built /Users/ibrar/Desktop/infinora.noworkspace/nestling-pip-v2/tools/rive/bolt/build/pip_bolt.riv (159599 bytes, 512ms, 0 errors, 0 warnings)
[09:31:16.707] rive  data: mood = 1
[09:31:16.707] rive  showing Stage4 [5/5]
[09:31:16.708] rive  viewport 240x240 @1x
[09:31:16.718] rive  wrote /Users/ibrar/Desktop/infinora.noworkspace/nestling-pip-v2/design/animations/rive/bolt/frames/s4_happy_1.png
[09:31:16.789] rive  compiling 6 markup files as one document: pipstage.rml, shared.rml, stage1.rml, stage2.rml, stage3.rml, stage4.rml
[09:31:17.289] rive  built /Users/ibrar/Desktop/infinora.noworkspace/nestling-pip-v2/tools/rive/bolt/build/pip_bolt.riv (159599 bytes, 504ms, 0 errors, 0 warnings)
[09:31:17.291] rive  data: mood = 1
[09:31:17.291] rive  showing Stage4 [5/5]
[09:31:17.291] rive  viewport 240x240 @1x
[09:31:17.303] rive  wrote /Users/ibrar/Desktop/infinora.noworkspace/nestling-pip-v2/design/animations/rive/bolt/frames/s4_happy_2.png
[09:31:17.375] rive  compiling 6 markup files as one document: pipstage.rml, shared.rml, stage1.rml, stage2.rml, stage3.rml, stage4.rml
[09:31:17.883] rive  built /Users/ibrar/Desktop/infinora.noworkspace/nestling-pip-v2/tools/rive/bolt/build/pip_bolt.riv (159599 bytes, 511ms, 0 errors, 0 warnings)
[09:31:17.885] rive  data: mood = 1
[09:31:17.885] rive  showing Stage4 [5/5]
[09:31:17.885] rive  viewport 240x240 @1x
[09:31:17.896] rive  wrote /Users/ibrar/Desktop/infinora.noworkspace/nestling-pip-v2/design/animations/rive/bolt/frames/s4_happy_3.png
[09:31:17.966] rive  compiling 6 markup files as one document: pipstage.rml, shared.rml, stage1.rml, stage2.rml, stage3.rml, stage4.rml
[09:31:18.476] rive  built /Users/ibrar/Desktop/infinora.noworkspace/nestling-pip-v2/tools/rive/bolt/build/pip_bolt.riv (159599 bytes, 513ms, 0 errors, 0 warnings)
[09:31:18.478] rive  data: mood = 1
[09:31:18.478] rive  showing Stage4 [5/5]
[09:31:18.478] rive  viewport 240x240 @1x
[09:31:18.489] rive  wrote /Users/ibrar/Desktop/infinora.noworkspace/nestling-pip-v2/design/animations/rive/bolt/frames/s4_happy_4.png
[09:31:18.560] rive  compiling 6 markup files as one document: pipstage.rml, shared.rml, stage1.rml, stage2.rml, stage3.rml, stage4.rml
[09:31:19.070] rive  built /Users/ibrar/Desktop/infinora.noworkspace/nestling-pip-v2/tools/rive/bolt/build/pip_bolt.riv (159599 bytes, 513ms, 0 errors, 0 warnings)
[09:31:19.072] rive  data: mood = 1
[09:31:19.072] rive  showing Stage4 [5/5]
[09:31:19.073] rive  viewport 240x240 @1x
[09:31:19.083] rive  wrote /Users/ibrar/Desktop/infinora.noworkspace/nestling-pip-v2/design/animations/rive/bolt/frames/s4_happy_5.png
[09:31:19.158] rive  compiling 6 markup files as one document: pipstage.rml, shared.rml, stage1.rml, stage2.rml, stage3.rml, stage4.rml
[09:31:19.660] rive  built /Users/ibrar/Desktop/infinora.noworkspace/nestling-pip-v2/tools/rive/bolt/build/pip_bolt.riv (159599 bytes, 505ms, 0 errors, 0 warnings)
[09:31:19.662] rive  data: mood = 1
[09:31:19.662] rive  showing Stage4 [5/5]
[09:31:19.662] rive  viewport 240x240 @1x
[09:31:19.673] rive  wrote /Users/ibrar/Desktop/infinora.noworkspace/nestling-pip-v2/design/animations/rive/bolt/frames/s4_happy_6.png
[09:31:19.740] rive  compiling 6 markup files as one document: pipstage.rml, shared.rml, stage1.rml, stage2.rml, stage3.rml, stage4.rml
[09:31:20.263] rive  built /Users/ibrar/Desktop/infinora.noworkspace/nestling-pip-v2/tools/rive/bolt/build/pip_bolt.riv (159599 bytes, 526ms, 0 errors, 0 warnings)
[09:31:20.265] rive  data: mood = 2
[09:31:20.265] rive  showing Stage4 [5/5]
[09:31:20.265] rive  viewport 240x240 @1x
[09:31:20.277] rive  wrote /Users/ibrar/Desktop/infinora.noworkspace/nestling-pip-v2/design/animations/rive/bolt/frames/s4_eating_0.png
[09:31:20.359] rive  compiling 6 markup files as one document: pipstage.rml, shared.rml, stage1.rml, stage2.rml, stage3.rml, stage4.rml
[09:31:20.874] rive  built /Users/ibrar/Desktop/infinora.noworkspace/nestling-pip-v2/tools/rive/bolt/build/pip_bolt.riv (159599 bytes, 519ms, 0 errors, 0 warnings)
[09:31:20.876] rive  data: mood = 2
[09:31:20.876] rive  showing Stage4 [5/5]
[09:31:20.876] rive  viewport 240x240 @1x
[09:31:20.924] rive  wrote /Users/ibrar/Desktop/infinora.noworkspace/nestling-pip-v2/design/animations/rive/bolt/frames/s4_eating_1.png
[09:31:21.009] rive  compiling 6 markup files as one document: pipstage.rml, shared.rml, stage1.rml, stage2.rml, stage3.rml, stage4.rml
[09:31:21.511] rive  built /Users/ibrar/Desktop/infinora.noworkspace/nestling-pip-v2/tools/rive/bolt/build/pip_bolt.riv (159599 bytes, 506ms, 0 errors, 0 warnings)
[09:31:21.513] rive  data: mood = 2
[09:31:21.513] rive  showing Stage4 [5/5]
[09:31:21.513] rive  viewport 240x240 @1x
[09:31:21.533] rive  wrote /Users/ibrar/Desktop/infinora.noworkspace/nestling-pip-v2/design/animations/rive/bolt/frames/s4_eating_2.png
[09:31:21.610] rive  compiling 6 markup files as one document: pipstage.rml, shared.rml, stage1.rml, stage2.rml, stage3.rml, stage4.rml
[09:31:22.102] rive  built /Users/ibrar/Desktop/infinora.noworkspace/nestling-pip-v2/tools/rive/bolt/build/pip_bolt.riv (159599 bytes, 495ms, 0 errors, 0 warnings)
[09:31:22.104] rive  data: mood = 2
[09:31:22.104] rive  showing Stage4 [5/5]
[09:31:22.104] rive  viewport 240x240 @1x
[09:31:22.113] rive  wrote /Users/ibrar/Desktop/infinora.noworkspace/nestling-pip-v2/design/animations/rive/bolt/frames/s4_eating_3.png
[09:31:22.182] rive  compiling 6 markup files as one document: pipstage.rml, shared.rml, stage1.rml, stage2.rml, stage3.rml, stage4.rml
[09:31:22.691] rive  built /Users/ibrar/Desktop/infinora.noworkspace/nestling-pip-v2/tools/rive/bolt/build/pip_bolt.riv (159599 bytes, 511ms, 0 errors, 0 warnings)
[09:31:22.693] rive  data: mood = 2
[09:31:22.693] rive  showing Stage4 [5/5]
[09:31:22.693] rive  viewport 240x240 @1x
[09:31:22.702] rive  wrote /Users/ibrar/Desktop/infinora.noworkspace/nestling-pip-v2/design/animations/rive/bolt/frames/s4_eating_4.png
[09:31:22.779] rive  compiling 6 markup files as one document: pipstage.rml, shared.rml, stage1.rml, stage2.rml, stage3.rml, stage4.rml
[09:31:23.279] rive  built /Users/ibrar/Desktop/infinora.noworkspace/nestling-pip-v2/tools/rive/bolt/build/pip_bolt.riv (159599 bytes, 504ms, 0 errors, 0 warnings)
[09:31:23.281] rive  data: mood = 2
[09:31:23.281] rive  showing Stage4 [5/5]
[09:31:23.282] rive  viewport 240x240 @1x
[09:31:23.291] rive  wrote /Users/ibrar/Desktop/infinora.noworkspace/nestling-pip-v2/design/animations/rive/bolt/frames/s4_eating_5.png
[09:31:23.359] rive  compiling 6 markup files as one document: pipstage.rml, shared.rml, stage1.rml, stage2.rml, stage3.rml, stage4.rml
[09:31:23.859] rive  built /Users/ibrar/Desktop/infinora.noworkspace/nestling-pip-v2/tools/rive/bolt/build/pip_bolt.riv (159599 bytes, 504ms, 0 errors, 0 warnings)
[09:31:23.863] rive  data: mood = 2
[09:31:23.863] rive  showing Stage4 [5/5]
[09:31:23.864] rive  viewport 240x240 @1x
[09:31:23.892] rive  wrote /Users/ibrar/Desktop/infinora.noworkspace/nestling-pip-v2/design/animations/rive/bolt/frames/s4_eating_6.png
[09:31:23.963] rive  compiling 6 markup files as one document: pipstage.rml, shared.rml, stage1.rml, stage2.rml, stage3.rml, stage4.rml
[09:31:24.475] rive  built /Users/ibrar/Desktop/infinora.noworkspace/nestling-pip-v2/tools/rive/bolt/build/pip_bolt.riv (159599 bytes, 515ms, 0 errors, 0 warnings)
[09:31:24.477] rive  data: mood = 3
[09:31:24.477] rive  showing Stage4 [5/5]
[09:31:24.477] rive  viewport 240x240 @1x
[09:31:24.509] rive  wrote /Users/ibrar/Desktop/infinora.noworkspace/nestling-pip-v2/design/animations/rive/bolt/frames/s4_sleepy_0.png
[09:31:24.590] rive  compiling 6 markup files as one document: pipstage.rml, shared.rml, stage1.rml, stage2.rml, stage3.rml, stage4.rml
[09:31:25.091] rive  built /Users/ibrar/Desktop/infinora.noworkspace/nestling-pip-v2/tools/rive/bolt/build/pip_bolt.riv (159599 bytes, 505ms, 0 errors, 0 warnings)
[09:31:25.093] rive  data: mood = 3
[09:31:25.093] rive  showing Stage4 [5/5]
[09:31:25.094] rive  viewport 240x240 @1x
[09:31:25.111] rive  wrote /Users/ibrar/Desktop/infinora.noworkspace/nestling-pip-v2/design/animations/rive/bolt/frames/s4_sleepy_1.png
[09:31:25.194] rive  compiling 6 markup files as one document: pipstage.rml, shared.rml, stage1.rml, stage2.rml, stage3.rml, stage4.rml
[09:31:25.691] rive  built /Users/ibrar/Desktop/infinora.noworkspace/nestling-pip-v2/tools/rive/bolt/build/pip_bolt.riv (159599 bytes, 501ms, 0 errors, 0 warnings)
[09:31:25.693] rive  data: mood = 3
[09:31:25.693] rive  showing Stage4 [5/5]
[09:31:25.694] rive  viewport 240x240 @1x
[09:31:25.729] rive  wrote /Users/ibrar/Desktop/infinora.noworkspace/nestling-pip-v2/design/animations/rive/bolt/frames/s4_sleepy_2.png
[09:31:25.810] rive  compiling 6 markup files as one document: pipstage.rml, shared.rml, stage1.rml, stage2.rml, stage3.rml, stage4.rml
[09:31:26.313] rive  built /Users/ibrar/Desktop/infinora.noworkspace/nestling-pip-v2/tools/rive/bolt/build/pip_bolt.riv (159599 bytes, 506ms, 0 errors, 0 warnings)
[09:31:26.315] rive  data: mood = 3
[09:31:26.315] rive  showing Stage4 [5/5]
[09:31:26.316] rive  viewport 240x240 @1x
[09:31:26.351] rive  wrote /Users/ibrar/Desktop/infinora.noworkspace/nestling-pip-v2/design/animations/rive/bolt/frames/s4_sleepy_3.png
[09:31:26.436] rive  compiling 6 markup files as one document: pipstage.rml, shared.rml, stage1.rml, stage2.rml, stage3.rml, stage4.rml
[09:31:26.987] rive  built /Users/ibrar/Desktop/infinora.noworkspace/nestling-pip-v2/tools/rive/bolt/build/pip_bolt.riv (159599 bytes, 554ms, 0 errors, 0 warnings)
[09:31:26.989] rive  data: mood = 3
[09:31:26.989] rive  showing Stage4 [5/5]
[09:31:26.990] rive  viewport 240x240 @1x
[09:31:27.025] rive  wrote /Users/ibrar/Desktop/infinora.noworkspace/nestling-pip-v2/design/animations/rive/bolt/frames/s4_sleepy_4.png
[09:31:27.107] rive  compiling 6 markup files as one document: pipstage.rml, shared.rml, stage1.rml, stage2.rml, stage3.rml, stage4.rml
[09:31:27.621] rive  built /Users/ibrar/Desktop/infinora.noworkspace/nestling-pip-v2/tools/rive/bolt/build/pip_bolt.riv (159599 bytes, 517ms, 0 errors, 0 warnings)
[09:31:27.624] rive  data: mood = 3
[09:31:27.624] rive  showing Stage4 [5/5]
[09:31:27.625] rive  viewport 240x240 @1x
[09:31:27.633] rive  wrote /Users/ibrar/Desktop/infinora.noworkspace/nestling-pip-v2/design/animations/rive/bolt/frames/s4_sleepy_5.png
[09:31:27.698] rive  compiling 6 markup files as one document: pipstage.rml, shared.rml, stage1.rml, stage2.rml, stage3.rml, stage4.rml
[09:31:28.202] rive  built /Users/ibrar/Desktop/infinora.noworkspace/nestling-pip-v2/tools/rive/bolt/build/pip_bolt.riv (159599 bytes, 507ms, 0 errors, 0 warnings)
[09:31:28.204] rive  data: mood = 3
[09:31:28.204] rive  showing Stage4 [5/5]
[09:31:28.205] rive  viewport 240x240 @1x
[09:31:28.213] rive  wrote /Users/ibrar/Desktop/infinora.noworkspace/nestling-pip-v2/design/animations/rive/bolt/frames/s4_sleepy_6.png
[09:31:28.284] rive  compiling 6 markup files as one document: pipstage.rml, shared.rml, stage1.rml, stage2.rml, stage3.rml, stage4.rml
[09:31:28.787] rive  built /Users/ibrar/Desktop/infinora.noworkspace/nestling-pip-v2/tools/rive/bolt/build/pip_bolt.riv (159599 bytes, 507ms, 0 errors, 0 warnings)
[09:31:28.789] rive  data: mood = 4
[09:31:28.789] rive  showing Stage4 [5/5]
[09:31:28.789] rive  viewport 240x240 @1x
[09:31:28.798] rive  wrote /Users/ibrar/Desktop/infinora.noworkspace/nestling-pip-v2/design/animations/rive/bolt/frames/s4_surprised_0.png
[09:31:28.868] rive  compiling 6 markup files as one document: pipstage.rml, shared.rml, stage1.rml, stage2.rml, stage3.rml, stage4.rml
[09:31:29.374] rive  built /Users/ibrar/Desktop/infinora.noworkspace/nestling-pip-v2/tools/rive/bolt/build/pip_bolt.riv (159599 bytes, 510ms, 0 errors, 0 warnings)
[09:31:29.376] rive  data: mood = 4
[09:31:29.376] rive  showing Stage4 [5/5]
[09:31:29.377] rive  viewport 240x240 @1x
[09:31:29.385] rive  wrote /Users/ibrar/Desktop/infinora.noworkspace/nestling-pip-v2/design/animations/rive/bolt/frames/s4_surprised_1.png
[09:31:29.456] rive  compiling 6 markup files as one document: pipstage.rml, shared.rml, stage1.rml, stage2.rml, stage3.rml, stage4.rml
[09:31:30.013] rive  built /Users/ibrar/Desktop/infinora.noworkspace/nestling-pip-v2/tools/rive/bolt/build/pip_bolt.riv (159599 bytes, 560ms, 0 errors, 0 warnings)
[09:31:30.015] rive  data: mood = 4
[09:31:30.015] rive  showing Stage4 [5/5]
[09:31:30.016] rive  viewport 240x240 @1x
[09:31:30.026] rive  wrote /Users/ibrar/Desktop/infinora.noworkspace/nestling-pip-v2/design/animations/rive/bolt/frames/s4_surprised_2.png
[09:31:30.100] rive  compiling 6 markup files as one document: pipstage.rml, shared.rml, stage1.rml, stage2.rml, stage3.rml, stage4.rml
[09:31:30.636] rive  built /Users/ibrar/Desktop/infinora.noworkspace/nestling-pip-v2/tools/rive/bolt/build/pip_bolt.riv (159599 bytes, 539ms, 0 errors, 0 warnings)
[09:31:30.638] rive  data: mood = 4
[09:31:30.638] rive  showing Stage4 [5/5]
[09:31:30.638] rive  viewport 240x240 @1x
[09:31:30.667] rive  wrote /Users/ibrar/Desktop/infinora.noworkspace/nestling-pip-v2/design/animations/rive/bolt/frames/s4_surprised_3.png
[09:31:30.755] rive  compiling 6 markup files as one document: pipstage.rml, shared.rml, stage1.rml, stage2.rml, stage3.rml, stage4.rml
[09:31:31.273] rive  built /Users/ibrar/Desktop/infinora.noworkspace/nestling-pip-v2/tools/rive/bolt/build/pip_bolt.riv (159599 bytes, 521ms, 0 errors, 0 warnings)
[09:31:31.275] rive  data: mood = 4
[09:31:31.275] rive  showing Stage4 [5/5]
[09:31:31.275] rive  viewport 240x240 @1x
[09:31:31.335] rive  wrote /Users/ibrar/Desktop/infinora.noworkspace/nestling-pip-v2/design/animations/rive/bolt/frames/s4_surprised_4.png
[09:31:31.427] rive  compiling 6 markup files as one document: pipstage.rml, shared.rml, stage1.rml, stage2.rml, stage3.rml, stage4.rml
[09:31:31.935] rive  built /Users/ibrar/Desktop/infinora.noworkspace/nestling-pip-v2/tools/rive/bolt/build/pip_bolt.riv (159599 bytes, 512ms, 0 errors, 0 warnings)
[09:31:31.937] rive  data: mood = 4
[09:31:31.937] rive  showing Stage4 [5/5]
[09:31:31.937] rive  viewport 240x240 @1x
[09:31:31.945] rive  wrote /Users/ibrar/Desktop/infinora.noworkspace/nestling-pip-v2/design/animations/rive/bolt/frames/s4_surprised_5.png
[09:31:32.014] rive  compiling 6 markup files as one document: pipstage.rml, shared.rml, stage1.rml, stage2.rml, stage3.rml, stage4.rml
[09:31:32.531] rive  built /Users/ibrar/Desktop/infinora.noworkspace/nestling-pip-v2/tools/rive/bolt/build/pip_bolt.riv (159599 bytes, 521ms, 0 errors, 0 warnings)
[09:31:32.533] rive  data: mood = 4
[09:31:32.534] rive  showing Stage4 [5/5]
[09:31:32.534] rive  viewport 240x240 @1x
[09:31:32.542] rive  wrote /Users/ibrar/Desktop/infinora.noworkspace/nestling-pip-v2/design/animations/rive/bolt/frames/s4_surprised_6.png
[09:31:32.614] rive  compiling 6 markup files as one document: pipstage.rml, shared.rml, stage1.rml, stage2.rml, stage3.rml, stage4.rml
[09:31:33.143] rive  built /Users/ibrar/Desktop/infinora.noworkspace/nestling-pip-v2/tools/rive/bolt/build/pip_bolt.riv (159599 bytes, 532ms, 0 errors, 0 warnings)
[09:31:33.146] rive  data: mood = 5
[09:31:33.146] rive  showing Stage4 [5/5]
[09:31:33.146] rive  viewport 240x240 @1x
[09:31:33.155] rive  wrote /Users/ibrar/Desktop/infinora.noworkspace/nestling-pip-v2/design/animations/rive/bolt/frames/s4_proud_0.png
[09:31:33.448] rive  compiling 6 markup files as one document: pipstage.rml, shared.rml, stage1.rml, stage2.rml, stage3.rml, stage4.rml
[09:31:34.896] rive  built /Users/ibrar/Desktop/infinora.noworkspace/nestling-pip-v2/tools/rive/bolt/build/pip_bolt.riv (159599 bytes, 1457ms, 0 errors, 0 warnings)
[09:31:34.898] rive  data: mood = 5
[09:31:34.898] rive  showing Stage4 [5/5]
[09:31:34.899] rive  viewport 240x240 @1x
[09:31:34.920] rive  wrote /Users/ibrar/Desktop/infinora.noworkspace/nestling-pip-v2/design/animations/rive/bolt/frames/s4_proud_1.png
[09:31:35.001] rive  compiling 6 markup files as one document: pipstage.rml, shared.rml, stage1.rml, stage2.rml, stage3.rml, stage4.rml
[09:31:36.645] rive  built /Users/ibrar/Desktop/infinora.noworkspace/nestling-pip-v2/tools/rive/bolt/build/pip_bolt.riv (159599 bytes, 1648ms, 0 errors, 0 warnings)
[09:31:36.651] rive  data: mood = 5
[09:31:36.651] rive  showing Stage4 [5/5]
[09:31:36.651] rive  viewport 240x240 @1x
[09:31:36.690] rive  wrote /Users/ibrar/Desktop/infinora.noworkspace/nestling-pip-v2/design/animations/rive/bolt/frames/s4_proud_2.png
[09:31:36.790] rive  compiling 6 markup files as one document: pipstage.rml, shared.rml, stage1.rml, stage2.rml, stage3.rml, stage4.rml
[09:31:37.394] rive  built /Users/ibrar/Desktop/infinora.noworkspace/nestling-pip-v2/tools/rive/bolt/build/pip_bolt.riv (159599 bytes, 610ms, 0 errors, 0 warnings)
[09:31:37.396] rive  data: mood = 5
[09:31:37.396] rive  showing Stage4 [5/5]
[09:31:37.396] rive  viewport 240x240 @1x
[09:31:37.429] rive  wrote /Users/ibrar/Desktop/infinora.noworkspace/nestling-pip-v2/design/animations/rive/bolt/frames/s4_proud_3.png
[09:31:37.520] rive  compiling 6 markup files as one document: pipstage.rml, shared.rml, stage1.rml, stage2.rml, stage3.rml, stage4.rml
[09:31:38.121] rive  built /Users/ibrar/Desktop/infinora.noworkspace/nestling-pip-v2/tools/rive/bolt/build/pip_bolt.riv (159599 bytes, 605ms, 0 errors, 0 warnings)
[09:31:38.123] rive  data: mood = 5
[09:31:38.123] rive  showing Stage4 [5/5]
[09:31:38.124] rive  viewport 240x240 @1x
[09:31:38.143] rive  wrote /Users/ibrar/Desktop/infinora.noworkspace/nestling-pip-v2/design/animations/rive/bolt/frames/s4_proud_4.png
[09:31:38.252] rive  compiling 6 markup files as one document: pipstage.rml, shared.rml, stage1.rml, stage2.rml, stage3.rml, stage4.rml
[09:31:38.879] rive  built /Users/ibrar/Desktop/infinora.noworkspace/nestling-pip-v2/tools/rive/bolt/build/pip_bolt.riv (159599 bytes, 637ms, 0 errors, 0 warnings)
[09:31:38.882] rive  data: mood = 5
[09:31:38.882] rive  showing Stage4 [5/5]
[09:31:38.882] rive  viewport 240x240 @1x
[09:31:38.891] rive  wrote /Users/ibrar/Desktop/infinora.noworkspace/nestling-pip-v2/design/animations/rive/bolt/frames/s4_proud_5.png
[09:31:38.975] rive  compiling 6 markup files as one document: pipstage.rml, shared.rml, stage1.rml, stage2.rml, stage3.rml, stage4.rml
[09:31:39.544] rive  built /Users/ibrar/Desktop/infinora.noworkspace/nestling-pip-v2/tools/rive/bolt/build/pip_bolt.riv (159599 bytes, 573ms, 0 errors, 0 warnings)
[09:31:39.547] rive  data: mood = 5
[09:31:39.547] rive  showing Stage4 [5/5]
[09:31:39.547] rive  viewport 240x240 @1x
[09:31:39.557] rive  wrote /Users/ibrar/Desktop/infinora.noworkspace/nestling-pip-v2/design/animations/rive/bolt/frames/s4_proud_6.png
[09:31:39.642] rive  compiling 6 markup files as one document: pipstage.rml, shared.rml, stage1.rml, stage2.rml, stage3.rml, stage4.rml
[09:31:40.248] rive  built /Users/ibrar/Desktop/infinora.noworkspace/nestling-pip-v2/tools/rive/bolt/build/pip_bolt.riv (159599 bytes, 610ms, 0 errors, 0 warnings)
[09:31:40.250] rive  data: evolve = 1
[09:31:40.250] rive  showing Stage4 [5/5]
[09:31:40.250] rive  viewport 240x240 @1x
[09:31:40.261] rive  wrote /Users/ibrar/Desktop/infinora.noworkspace/nestling-pip-v2/design/animations/rive/bolt/frames/s4_evolve_0.png
[09:31:40.356] rive  compiling 6 markup files as one document: pipstage.rml, shared.rml, stage1.rml, stage2.rml, stage3.rml, stage4.rml
[09:31:40.952] rive  built /Users/ibrar/Desktop/infinora.noworkspace/nestling-pip-v2/tools/rive/bolt/build/pip_bolt.riv (159599 bytes, 602ms, 0 errors, 0 warnings)
[09:31:40.954] rive  data: evolve = 1
[09:31:40.954] rive  showing Stage4 [5/5]
[09:31:40.954] rive  viewport 240x240 @1x
[09:31:40.963] rive  wrote /Users/ibrar/Desktop/infinora.noworkspace/nestling-pip-v2/design/animations/rive/bolt/frames/s4_evolve_1.png
[09:31:41.039] rive  compiling 6 markup files as one document: pipstage.rml, shared.rml, stage1.rml, stage2.rml, stage3.rml, stage4.rml
[09:31:41.614] rive  built /Users/ibrar/Desktop/infinora.noworkspace/nestling-pip-v2/tools/rive/bolt/build/pip_bolt.riv (159599 bytes, 579ms, 0 errors, 0 warnings)
[09:31:41.617] rive  data: evolve = 1
[09:31:41.617] rive  showing Stage4 [5/5]
[09:31:41.617] rive  viewport 240x240 @1x
[09:31:41.632] rive  wrote /Users/ibrar/Desktop/infinora.noworkspace/nestling-pip-v2/design/animations/rive/bolt/frames/s4_evolve_2.png
[09:31:41.725] rive  compiling 6 markup files as one document: pipstage.rml, shared.rml, stage1.rml, stage2.rml, stage3.rml, stage4.rml
[09:31:42.291] rive  built /Users/ibrar/Desktop/infinora.noworkspace/nestling-pip-v2/tools/rive/bolt/build/pip_bolt.riv (159599 bytes, 569ms, 0 errors, 0 warnings)
[09:31:42.293] rive  data: evolve = 1
[09:31:42.293] rive  showing Stage4 [5/5]
[09:31:42.293] rive  viewport 240x240 @1x
[09:31:42.314] rive  wrote /Users/ibrar/Desktop/infinora.noworkspace/nestling-pip-v2/design/animations/rive/bolt/frames/s4_evolve_3.png
[09:31:42.390] rive  compiling 6 markup files as one document: pipstage.rml, shared.rml, stage1.rml, stage2.rml, stage3.rml, stage4.rml
[09:31:42.933] rive  built /Users/ibrar/Desktop/infinora.noworkspace/nestling-pip-v2/tools/rive/bolt/build/pip_bolt.riv (159599 bytes, 546ms, 0 errors, 0 warnings)
[09:31:42.935] rive  data: evolve = 1
[09:31:42.935] rive  showing Stage4 [5/5]
[09:31:42.936] rive  viewport 240x240 @1x
[09:31:42.978] rive  wrote /Users/ibrar/Desktop/infinora.noworkspace/nestling-pip-v2/design/animations/rive/bolt/frames/s4_evolve_4.png
[09:31:43.135] rive  compiling 6 markup files as one document: pipstage.rml, shared.rml, stage1.rml, stage2.rml, stage3.rml, stage4.rml
[09:31:43.747] rive  built /Users/ibrar/Desktop/infinora.noworkspace/nestling-pip-v2/tools/rive/bolt/build/pip_bolt.riv (159599 bytes, 630ms, 0 errors, 0 warnings)
[09:31:43.749] rive  data: evolve = 1
[09:31:43.749] rive  showing Stage4 [5/5]
[09:31:43.750] rive  viewport 240x240 @1x
[09:31:43.758] rive  wrote /Users/ibrar/Desktop/infinora.noworkspace/nestling-pip-v2/design/animations/rive/bolt/frames/s4_evolve_5.png
[09:31:43.844] rive  compiling 6 markup files as one document: pipstage.rml, shared.rml, stage1.rml, stage2.rml, stage3.rml, stage4.rml
[09:31:44.395] rive  built /Users/ibrar/Desktop/infinora.noworkspace/nestling-pip-v2/tools/rive/bolt/build/pip_bolt.riv (159599 bytes, 555ms, 0 errors, 0 warnings)
[09:31:44.397] rive  data: evolve = 1
[09:31:44.397] rive  showing Stage4 [5/5]
[09:31:44.398] rive  viewport 240x240 @1x
[09:31:44.408] rive  wrote /Users/ibrar/Desktop/infinora.noworkspace/nestling-pip-v2/design/animations/rive/bolt/frames/s4_evolve_6.png
[09:34:09.240] rive  compiling 6 markup files as one document: pipstage.rml, shared.rml, stage1.rml, stage2.rml, stage3.rml, stage4.rml
[09:34:09.823] rive  built tools/rive/bolt/build/pip_bolt.riv (159599 bytes, 591ms, 0 errors, 0 warnings)
[09:34:09.826] rive  data: skin = 0
[09:34:09.826] rive  data: bodyColor = FFFFD93D
[09:34:09.826] rive  data: darkColor = FFE8A800
[09:34:09.826] rive  data: bellyColor = FFFFF1B8
[09:34:09.826] rive  data: accessory = 0
[09:34:09.826] rive  showing Stage3 [1/5]
[09:34:09.826] rive  viewport 240x240 @1x
[09:34:09.839] rive  wrote design/animations/rive/bolt/frames/skinacc_sunny_none.png
[09:34:09.912] rive  compiling 6 markup files as one document: pipstage.rml, shared.rml, stage1.rml, stage2.rml, stage3.rml, stage4.rml
[09:34:10.438] rive  built tools/rive/bolt/build/pip_bolt.riv (159599 bytes, 530ms, 0 errors, 0 warnings)
[09:34:10.441] rive  data: skin = 0
[09:34:10.441] rive  data: bodyColor = FFFFD93D
[09:34:10.441] rive  data: darkColor = FFE8A800
[09:34:10.441] rive  data: bellyColor = FFFFF1B8
[09:34:10.441] rive  data: accessory = 1
[09:34:10.441] rive  showing Stage3 [1/5]
[09:34:10.441] rive  viewport 240x240 @1x
[09:34:10.465] rive  wrote design/animations/rive/bolt/frames/skinacc_sunny_bow.png
[09:34:10.549] rive  compiling 6 markup files as one document: pipstage.rml, shared.rml, stage1.rml, stage2.rml, stage3.rml, stage4.rml
[09:34:11.090] rive  built tools/rive/bolt/build/pip_bolt.riv (159599 bytes, 545ms, 0 errors, 0 warnings)
[09:34:11.093] rive  data: skin = 0
[09:34:11.093] rive  data: bodyColor = FFFFD93D
[09:34:11.093] rive  data: darkColor = FFE8A800
[09:34:11.093] rive  data: bellyColor = FFFFF1B8
[09:34:11.093] rive  data: accessory = 2
[09:34:11.093] rive  showing Stage3 [1/5]
[09:34:11.093] rive  viewport 240x240 @1x
[09:34:11.104] rive  wrote design/animations/rive/bolt/frames/skinacc_sunny_cap.png
[09:34:11.184] rive  compiling 6 markup files as one document: pipstage.rml, shared.rml, stage1.rml, stage2.rml, stage3.rml, stage4.rml
[09:34:11.864] rive  built tools/rive/bolt/build/pip_bolt.riv (159599 bytes, 684ms, 0 errors, 0 warnings)
[09:34:11.866] rive  data: skin = 0
[09:34:11.866] rive  data: bodyColor = FFFFD93D
[09:34:11.866] rive  data: darkColor = FFE8A800
[09:34:11.866] rive  data: bellyColor = FFFFF1B8
[09:34:11.866] rive  data: accessory = 3
[09:34:11.866] rive  showing Stage3 [1/5]
[09:34:11.866] rive  viewport 240x240 @1x
[09:34:11.875] rive  wrote design/animations/rive/bolt/frames/skinacc_sunny_scarf.png
[09:34:11.956] rive  compiling 6 markup files as one document: pipstage.rml, shared.rml, stage1.rml, stage2.rml, stage3.rml, stage4.rml
[09:34:12.538] rive  built tools/rive/bolt/build/pip_bolt.riv (159599 bytes, 587ms, 0 errors, 0 warnings)
[09:34:12.540] rive  data: skin = 0
[09:34:12.540] rive  data: bodyColor = FFFFD93D
[09:34:12.540] rive  data: darkColor = FFE8A800
[09:34:12.540] rive  data: bellyColor = FFFFF1B8
[09:34:12.540] rive  data: accessory = 4
[09:34:12.540] rive  showing Stage3 [1/5]
[09:34:12.540] rive  viewport 240x240 @1x
[09:34:12.549] rive  wrote design/animations/rive/bolt/frames/skinacc_sunny_glasses.png
[09:34:12.621] rive  compiling 6 markup files as one document: pipstage.rml, shared.rml, stage1.rml, stage2.rml, stage3.rml, stage4.rml
[09:34:13.229] rive  built tools/rive/bolt/build/pip_bolt.riv (159599 bytes, 613ms, 0 errors, 0 warnings)
[09:34:13.231] rive  data: skin = 1
[09:34:13.231] rive  data: bodyColor = FFFF9EBB
[09:34:13.231] rive  data: darkColor = FFE0608C
[09:34:13.231] rive  data: bellyColor = FFFFE1EA
[09:34:13.231] rive  data: accessory = 0
[09:34:13.231] rive  showing Stage3 [1/5]
[09:34:13.231] rive  viewport 240x240 @1x
[09:34:13.239] rive  wrote design/animations/rive/bolt/frames/skinacc_berry_none.png
[09:34:13.327] rive  compiling 6 markup files as one document: pipstage.rml, shared.rml, stage1.rml, stage2.rml, stage3.rml, stage4.rml
[09:34:13.856] rive  built tools/rive/bolt/build/pip_bolt.riv (159599 bytes, 536ms, 0 errors, 0 warnings)
[09:34:13.859] rive  data: skin = 1
[09:34:13.859] rive  data: bodyColor = FFFF9EBB
[09:34:13.859] rive  data: darkColor = FFE0608C
[09:34:13.859] rive  data: bellyColor = FFFFE1EA
[09:34:13.859] rive  data: accessory = 1
[09:34:13.859] rive  showing Stage3 [1/5]
[09:34:13.859] rive  viewport 240x240 @1x
[09:34:13.867] rive  wrote design/animations/rive/bolt/frames/skinacc_berry_bow.png
[09:34:13.938] rive  compiling 6 markup files as one document: pipstage.rml, shared.rml, stage1.rml, stage2.rml, stage3.rml, stage4.rml
[09:34:14.486] rive  built tools/rive/bolt/build/pip_bolt.riv (159599 bytes, 552ms, 0 errors, 0 warnings)
[09:34:14.488] rive  data: skin = 1
[09:34:14.488] rive  data: bodyColor = FFFF9EBB
[09:34:14.488] rive  data: darkColor = FFE0608C
[09:34:14.488] rive  data: bellyColor = FFFFE1EA
[09:34:14.488] rive  data: accessory = 2
[09:34:14.488] rive  showing Stage3 [1/5]
[09:34:14.488] rive  viewport 240x240 @1x
[09:34:14.496] rive  wrote design/animations/rive/bolt/frames/skinacc_berry_cap.png
[09:34:14.564] rive  compiling 6 markup files as one document: pipstage.rml, shared.rml, stage1.rml, stage2.rml, stage3.rml, stage4.rml
[09:34:15.078] rive  built tools/rive/bolt/build/pip_bolt.riv (159599 bytes, 518ms, 0 errors, 0 warnings)
[09:34:15.080] rive  data: skin = 1
[09:34:15.080] rive  data: bodyColor = FFFF9EBB
[09:34:15.080] rive  data: darkColor = FFE0608C
[09:34:15.080] rive  data: bellyColor = FFFFE1EA
[09:34:15.080] rive  data: accessory = 3
[09:34:15.080] rive  showing Stage3 [1/5]
[09:34:15.080] rive  viewport 240x240 @1x
[09:34:15.088] rive  wrote design/animations/rive/bolt/frames/skinacc_berry_scarf.png
[09:34:15.157] rive  compiling 6 markup files as one document: pipstage.rml, shared.rml, stage1.rml, stage2.rml, stage3.rml, stage4.rml
[09:34:15.677] rive  built tools/rive/bolt/build/pip_bolt.riv (159599 bytes, 525ms, 0 errors, 0 warnings)
[09:34:15.679] rive  data: skin = 1
[09:34:15.679] rive  data: bodyColor = FFFF9EBB
[09:34:15.679] rive  data: darkColor = FFE0608C
[09:34:15.679] rive  data: bellyColor = FFFFE1EA
[09:34:15.679] rive  data: accessory = 4
[09:34:15.679] rive  showing Stage3 [1/5]
[09:34:15.679] rive  viewport 240x240 @1x
[09:34:15.687] rive  wrote design/animations/rive/bolt/frames/skinacc_berry_glasses.png
[09:34:15.752] rive  compiling 6 markup files as one document: pipstage.rml, shared.rml, stage1.rml, stage2.rml, stage3.rml, stage4.rml
[09:34:16.263] rive  built tools/rive/bolt/build/pip_bolt.riv (159599 bytes, 514ms, 0 errors, 0 warnings)
[09:34:16.265] rive  data: skin = 2
[09:34:16.265] rive  data: bodyColor = FF8EC9FF
[09:34:16.265] rive  data: darkColor = FF4E9AE0
[09:34:16.265] rive  data: bellyColor = FFE2F1FF
[09:34:16.265] rive  data: accessory = 0
[09:34:16.265] rive  showing Stage3 [1/5]
[09:34:16.265] rive  viewport 240x240 @1x
[09:34:16.273] rive  wrote design/animations/rive/bolt/frames/skinacc_sky_none.png
[09:34:16.341] rive  compiling 6 markup files as one document: pipstage.rml, shared.rml, stage1.rml, stage2.rml, stage3.rml, stage4.rml
[09:34:16.864] rive  built tools/rive/bolt/build/pip_bolt.riv (159599 bytes, 526ms, 0 errors, 0 warnings)
[09:34:16.866] rive  data: skin = 2
[09:34:16.866] rive  data: bodyColor = FF8EC9FF
[09:34:16.866] rive  data: darkColor = FF4E9AE0
[09:34:16.866] rive  data: bellyColor = FFE2F1FF
[09:34:16.866] rive  data: accessory = 1
[09:34:16.866] rive  showing Stage3 [1/5]
[09:34:16.866] rive  viewport 240x240 @1x
[09:34:16.873] rive  wrote design/animations/rive/bolt/frames/skinacc_sky_bow.png
[09:34:16.944] rive  compiling 6 markup files as one document: pipstage.rml, shared.rml, stage1.rml, stage2.rml, stage3.rml, stage4.rml
[09:34:17.452] rive  built tools/rive/bolt/build/pip_bolt.riv (159599 bytes, 512ms, 0 errors, 0 warnings)
[09:34:17.454] rive  data: skin = 2
[09:34:17.454] rive  data: bodyColor = FF8EC9FF
[09:34:17.454] rive  data: darkColor = FF4E9AE0
[09:34:17.454] rive  data: bellyColor = FFE2F1FF
[09:34:17.454] rive  data: accessory = 2
[09:34:17.454] rive  showing Stage3 [1/5]
[09:34:17.454] rive  viewport 240x240 @1x
[09:34:17.461] rive  wrote design/animations/rive/bolt/frames/skinacc_sky_cap.png
[09:34:17.529] rive  compiling 6 markup files as one document: pipstage.rml, shared.rml, stage1.rml, stage2.rml, stage3.rml, stage4.rml
[09:34:18.048] rive  built tools/rive/bolt/build/pip_bolt.riv (159599 bytes, 522ms, 0 errors, 0 warnings)
[09:34:18.050] rive  data: skin = 2
[09:34:18.050] rive  data: bodyColor = FF8EC9FF
[09:34:18.050] rive  data: darkColor = FF4E9AE0
[09:34:18.050] rive  data: bellyColor = FFE2F1FF
[09:34:18.050] rive  data: accessory = 3
[09:34:18.050] rive  showing Stage3 [1/5]
[09:34:18.050] rive  viewport 240x240 @1x
[09:34:18.058] rive  wrote design/animations/rive/bolt/frames/skinacc_sky_scarf.png
[09:34:18.127] rive  compiling 6 markup files as one document: pipstage.rml, shared.rml, stage1.rml, stage2.rml, stage3.rml, stage4.rml
[09:34:18.637] rive  built tools/rive/bolt/build/pip_bolt.riv (159599 bytes, 513ms, 0 errors, 0 warnings)
[09:34:18.639] rive  data: skin = 2
[09:34:18.639] rive  data: bodyColor = FF8EC9FF
[09:34:18.639] rive  data: darkColor = FF4E9AE0
[09:34:18.639] rive  data: bellyColor = FFE2F1FF
[09:34:18.639] rive  data: accessory = 4
[09:34:18.639] rive  showing Stage3 [1/5]
[09:34:18.639] rive  viewport 240x240 @1x
[09:34:18.647] rive  wrote design/animations/rive/bolt/frames/skinacc_sky_glasses.png
[09:34:18.717] rive  compiling 6 markup files as one document: pipstage.rml, shared.rml, stage1.rml, stage2.rml, stage3.rml, stage4.rml
[09:34:19.229] rive  built tools/rive/bolt/build/pip_bolt.riv (159599 bytes, 516ms, 0 errors, 0 warnings)
[09:34:19.231] rive  data: skin = 3
[09:34:19.231] rive  data: bodyColor = FF8EE3B5
[09:34:19.231] rive  data: darkColor = FF3FA67E
[09:34:19.231] rive  data: bellyColor = FFDDF8E8
[09:34:19.231] rive  data: accessory = 0
[09:34:19.232] rive  showing Stage3 [1/5]
[09:34:19.232] rive  viewport 240x240 @1x
[09:34:19.242] rive  wrote design/animations/rive/bolt/frames/skinacc_mint_none.png
[09:34:19.314] rive  compiling 6 markup files as one document: pipstage.rml, shared.rml, stage1.rml, stage2.rml, stage3.rml, stage4.rml
[09:34:19.823] rive  built tools/rive/bolt/build/pip_bolt.riv (159599 bytes, 513ms, 0 errors, 0 warnings)
[09:34:19.825] rive  data: skin = 3
[09:34:19.825] rive  data: bodyColor = FF8EE3B5
[09:34:19.825] rive  data: darkColor = FF3FA67E
[09:34:19.825] rive  data: bellyColor = FFDDF8E8
[09:34:19.825] rive  data: accessory = 1
[09:34:19.826] rive  showing Stage3 [1/5]
[09:34:19.826] rive  viewport 240x240 @1x
[09:34:19.834] rive  wrote design/animations/rive/bolt/frames/skinacc_mint_bow.png
[09:34:19.903] rive  compiling 6 markup files as one document: pipstage.rml, shared.rml, stage1.rml, stage2.rml, stage3.rml, stage4.rml
[09:34:20.410] rive  built tools/rive/bolt/build/pip_bolt.riv (159599 bytes, 510ms, 0 errors, 0 warnings)
[09:34:20.412] rive  data: skin = 3
[09:34:20.412] rive  data: bodyColor = FF8EE3B5
[09:34:20.412] rive  data: darkColor = FF3FA67E
[09:34:20.412] rive  data: bellyColor = FFDDF8E8
[09:34:20.412] rive  data: accessory = 2
[09:34:20.412] rive  showing Stage3 [1/5]
[09:34:20.412] rive  viewport 240x240 @1x
[09:34:20.421] rive  wrote design/animations/rive/bolt/frames/skinacc_mint_cap.png
[09:34:20.489] rive  compiling 6 markup files as one document: pipstage.rml, shared.rml, stage1.rml, stage2.rml, stage3.rml, stage4.rml
[09:34:21.003] rive  built tools/rive/bolt/build/pip_bolt.riv (159599 bytes, 517ms, 0 errors, 0 warnings)
[09:34:21.005] rive  data: skin = 3
[09:34:21.005] rive  data: bodyColor = FF8EE3B5
[09:34:21.005] rive  data: darkColor = FF3FA67E
[09:34:21.005] rive  data: bellyColor = FFDDF8E8
[09:34:21.005] rive  data: accessory = 3
[09:34:21.005] rive  showing Stage3 [1/5]
[09:34:21.005] rive  viewport 240x240 @1x
[09:34:21.013] rive  wrote design/animations/rive/bolt/frames/skinacc_mint_scarf.png
[09:34:21.086] rive  compiling 6 markup files as one document: pipstage.rml, shared.rml, stage1.rml, stage2.rml, stage3.rml, stage4.rml
[09:34:21.595] rive  built tools/rive/bolt/build/pip_bolt.riv (159599 bytes, 513ms, 0 errors, 0 warnings)
[09:34:21.597] rive  data: skin = 3
[09:34:21.597] rive  data: bodyColor = FF8EE3B5
[09:34:21.597] rive  data: darkColor = FF3FA67E
[09:34:21.597] rive  data: bellyColor = FFDDF8E8
[09:34:21.597] rive  data: accessory = 4
[09:34:21.597] rive  showing Stage3 [1/5]
[09:34:21.597] rive  viewport 240x240 @1x
[09:34:21.607] rive  wrote design/animations/rive/bolt/frames/skinacc_mint_glasses.png
[09:38:08.992] rive  compiling 6 markup files as one document: pipstage.rml, shared.rml, stage1.rml, stage2.rml, stage3.rml, stage4.rml
[09:38:09.517] rive  built tools/rive/bolt/build/pip_bolt.riv (159599 bytes, 533ms, 0 errors, 0 warnings)
[09:38:09.520] rive  data: mood = 0
[09:38:09.521] rive  showing Stage3 [1/5]
[09:38:09.521] rive  viewport 240x240 @1x
[09:38:09.529] rive  wrote design/animations/rive/bolt/frames/mp3_idle_001.png
[09:38:09.602] rive  compiling 6 markup files as one document: pipstage.rml, shared.rml, stage1.rml, stage2.rml, stage3.rml, stage4.rml
[09:38:10.136] rive  built tools/rive/bolt/build/pip_bolt.riv (159599 bytes, 537ms, 0 errors, 0 warnings)
[09:38:10.138] rive  data: mood = 0
[09:38:10.138] rive  showing Stage3 [1/5]
[09:38:10.138] rive  viewport 240x240 @1x
[09:38:10.147] rive  wrote design/animations/rive/bolt/frames/mp3_idle_003.png
[09:38:10.222] rive  compiling 6 markup files as one document: pipstage.rml, shared.rml, stage1.rml, stage2.rml, stage3.rml, stage4.rml
[09:38:10.763] rive  built tools/rive/bolt/build/pip_bolt.riv (159599 bytes, 544ms, 0 errors, 0 warnings)
[09:38:10.765] rive  data: mood = 0
[09:38:10.765] rive  showing Stage3 [1/5]
[09:38:10.765] rive  viewport 240x240 @1x
[09:38:10.773] rive  wrote design/animations/rive/bolt/frames/mp3_idle_005.png
[09:38:10.864] rive  compiling 6 markup files as one document: pipstage.rml, shared.rml, stage1.rml, stage2.rml, stage3.rml, stage4.rml
[09:38:11.400] rive  built tools/rive/bolt/build/pip_bolt.riv (159599 bytes, 541ms, 0 errors, 0 warnings)
[09:38:11.402] rive  data: mood = 0
[09:38:11.402] rive  showing Stage3 [1/5]
[09:38:11.402] rive  viewport 240x240 @1x
[09:38:11.410] rive  wrote design/animations/rive/bolt/frames/mp3_idle_007.png
[09:38:11.479] rive  compiling 6 markup files as one document: pipstage.rml, shared.rml, stage1.rml, stage2.rml, stage3.rml, stage4.rml
[09:38:11.986] rive  built tools/rive/bolt/build/pip_bolt.riv (159599 bytes, 512ms, 0 errors, 0 warnings)
[09:38:11.988] rive  data: mood = 0
[09:38:11.988] rive  showing Stage3 [1/5]
[09:38:11.988] rive  viewport 240x240 @1x
[09:38:11.997] rive  wrote design/animations/rive/bolt/frames/mp3_idle_009.png
[09:38:12.069] rive  compiling 6 markup files as one document: pipstage.rml, shared.rml, stage1.rml, stage2.rml, stage3.rml, stage4.rml
[09:38:12.573] rive  built tools/rive/bolt/build/pip_bolt.riv (159599 bytes, 507ms, 0 errors, 0 warnings)
[09:38:12.575] rive  data: mood = 0
[09:38:12.575] rive  showing Stage3 [1/5]
[09:38:12.575] rive  viewport 240x240 @1x
[09:38:12.583] rive  wrote design/animations/rive/bolt/frames/mp3_idle_011.png
[09:38:12.652] rive  compiling 6 markup files as one document: pipstage.rml, shared.rml, stage1.rml, stage2.rml, stage3.rml, stage4.rml
[09:38:13.157] rive  built tools/rive/bolt/build/pip_bolt.riv (159599 bytes, 509ms, 0 errors, 0 warnings)
[09:38:13.159] rive  data: mood = 0
[09:38:13.159] rive  showing Stage3 [1/5]
[09:38:13.159] rive  viewport 240x240 @1x
[09:38:13.167] rive  wrote design/animations/rive/bolt/frames/mp3_idle_013.png
[09:38:13.239] rive  compiling 6 markup files as one document: pipstage.rml, shared.rml, stage1.rml, stage2.rml, stage3.rml, stage4.rml
[09:38:13.743] rive  built tools/rive/bolt/build/pip_bolt.riv (159599 bytes, 509ms, 0 errors, 0 warnings)
[09:38:13.746] rive  data: mood = 0
[09:38:13.746] rive  showing Stage3 [1/5]
[09:38:13.746] rive  viewport 240x240 @1x
[09:38:13.754] rive  wrote design/animations/rive/bolt/frames/mp3_idle_015.png
[09:38:13.825] rive  compiling 6 markup files as one document: pipstage.rml, shared.rml, stage1.rml, stage2.rml, stage3.rml, stage4.rml
[09:38:14.340] rive  built tools/rive/bolt/build/pip_bolt.riv (159599 bytes, 518ms, 0 errors, 0 warnings)
[09:38:14.342] rive  data: mood = 0
[09:38:14.342] rive  showing Stage3 [1/5]
[09:38:14.342] rive  viewport 240x240 @1x
[09:38:14.350] rive  wrote design/animations/rive/bolt/frames/mp3_idle_017.png
[09:38:14.421] rive  compiling 6 markup files as one document: pipstage.rml, shared.rml, stage1.rml, stage2.rml, stage3.rml, stage4.rml
[09:38:14.933] rive  built tools/rive/bolt/build/pip_bolt.riv (159599 bytes, 517ms, 0 errors, 0 warnings)
[09:38:14.935] rive  data: mood = 0
[09:38:14.935] rive  showing Stage3 [1/5]
[09:38:14.935] rive  viewport 240x240 @1x
[09:38:14.943] rive  wrote design/animations/rive/bolt/frames/mp3_idle_019.png
[09:38:15.012] rive  compiling 6 markup files as one document: pipstage.rml, shared.rml, stage1.rml, stage2.rml, stage3.rml, stage4.rml
[09:38:15.513] rive  built tools/rive/bolt/build/pip_bolt.riv (159599 bytes, 505ms, 0 errors, 0 warnings)
[09:38:15.515] rive  data: mood = 0
[09:38:15.515] rive  showing Stage3 [1/5]
[09:38:15.515] rive  viewport 240x240 @1x
[09:38:15.523] rive  wrote design/animations/rive/bolt/frames/mp3_idle_021.png
[09:38:15.594] rive  compiling 6 markup files as one document: pipstage.rml, shared.rml, stage1.rml, stage2.rml, stage3.rml, stage4.rml
[09:38:16.099] rive  built tools/rive/bolt/build/pip_bolt.riv (159599 bytes, 509ms, 0 errors, 0 warnings)
[09:38:16.100] rive  data: mood = 0
[09:38:16.101] rive  showing Stage3 [1/5]
[09:38:16.101] rive  viewport 240x240 @1x
[09:38:16.109] rive  wrote design/animations/rive/bolt/frames/mp3_idle_023.png
[09:38:16.182] rive  compiling 6 markup files as one document: pipstage.rml, shared.rml, stage1.rml, stage2.rml, stage3.rml, stage4.rml
[09:38:16.693] rive  built tools/rive/bolt/build/pip_bolt.riv (159599 bytes, 517ms, 0 errors, 0 warnings)
[09:38:16.695] rive  data: mood = 0
[09:38:16.695] rive  showing Stage3 [1/5]
[09:38:16.695] rive  viewport 240x240 @1x
[09:38:16.703] rive  wrote design/animations/rive/bolt/frames/mp3_idle_025.png
[09:38:16.772] rive  compiling 6 markup files as one document: pipstage.rml, shared.rml, stage1.rml, stage2.rml, stage3.rml, stage4.rml
[09:38:17.292] rive  built tools/rive/bolt/build/pip_bolt.riv (159599 bytes, 524ms, 0 errors, 0 warnings)
[09:38:17.294] rive  data: mood = 0
[09:38:17.294] rive  showing Stage3 [1/5]
[09:38:17.294] rive  viewport 240x240 @1x
[09:38:17.302] rive  wrote design/animations/rive/bolt/frames/mp3_idle_027.png
[09:38:17.380] rive  compiling 6 markup files as one document: pipstage.rml, shared.rml, stage1.rml, stage2.rml, stage3.rml, stage4.rml
[09:38:17.891] rive  built tools/rive/bolt/build/pip_bolt.riv (159599 bytes, 516ms, 0 errors, 0 warnings)
[09:38:17.894] rive  data: mood = 0
[09:38:17.894] rive  showing Stage3 [1/5]
[09:38:17.894] rive  viewport 240x240 @1x
[09:38:17.901] rive  wrote design/animations/rive/bolt/frames/mp3_idle_029.png
[09:38:17.971] rive  compiling 6 markup files as one document: pipstage.rml, shared.rml, stage1.rml, stage2.rml, stage3.rml, stage4.rml
[09:38:18.482] rive  built tools/rive/bolt/build/pip_bolt.riv (159599 bytes, 515ms, 0 errors, 0 warnings)
[09:38:18.484] rive  data: mood = 0
[09:38:18.484] rive  showing Stage3 [1/5]
[09:38:18.484] rive  viewport 240x240 @1x
[09:38:18.492] rive  wrote design/animations/rive/bolt/frames/mp3_idle_031.png
[09:38:18.563] rive  compiling 6 markup files as one document: pipstage.rml, shared.rml, stage1.rml, stage2.rml, stage3.rml, stage4.rml
[09:38:19.072] rive  built tools/rive/bolt/build/pip_bolt.riv (159599 bytes, 513ms, 0 errors, 0 warnings)
[09:38:19.074] rive  data: mood = 0
[09:38:19.074] rive  showing Stage3 [1/5]
[09:38:19.074] rive  viewport 240x240 @1x
[09:38:19.083] rive  wrote design/animations/rive/bolt/frames/mp3_idle_033.png
[09:38:19.153] rive  compiling 6 markup files as one document: pipstage.rml, shared.rml, stage1.rml, stage2.rml, stage3.rml, stage4.rml
[09:38:19.670] rive  built tools/rive/bolt/build/pip_bolt.riv (159599 bytes, 520ms, 0 errors, 0 warnings)
[09:38:19.672] rive  data: mood = 0
[09:38:19.672] rive  showing Stage3 [1/5]
[09:38:19.672] rive  viewport 240x240 @1x
[09:38:19.680] rive  wrote design/animations/rive/bolt/frames/mp3_idle_035.png
[09:38:19.754] rive  compiling 6 markup files as one document: pipstage.rml, shared.rml, stage1.rml, stage2.rml, stage3.rml, stage4.rml
[09:38:20.264] rive  built tools/rive/bolt/build/pip_bolt.riv (159599 bytes, 514ms, 0 errors, 0 warnings)
[09:38:20.266] rive  data: mood = 0
[09:38:20.266] rive  showing Stage3 [1/5]
[09:38:20.267] rive  viewport 240x240 @1x
[09:38:20.275] rive  wrote design/animations/rive/bolt/frames/mp3_idle_037.png
[09:38:20.344] rive  compiling 6 markup files as one document: pipstage.rml, shared.rml, stage1.rml, stage2.rml, stage3.rml, stage4.rml
[09:38:20.852] rive  built tools/rive/bolt/build/pip_bolt.riv (159599 bytes, 512ms, 0 errors, 0 warnings)
[09:38:20.855] rive  data: mood = 0
[09:38:20.855] rive  showing Stage3 [1/5]
[09:38:20.855] rive  viewport 240x240 @1x
[09:38:20.863] rive  wrote design/animations/rive/bolt/frames/mp3_idle_039.png
[09:38:20.936] rive  compiling 6 markup files as one document: pipstage.rml, shared.rml, stage1.rml, stage2.rml, stage3.rml, stage4.rml
[09:38:21.444] rive  built tools/rive/bolt/build/pip_bolt.riv (159599 bytes, 512ms, 0 errors, 0 warnings)
[09:38:21.446] rive  data: mood = 0
[09:38:21.446] rive  showing Stage3 [1/5]
[09:38:21.446] rive  viewport 240x240 @1x
[09:38:21.453] rive  wrote design/animations/rive/bolt/frames/mp3_idle_041.png
[09:38:21.520] rive  compiling 6 markup files as one document: pipstage.rml, shared.rml, stage1.rml, stage2.rml, stage3.rml, stage4.rml
[09:38:22.024] rive  built tools/rive/bolt/build/pip_bolt.riv (159599 bytes, 507ms, 0 errors, 0 warnings)
[09:38:22.026] rive  data: mood = 0
[09:38:22.026] rive  showing Stage3 [1/5]
[09:38:22.026] rive  viewport 240x240 @1x
[09:38:22.034] rive  wrote design/animations/rive/bolt/frames/mp3_idle_043.png
[09:38:22.103] rive  compiling 6 markup files as one document: pipstage.rml, shared.rml, stage1.rml, stage2.rml, stage3.rml, stage4.rml
[09:38:22.617] rive  built tools/rive/bolt/build/pip_bolt.riv (159599 bytes, 518ms, 0 errors, 0 warnings)
[09:38:22.619] rive  data: mood = 0
[09:38:22.619] rive  showing Stage3 [1/5]
[09:38:22.620] rive  viewport 240x240 @1x
[09:38:22.627] rive  wrote design/animations/rive/bolt/frames/mp3_idle_045.png
[09:38:22.703] rive  compiling 6 markup files as one document: pipstage.rml, shared.rml, stage1.rml, stage2.rml, stage3.rml, stage4.rml
[09:38:23.223] rive  built tools/rive/bolt/build/pip_bolt.riv (159599 bytes, 524ms, 0 errors, 0 warnings)
[09:38:23.225] rive  data: mood = 0
[09:38:23.225] rive  showing Stage3 [1/5]
[09:38:23.225] rive  viewport 240x240 @1x
[09:38:23.233] rive  wrote design/animations/rive/bolt/frames/mp3_idle_047.png
[09:38:23.305] rive  compiling 6 markup files as one document: pipstage.rml, shared.rml, stage1.rml, stage2.rml, stage3.rml, stage4.rml
[09:38:23.814] rive  built tools/rive/bolt/build/pip_bolt.riv (159599 bytes, 513ms, 0 errors, 0 warnings)
[09:38:23.816] rive  data: mood = 0
[09:38:23.816] rive  showing Stage3 [1/5]
[09:38:23.817] rive  viewport 240x240 @1x
[09:38:23.825] rive  wrote design/animations/rive/bolt/frames/mp3_idle_049.png
[09:38:23.894] rive  compiling 6 markup files as one document: pipstage.rml, shared.rml, stage1.rml, stage2.rml, stage3.rml, stage4.rml
[09:38:24.407] rive  built tools/rive/bolt/build/pip_bolt.riv (159599 bytes, 517ms, 0 errors, 0 warnings)
[09:38:24.409] rive  data: mood = 0
[09:38:24.409] rive  showing Stage3 [1/5]
[09:38:24.409] rive  viewport 240x240 @1x
[09:38:24.418] rive  wrote design/animations/rive/bolt/frames/mp3_idle_051.png
[09:38:24.486] rive  compiling 6 markup files as one document: pipstage.rml, shared.rml, stage1.rml, stage2.rml, stage3.rml, stage4.rml
[09:38:24.994] rive  built tools/rive/bolt/build/pip_bolt.riv (159599 bytes, 512ms, 0 errors, 0 warnings)
[09:38:24.997] rive  data: mood = 0
[09:38:24.997] rive  showing Stage3 [1/5]
[09:38:24.997] rive  viewport 240x240 @1x
[09:38:25.005] rive  wrote design/animations/rive/bolt/frames/mp3_idle_053.png
[09:38:25.077] rive  compiling 6 markup files as one document: pipstage.rml, shared.rml, stage1.rml, stage2.rml, stage3.rml, stage4.rml
[09:38:25.589] rive  built tools/rive/bolt/build/pip_bolt.riv (159599 bytes, 516ms, 0 errors, 0 warnings)
[09:38:25.592] rive  data: mood = 0
[09:38:25.592] rive  showing Stage3 [1/5]
[09:38:25.592] rive  viewport 240x240 @1x
[09:38:25.599] rive  wrote design/animations/rive/bolt/frames/mp3_idle_055.png
[09:38:25.669] rive  compiling 6 markup files as one document: pipstage.rml, shared.rml, stage1.rml, stage2.rml, stage3.rml, stage4.rml
[09:38:26.176] rive  built tools/rive/bolt/build/pip_bolt.riv (159599 bytes, 510ms, 0 errors, 0 warnings)
[09:38:26.178] rive  data: mood = 0
[09:38:26.178] rive  showing Stage3 [1/5]
[09:38:26.178] rive  viewport 240x240 @1x
[09:38:26.186] rive  wrote design/animations/rive/bolt/frames/mp3_idle_057.png
[09:38:26.253] rive  compiling 6 markup files as one document: pipstage.rml, shared.rml, stage1.rml, stage2.rml, stage3.rml, stage4.rml
[09:38:26.761] rive  built tools/rive/bolt/build/pip_bolt.riv (159599 bytes, 512ms, 0 errors, 0 warnings)
[09:38:26.764] rive  data: mood = 0
[09:38:26.764] rive  showing Stage3 [1/5]
[09:38:26.764] rive  viewport 240x240 @1x
[09:38:26.772] rive  wrote design/animations/rive/bolt/frames/mp3_idle_059.png
[09:38:26.845] rive  compiling 6 markup files as one document: pipstage.rml, shared.rml, stage1.rml, stage2.rml, stage3.rml, stage4.rml
[09:38:27.354] rive  built tools/rive/bolt/build/pip_bolt.riv (159599 bytes, 512ms, 0 errors, 0 warnings)
[09:38:27.356] rive  data: mood = 0
[09:38:27.356] rive  showing Stage3 [1/5]
[09:38:27.356] rive  viewport 240x240 @1x
[09:38:27.364] rive  wrote design/animations/rive/bolt/frames/mp3_idle_061.png
[09:38:27.437] rive  compiling 6 markup files as one document: pipstage.rml, shared.rml, stage1.rml, stage2.rml, stage3.rml, stage4.rml
[09:38:27.952] rive  built tools/rive/bolt/build/pip_bolt.riv (159599 bytes, 519ms, 0 errors, 0 warnings)
[09:38:27.954] rive  data: mood = 0
[09:38:27.954] rive  showing Stage3 [1/5]
[09:38:27.954] rive  viewport 240x240 @1x
[09:38:27.962] rive  wrote design/animations/rive/bolt/frames/mp3_idle_063.png
[09:38:28.037] rive  compiling 6 markup files as one document: pipstage.rml, shared.rml, stage1.rml, stage2.rml, stage3.rml, stage4.rml
[09:38:28.554] rive  built tools/rive/bolt/build/pip_bolt.riv (159599 bytes, 521ms, 0 errors, 0 warnings)
[09:38:28.556] rive  data: mood = 0
[09:38:28.556] rive  showing Stage3 [1/5]
[09:38:28.556] rive  viewport 240x240 @1x
[09:38:28.564] rive  wrote design/animations/rive/bolt/frames/mp3_idle_065.png
[09:38:28.635] rive  compiling 6 markup files as one document: pipstage.rml, shared.rml, stage1.rml, stage2.rml, stage3.rml, stage4.rml
[09:38:29.153] rive  built tools/rive/bolt/build/pip_bolt.riv (159599 bytes, 522ms, 0 errors, 0 warnings)
[09:38:29.155] rive  data: mood = 0
[09:38:29.155] rive  showing Stage3 [1/5]
[09:38:29.155] rive  viewport 240x240 @1x
[09:38:29.163] rive  wrote design/animations/rive/bolt/frames/mp3_idle_067.png
[09:38:29.297] rive  compiling 6 markup files as one document: pipstage.rml, shared.rml, stage1.rml, stage2.rml, stage3.rml, stage4.rml
[09:38:29.811] rive  built tools/rive/bolt/build/pip_bolt.riv (159599 bytes, 553ms, 0 errors, 0 warnings)
[09:38:29.813] rive  data: mood = 0
[09:38:29.813] rive  showing Stage3 [1/5]
[09:38:29.814] rive  viewport 240x240 @1x
[09:38:29.822] rive  wrote design/animations/rive/bolt/frames/mp3_idle_069.png
[09:38:29.949] rive  compiling 6 markup files as one document: pipstage.rml, shared.rml, stage1.rml, stage2.rml, stage3.rml, stage4.rml
[09:38:30.472] rive  built tools/rive/bolt/build/pip_bolt.riv (159599 bytes, 548ms, 0 errors, 0 warnings)
[09:38:30.476] rive  data: mood = 0
[09:38:30.478] rive  showing Stage3 [1/5]
[09:38:30.478] rive  viewport 240x240 @1x
[09:38:30.486] rive  wrote design/animations/rive/bolt/frames/mp3_idle_071.png
[09:38:30.632] rive  compiling 6 markup files as one document: pipstage.rml, shared.rml, stage1.rml, stage2.rml, stage3.rml, stage4.rml
[09:38:31.142] rive  built tools/rive/bolt/build/pip_bolt.riv (159599 bytes, 548ms, 0 errors, 0 warnings)
[09:38:31.144] rive  data: mood = 0
[09:38:31.145] rive  showing Stage3 [1/5]
[09:38:31.145] rive  viewport 240x240 @1x
[09:38:31.153] rive  wrote design/animations/rive/bolt/frames/mp3_idle_073.png
[09:38:31.265] rive  compiling 6 markup files as one document: pipstage.rml, shared.rml, stage1.rml, stage2.rml, stage3.rml, stage4.rml
[09:38:31.776] rive  built tools/rive/bolt/build/pip_bolt.riv (159599 bytes, 515ms, 0 errors, 0 warnings)
[09:38:31.778] rive  data: mood = 0
[09:38:31.778] rive  showing Stage3 [1/5]
[09:38:31.779] rive  viewport 240x240 @1x
[09:38:31.787] rive  wrote design/animations/rive/bolt/frames/mp3_idle_075.png
[09:38:31.935] rive  compiling 6 markup files as one document: pipstage.rml, shared.rml, stage1.rml, stage2.rml, stage3.rml, stage4.rml
[09:38:32.450] rive  built tools/rive/bolt/build/pip_bolt.riv (159599 bytes, 567ms, 0 errors, 0 warnings)
[09:38:32.453] rive  data: mood = 0
[09:38:32.453] rive  showing Stage3 [1/5]
[09:38:32.453] rive  viewport 240x240 @1x
[09:38:32.461] rive  wrote design/animations/rive/bolt/frames/mp3_idle_077.png
[09:38:32.579] rive  compiling 6 markup files as one document: pipstage.rml, shared.rml, stage1.rml, stage2.rml, stage3.rml, stage4.rml
[09:38:33.093] rive  built tools/rive/bolt/build/pip_bolt.riv (159599 bytes, 517ms, 0 errors, 0 warnings)
[09:38:33.095] rive  data: mood = 0
[09:38:33.095] rive  showing Stage3 [1/5]
[09:38:33.095] rive  viewport 240x240 @1x
[09:38:33.103] rive  wrote design/animations/rive/bolt/frames/mp3_idle_079.png
[09:38:33.178] rive  compiling 6 markup files as one document: pipstage.rml, shared.rml, stage1.rml, stage2.rml, stage3.rml, stage4.rml
[09:38:33.693] rive  built tools/rive/bolt/build/pip_bolt.riv (159599 bytes, 520ms, 0 errors, 0 warnings)
[09:38:33.695] rive  data: mood = 0
[09:38:33.696] rive  showing Stage3 [1/5]
[09:38:33.696] rive  viewport 240x240 @1x
[09:38:33.703] rive  wrote design/animations/rive/bolt/frames/mp3_idle_081.png
[09:38:33.774] rive  compiling 6 markup files as one document: pipstage.rml, shared.rml, stage1.rml, stage2.rml, stage3.rml, stage4.rml
[09:38:34.280] rive  built tools/rive/bolt/build/pip_bolt.riv (159599 bytes, 511ms, 0 errors, 0 warnings)
[09:38:34.282] rive  data: mood = 0
[09:38:34.282] rive  showing Stage3 [1/5]
[09:38:34.283] rive  viewport 240x240 @1x
[09:38:34.290] rive  wrote design/animations/rive/bolt/frames/mp3_idle_083.png
[09:38:34.360] rive  compiling 6 markup files as one document: pipstage.rml, shared.rml, stage1.rml, stage2.rml, stage3.rml, stage4.rml
[09:38:34.867] rive  built tools/rive/bolt/build/pip_bolt.riv (159599 bytes, 510ms, 0 errors, 0 warnings)
[09:38:34.869] rive  data: mood = 0
[09:38:34.869] rive  showing Stage3 [1/5]
[09:38:34.869] rive  viewport 240x240 @1x
[09:38:34.878] rive  wrote design/animations/rive/bolt/frames/mp3_idle_085.png
[09:38:34.945] rive  compiling 6 markup files as one document: pipstage.rml, shared.rml, stage1.rml, stage2.rml, stage3.rml, stage4.rml
[09:38:35.457] rive  built tools/rive/bolt/build/pip_bolt.riv (159599 bytes, 515ms, 0 errors, 0 warnings)
[09:38:35.459] rive  data: mood = 0
[09:38:35.459] rive  showing Stage3 [1/5]
[09:38:35.459] rive  viewport 240x240 @1x
[09:38:35.467] rive  wrote design/animations/rive/bolt/frames/mp3_idle_087.png
[09:38:35.535] rive  compiling 6 markup files as one document: pipstage.rml, shared.rml, stage1.rml, stage2.rml, stage3.rml, stage4.rml
[09:38:36.042] rive  built tools/rive/bolt/build/pip_bolt.riv (159599 bytes, 511ms, 0 errors, 0 warnings)
[09:38:36.044] rive  data: mood = 0
[09:38:36.044] rive  showing Stage3 [1/5]
[09:38:36.045] rive  viewport 240x240 @1x
[09:38:36.053] rive  wrote design/animations/rive/bolt/frames/mp3_idle_089.png
[09:38:36.121] rive  compiling 6 markup files as one document: pipstage.rml, shared.rml, stage1.rml, stage2.rml, stage3.rml, stage4.rml
[09:38:36.629] rive  built tools/rive/bolt/build/pip_bolt.riv (159599 bytes, 511ms, 0 errors, 0 warnings)
[09:38:36.631] rive  data: mood = 0
[09:38:36.631] rive  showing Stage3 [1/5]
[09:38:36.632] rive  viewport 240x240 @1x
[09:38:36.639] rive  wrote design/animations/rive/bolt/frames/mp3_idle_091.png
[09:38:36.710] rive  compiling 6 markup files as one document: pipstage.rml, shared.rml, stage1.rml, stage2.rml, stage3.rml, stage4.rml
[09:38:37.220] rive  built tools/rive/bolt/build/pip_bolt.riv (159599 bytes, 513ms, 0 errors, 0 warnings)
[09:38:37.222] rive  data: mood = 0
[09:38:37.222] rive  showing Stage3 [1/5]
[09:38:37.222] rive  viewport 240x240 @1x
[09:38:37.230] rive  wrote design/animations/rive/bolt/frames/mp3_idle_093.png
[09:38:37.303] rive  compiling 6 markup files as one document: pipstage.rml, shared.rml, stage1.rml, stage2.rml, stage3.rml, stage4.rml
[09:38:37.813] rive  built tools/rive/bolt/build/pip_bolt.riv (159599 bytes, 514ms, 0 errors, 0 warnings)
[09:38:37.815] rive  data: mood = 0
[09:38:37.815] rive  showing Stage3 [1/5]
[09:38:37.815] rive  viewport 240x240 @1x
[09:38:37.823] rive  wrote design/animations/rive/bolt/frames/mp3_idle_095.png
[09:38:37.897] rive  compiling 6 markup files as one document: pipstage.rml, shared.rml, stage1.rml, stage2.rml, stage3.rml, stage4.rml
[09:38:38.400] rive  built tools/rive/bolt/build/pip_bolt.riv (159599 bytes, 507ms, 0 errors, 0 warnings)
[09:38:38.402] rive  data: mood = 0
[09:38:38.402] rive  showing Stage3 [1/5]
[09:38:38.402] rive  viewport 240x240 @1x
[09:38:38.410] rive  wrote design/animations/rive/bolt/frames/mp3_idle_097.png
[09:38:38.480] rive  compiling 6 markup files as one document: pipstage.rml, shared.rml, stage1.rml, stage2.rml, stage3.rml, stage4.rml
[09:38:38.992] rive  built tools/rive/bolt/build/pip_bolt.riv (159599 bytes, 516ms, 0 errors, 0 warnings)
[09:38:38.995] rive  data: mood = 0
[09:38:38.995] rive  showing Stage3 [1/5]
[09:38:38.996] rive  viewport 240x240 @1x
[09:38:39.004] rive  wrote design/animations/rive/bolt/frames/mp3_idle_099.png
[09:38:39.076] rive  compiling 6 markup files as one document: pipstage.rml, shared.rml, stage1.rml, stage2.rml, stage3.rml, stage4.rml
[09:38:39.583] rive  built tools/rive/bolt/build/pip_bolt.riv (159599 bytes, 510ms, 0 errors, 0 warnings)
[09:38:39.585] rive  data: mood = 0
[09:38:39.585] rive  showing Stage3 [1/5]
[09:38:39.586] rive  viewport 240x240 @1x
[09:38:39.594] rive  wrote design/animations/rive/bolt/frames/mp3_idle_101.png
[09:38:39.670] rive  compiling 6 markup files as one document: pipstage.rml, shared.rml, stage1.rml, stage2.rml, stage3.rml, stage4.rml
[09:38:40.182] rive  built tools/rive/bolt/build/pip_bolt.riv (159599 bytes, 516ms, 0 errors, 0 warnings)
[09:38:40.184] rive  data: mood = 0
[09:38:40.184] rive  showing Stage3 [1/5]
[09:38:40.185] rive  viewport 240x240 @1x
[09:38:40.193] rive  wrote design/animations/rive/bolt/frames/mp3_idle_103.png
[09:38:40.268] rive  compiling 6 markup files as one document: pipstage.rml, shared.rml, stage1.rml, stage2.rml, stage3.rml, stage4.rml
[09:38:40.777] rive  built tools/rive/bolt/build/pip_bolt.riv (159599 bytes, 512ms, 0 errors, 0 warnings)
[09:38:40.779] rive  data: mood = 0
[09:38:40.779] rive  showing Stage3 [1/5]
[09:38:40.779] rive  viewport 240x240 @1x
[09:38:40.787] rive  wrote design/animations/rive/bolt/frames/mp3_idle_105.png
[09:38:40.854] rive  compiling 6 markup files as one document: pipstage.rml, shared.rml, stage1.rml, stage2.rml, stage3.rml, stage4.rml
[09:38:41.367] rive  built tools/rive/bolt/build/pip_bolt.riv (159599 bytes, 516ms, 0 errors, 0 warnings)
[09:38:41.369] rive  data: mood = 0
[09:38:41.369] rive  showing Stage3 [1/5]
[09:38:41.369] rive  viewport 240x240 @1x
[09:38:41.377] rive  wrote design/animations/rive/bolt/frames/mp3_idle_107.png
[09:38:41.446] rive  compiling 6 markup files as one document: pipstage.rml, shared.rml, stage1.rml, stage2.rml, stage3.rml, stage4.rml
[09:38:41.950] rive  built tools/rive/bolt/build/pip_bolt.riv (159599 bytes, 509ms, 0 errors, 0 warnings)
[09:38:41.952] rive  data: mood = 0
[09:38:41.952] rive  showing Stage3 [1/5]
[09:38:41.953] rive  viewport 240x240 @1x
[09:38:41.961] rive  wrote design/animations/rive/bolt/frames/mp3_idle_109.png
[09:38:42.030] rive  compiling 6 markup files as one document: pipstage.rml, shared.rml, stage1.rml, stage2.rml, stage3.rml, stage4.rml
[09:38:42.544] rive  built tools/rive/bolt/build/pip_bolt.riv (159599 bytes, 517ms, 0 errors, 0 warnings)
[09:38:42.546] rive  data: mood = 0
[09:38:42.546] rive  showing Stage3 [1/5]
[09:38:42.546] rive  viewport 240x240 @1x
[09:38:42.554] rive  wrote design/animations/rive/bolt/frames/mp3_idle_111.png
[09:38:42.623] rive  compiling 6 markup files as one document: pipstage.rml, shared.rml, stage1.rml, stage2.rml, stage3.rml, stage4.rml
[09:38:43.130] rive  built tools/rive/bolt/build/pip_bolt.riv (159599 bytes, 511ms, 0 errors, 0 warnings)
[09:38:43.132] rive  data: mood = 0
[09:38:43.133] rive  showing Stage3 [1/5]
[09:38:43.133] rive  viewport 240x240 @1x
[09:38:43.141] rive  wrote design/animations/rive/bolt/frames/mp3_idle_113.png
[09:38:43.210] rive  compiling 6 markup files as one document: pipstage.rml, shared.rml, stage1.rml, stage2.rml, stage3.rml, stage4.rml
[09:38:43.726] rive  built tools/rive/bolt/build/pip_bolt.riv (159599 bytes, 520ms, 0 errors, 0 warnings)
[09:38:43.728] rive  data: mood = 0
[09:38:43.728] rive  showing Stage3 [1/5]
[09:38:43.729] rive  viewport 240x240 @1x
[09:38:43.737] rive  wrote design/animations/rive/bolt/frames/mp3_idle_115.png
[09:38:43.810] rive  compiling 6 markup files as one document: pipstage.rml, shared.rml, stage1.rml, stage2.rml, stage3.rml, stage4.rml
[09:38:44.315] rive  built tools/rive/bolt/build/pip_bolt.riv (159599 bytes, 508ms, 0 errors, 0 warnings)
[09:38:44.317] rive  data: mood = 0
[09:38:44.317] rive  showing Stage3 [1/5]
[09:38:44.318] rive  viewport 240x240 @1x
[09:38:44.326] rive  wrote design/animations/rive/bolt/frames/mp3_idle_117.png
[09:38:44.398] rive  compiling 6 markup files as one document: pipstage.rml, shared.rml, stage1.rml, stage2.rml, stage3.rml, stage4.rml
[09:38:44.906] rive  built tools/rive/bolt/build/pip_bolt.riv (159599 bytes, 512ms, 0 errors, 0 warnings)
[09:38:44.908] rive  data: mood = 0
[09:38:44.908] rive  showing Stage3 [1/5]
[09:38:44.909] rive  viewport 240x240 @1x
[09:38:44.917] rive  wrote design/animations/rive/bolt/frames/mp3_idle_119.png
[09:38:44.985] rive  compiling 6 markup files as one document: pipstage.rml, shared.rml, stage1.rml, stage2.rml, stage3.rml, stage4.rml
[09:38:45.487] rive  built tools/rive/bolt/build/pip_bolt.riv (159599 bytes, 505ms, 0 errors, 0 warnings)
[09:38:45.489] rive  data: mood = 0
[09:38:45.489] rive  showing Stage3 [1/5]
[09:38:45.490] rive  viewport 240x240 @1x
[09:38:45.498] rive  wrote design/animations/rive/bolt/frames/mp3_idle_121.png
[09:38:45.568] rive  compiling 6 markup files as one document: pipstage.rml, shared.rml, stage1.rml, stage2.rml, stage3.rml, stage4.rml
[09:38:46.070] rive  built tools/rive/bolt/build/pip_bolt.riv (159599 bytes, 505ms, 0 errors, 0 warnings)
[09:38:46.072] rive  data: mood = 0
[09:38:46.072] rive  showing Stage3 [1/5]
[09:38:46.073] rive  viewport 240x240 @1x
[09:38:46.080] rive  wrote design/animations/rive/bolt/frames/mp3_idle_123.png
[09:38:46.152] rive  compiling 6 markup files as one document: pipstage.rml, shared.rml, stage1.rml, stage2.rml, stage3.rml, stage4.rml
[09:38:46.654] rive  built tools/rive/bolt/build/pip_bolt.riv (159599 bytes, 505ms, 0 errors, 0 warnings)
[09:38:46.656] rive  data: mood = 0
[09:38:46.656] rive  showing Stage3 [1/5]
[09:38:46.657] rive  viewport 240x240 @1x
[09:38:46.664] rive  wrote design/animations/rive/bolt/frames/mp3_idle_125.png
[09:38:46.735] rive  compiling 6 markup files as one document: pipstage.rml, shared.rml, stage1.rml, stage2.rml, stage3.rml, stage4.rml
[09:38:47.256] rive  built tools/rive/bolt/build/pip_bolt.riv (159599 bytes, 525ms, 0 errors, 0 warnings)
[09:38:47.259] rive  data: mood = 0
[09:38:47.259] rive  showing Stage3 [1/5]
[09:38:47.259] rive  viewport 240x240 @1x
[09:38:47.267] rive  wrote design/animations/rive/bolt/frames/mp3_idle_127.png
[09:38:47.350] rive  compiling 6 markup files as one document: pipstage.rml, shared.rml, stage1.rml, stage2.rml, stage3.rml, stage4.rml
[09:38:47.864] rive  built tools/rive/bolt/build/pip_bolt.riv (159599 bytes, 519ms, 0 errors, 0 warnings)
[09:38:47.866] rive  data: mood = 0
[09:38:47.866] rive  showing Stage3 [1/5]
[09:38:47.867] rive  viewport 240x240 @1x
[09:38:47.874] rive  wrote design/animations/rive/bolt/frames/mp3_idle_129.png
[09:38:47.945] rive  compiling 6 markup files as one document: pipstage.rml, shared.rml, stage1.rml, stage2.rml, stage3.rml, stage4.rml
[09:38:48.460] rive  built tools/rive/bolt/build/pip_bolt.riv (159599 bytes, 519ms, 0 errors, 0 warnings)
[09:38:48.463] rive  data: mood = 0
[09:38:48.463] rive  showing Stage3 [1/5]
[09:38:48.463] rive  viewport 240x240 @1x
[09:38:48.471] rive  wrote design/animations/rive/bolt/frames/mp3_idle_131.png
[09:38:48.544] rive  compiling 6 markup files as one document: pipstage.rml, shared.rml, stage1.rml, stage2.rml, stage3.rml, stage4.rml
[09:38:49.048] rive  built tools/rive/bolt/build/pip_bolt.riv (159599 bytes, 508ms, 0 errors, 0 warnings)
[09:38:49.050] rive  data: mood = 0
[09:38:49.051] rive  showing Stage3 [1/5]
[09:38:49.051] rive  viewport 240x240 @1x
[09:38:49.059] rive  wrote design/animations/rive/bolt/frames/mp3_idle_133.png
[09:38:49.128] rive  compiling 6 markup files as one document: pipstage.rml, shared.rml, stage1.rml, stage2.rml, stage3.rml, stage4.rml
[09:38:49.653] rive  built tools/rive/bolt/build/pip_bolt.riv (159599 bytes, 528ms, 0 errors, 0 warnings)
[09:38:49.655] rive  data: mood = 0
[09:38:49.655] rive  showing Stage3 [1/5]
[09:38:49.656] rive  viewport 240x240 @1x
[09:38:49.665] rive  wrote design/animations/rive/bolt/frames/mp3_idle_135.png
[09:38:49.745] rive  compiling 6 markup files as one document: pipstage.rml, shared.rml, stage1.rml, stage2.rml, stage3.rml, stage4.rml
[09:38:50.266] rive  built tools/rive/bolt/build/pip_bolt.riv (159599 bytes, 525ms, 0 errors, 0 warnings)
[09:38:50.268] rive  data: mood = 0
[09:38:50.268] rive  showing Stage3 [1/5]
[09:38:50.269] rive  viewport 240x240 @1x
[09:38:50.277] rive  wrote design/animations/rive/bolt/frames/mp3_idle_137.png
[09:38:50.347] rive  compiling 6 markup files as one document: pipstage.rml, shared.rml, stage1.rml, stage2.rml, stage3.rml, stage4.rml
[09:38:50.868] rive  built tools/rive/bolt/build/pip_bolt.riv (159599 bytes, 525ms, 0 errors, 0 warnings)
[09:38:50.870] rive  data: mood = 0
[09:38:50.870] rive  showing Stage3 [1/5]
[09:38:50.871] rive  viewport 240x240 @1x
[09:38:50.879] rive  wrote design/animations/rive/bolt/frames/mp3_idle_139.png
[09:38:50.951] rive  compiling 6 markup files as one document: pipstage.rml, shared.rml, stage1.rml, stage2.rml, stage3.rml, stage4.rml
[09:38:51.486] rive  built tools/rive/bolt/build/pip_bolt.riv (159599 bytes, 538ms, 0 errors, 0 warnings)
[09:38:51.488] rive  data: mood = 0
[09:38:51.488] rive  showing Stage3 [1/5]
[09:38:51.488] rive  viewport 240x240 @1x
[09:38:51.497] rive  wrote design/animations/rive/bolt/frames/mp3_idle_141.png
[09:38:51.570] rive  compiling 6 markup files as one document: pipstage.rml, shared.rml, stage1.rml, stage2.rml, stage3.rml, stage4.rml
[09:38:52.099] rive  built tools/rive/bolt/build/pip_bolt.riv (159599 bytes, 532ms, 0 errors, 0 warnings)
[09:38:52.101] rive  data: mood = 0
[09:38:52.101] rive  showing Stage3 [1/5]
[09:38:52.102] rive  viewport 240x240 @1x
[09:38:52.109] rive  wrote design/animations/rive/bolt/frames/mp3_idle_143.png
[09:38:52.179] rive  compiling 6 markup files as one document: pipstage.rml, shared.rml, stage1.rml, stage2.rml, stage3.rml, stage4.rml
[09:38:52.689] rive  built tools/rive/bolt/build/pip_bolt.riv (159599 bytes, 513ms, 0 errors, 0 warnings)
[09:38:52.691] rive  data: mood = 0
[09:38:52.691] rive  showing Stage3 [1/5]
[09:38:52.692] rive  viewport 240x240 @1x
[09:38:52.700] rive  wrote design/animations/rive/bolt/frames/mp3_idle_145.png
[09:38:52.770] rive  compiling 6 markup files as one document: pipstage.rml, shared.rml, stage1.rml, stage2.rml, stage3.rml, stage4.rml
[09:38:53.283] rive  built tools/rive/bolt/build/pip_bolt.riv (159599 bytes, 517ms, 0 errors, 0 warnings)
[09:38:53.285] rive  data: mood = 0
[09:38:53.285] rive  showing Stage3 [1/5]
[09:38:53.285] rive  viewport 240x240 @1x
[09:38:53.293] rive  wrote design/animations/rive/bolt/frames/mp3_idle_147.png
[09:38:53.368] rive  compiling 6 markup files as one document: pipstage.rml, shared.rml, stage1.rml, stage2.rml, stage3.rml, stage4.rml
[09:38:53.872] rive  built tools/rive/bolt/build/pip_bolt.riv (159599 bytes, 507ms, 0 errors, 0 warnings)
[09:38:53.874] rive  data: mood = 0
[09:38:53.874] rive  showing Stage3 [1/5]
[09:38:53.875] rive  viewport 240x240 @1x
[09:38:53.883] rive  wrote design/animations/rive/bolt/frames/mp3_idle_149.png
[09:38:53.953] rive  compiling 6 markup files as one document: pipstage.rml, shared.rml, stage1.rml, stage2.rml, stage3.rml, stage4.rml
[09:38:54.470] rive  built tools/rive/bolt/build/pip_bolt.riv (159599 bytes, 522ms, 0 errors, 0 warnings)
[09:38:54.472] rive  data: mood = 0
[09:38:54.473] rive  showing Stage3 [1/5]
[09:38:54.473] rive  viewport 240x240 @1x
[09:38:54.481] rive  wrote design/animations/rive/bolt/frames/mp3_idle_151.png
[09:38:54.552] rive  compiling 6 markup files as one document: pipstage.rml, shared.rml, stage1.rml, stage2.rml, stage3.rml, stage4.rml
[09:38:55.067] rive  built tools/rive/bolt/build/pip_bolt.riv (159599 bytes, 519ms, 0 errors, 0 warnings)
[09:38:55.069] rive  data: mood = 0
[09:38:55.069] rive  showing Stage3 [1/5]
[09:38:55.070] rive  viewport 240x240 @1x
[09:38:55.078] rive  wrote design/animations/rive/bolt/frames/mp3_idle_153.png
[09:38:55.146] rive  compiling 6 markup files as one document: pipstage.rml, shared.rml, stage1.rml, stage2.rml, stage3.rml, stage4.rml
[09:38:55.654] rive  built tools/rive/bolt/build/pip_bolt.riv (159599 bytes, 511ms, 0 errors, 0 warnings)
[09:38:55.656] rive  data: mood = 0
[09:38:55.656] rive  showing Stage3 [1/5]
[09:38:55.657] rive  viewport 240x240 @1x
[09:38:55.665] rive  wrote design/animations/rive/bolt/frames/mp3_idle_155.png
[09:38:55.735] rive  compiling 6 markup files as one document: pipstage.rml, shared.rml, stage1.rml, stage2.rml, stage3.rml, stage4.rml
[09:38:56.238] rive  built tools/rive/bolt/build/pip_bolt.riv (159599 bytes, 506ms, 0 errors, 0 warnings)
[09:38:56.240] rive  data: mood = 0
[09:38:56.240] rive  showing Stage3 [1/5]
[09:38:56.241] rive  viewport 240x240 @1x
[09:38:56.249] rive  wrote design/animations/rive/bolt/frames/mp3_idle_157.png
[09:38:56.320] rive  compiling 6 markup files as one document: pipstage.rml, shared.rml, stage1.rml, stage2.rml, stage3.rml, stage4.rml
[09:38:56.827] rive  built tools/rive/bolt/build/pip_bolt.riv (159599 bytes, 511ms, 0 errors, 0 warnings)
[09:38:56.829] rive  data: mood = 0
[09:38:56.829] rive  showing Stage3 [1/5]
[09:38:56.830] rive  viewport 240x240 @1x
[09:38:56.837] rive  wrote design/animations/rive/bolt/frames/mp3_idle_159.png
[09:38:56.911] rive  compiling 6 markup files as one document: pipstage.rml, shared.rml, stage1.rml, stage2.rml, stage3.rml, stage4.rml
[09:38:57.417] rive  built tools/rive/bolt/build/pip_bolt.riv (159599 bytes, 510ms, 0 errors, 0 warnings)
[09:38:57.419] rive  data: mood = 0
[09:38:57.419] rive  showing Stage3 [1/5]
[09:38:57.420] rive  viewport 240x240 @1x
[09:38:57.428] rive  wrote design/animations/rive/bolt/frames/mp3_idle_161.png
[09:38:57.497] rive  compiling 6 markup files as one document: pipstage.rml, shared.rml, stage1.rml, stage2.rml, stage3.rml, stage4.rml
[09:38:58.011] rive  built tools/rive/bolt/build/pip_bolt.riv (159599 bytes, 518ms, 0 errors, 0 warnings)
[09:38:58.014] rive  data: mood = 0
[09:38:58.014] rive  showing Stage3 [1/5]
[09:38:58.015] rive  viewport 240x240 @1x
[09:38:58.022] rive  wrote design/animations/rive/bolt/frames/mp3_idle_163.png
[09:38:58.096] rive  compiling 6 markup files as one document: pipstage.rml, shared.rml, stage1.rml, stage2.rml, stage3.rml, stage4.rml
[09:38:58.601] rive  built tools/rive/bolt/build/pip_bolt.riv (159599 bytes, 510ms, 0 errors, 0 warnings)
[09:38:58.603] rive  data: mood = 0
[09:38:58.603] rive  showing Stage3 [1/5]
[09:38:58.604] rive  viewport 240x240 @1x
[09:38:58.612] rive  wrote design/animations/rive/bolt/frames/mp3_idle_165.png
[09:38:58.679] rive  compiling 6 markup files as one document: pipstage.rml, shared.rml, stage1.rml, stage2.rml, stage3.rml, stage4.rml
[09:38:59.188] rive  built tools/rive/bolt/build/pip_bolt.riv (159599 bytes, 513ms, 0 errors, 0 warnings)
[09:38:59.190] rive  data: mood = 0
[09:38:59.191] rive  showing Stage3 [1/5]
[09:38:59.191] rive  viewport 240x240 @1x
[09:38:59.199] rive  wrote design/animations/rive/bolt/frames/mp3_idle_167.png
[09:38:59.269] rive  compiling 6 markup files as one document: pipstage.rml, shared.rml, stage1.rml, stage2.rml, stage3.rml, stage4.rml
[09:38:59.779] rive  built tools/rive/bolt/build/pip_bolt.riv (159599 bytes, 514ms, 0 errors, 0 warnings)
[09:38:59.781] rive  data: mood = 0
[09:38:59.781] rive  showing Stage3 [1/5]
[09:38:59.782] rive  viewport 240x240 @1x
[09:38:59.790] rive  wrote design/animations/rive/bolt/frames/mp3_idle_169.png
[09:38:59.864] rive  compiling 6 markup files as one document: pipstage.rml, shared.rml, stage1.rml, stage2.rml, stage3.rml, stage4.rml
[09:39:00.376] rive  built tools/rive/bolt/build/pip_bolt.riv (159599 bytes, 517ms, 0 errors, 0 warnings)
[09:39:00.379] rive  data: mood = 0
[09:39:00.379] rive  showing Stage3 [1/5]
[09:39:00.380] rive  viewport 240x240 @1x
[09:39:00.387] rive  wrote design/animations/rive/bolt/frames/mp3_idle_171.png
[09:39:00.453] rive  compiling 6 markup files as one document: pipstage.rml, shared.rml, stage1.rml, stage2.rml, stage3.rml, stage4.rml
[09:39:00.966] rive  built tools/rive/bolt/build/pip_bolt.riv (159599 bytes, 516ms, 0 errors, 0 warnings)
[09:39:00.968] rive  data: mood = 0
[09:39:00.968] rive  showing Stage3 [1/5]
[09:39:00.969] rive  viewport 240x240 @1x
[09:39:00.976] rive  wrote design/animations/rive/bolt/frames/mp3_idle_173.png
[09:39:01.042] rive  compiling 6 markup files as one document: pipstage.rml, shared.rml, stage1.rml, stage2.rml, stage3.rml, stage4.rml
[09:39:01.554] rive  built tools/rive/bolt/build/pip_bolt.riv (159599 bytes, 515ms, 0 errors, 0 warnings)
[09:39:01.557] rive  data: mood = 0
[09:39:01.557] rive  showing Stage3 [1/5]
[09:39:01.558] rive  viewport 240x240 @1x
[09:39:01.565] rive  wrote design/animations/rive/bolt/frames/mp3_idle_175.png
[09:39:01.639] rive  compiling 6 markup files as one document: pipstage.rml, shared.rml, stage1.rml, stage2.rml, stage3.rml, stage4.rml
[09:39:02.167] rive  built tools/rive/bolt/build/pip_bolt.riv (159599 bytes, 531ms, 0 errors, 0 warnings)
[09:39:02.169] rive  data: mood = 0
[09:39:02.169] rive  showing Stage3 [1/5]
[09:39:02.170] rive  viewport 240x240 @1x
[09:39:02.177] rive  wrote design/animations/rive/bolt/frames/mp3_idle_177.png
[09:39:02.247] rive  compiling 6 markup files as one document: pipstage.rml, shared.rml, stage1.rml, stage2.rml, stage3.rml, stage4.rml
[09:39:02.779] rive  built tools/rive/bolt/build/pip_bolt.riv (159599 bytes, 536ms, 0 errors, 0 warnings)
[09:39:02.781] rive  data: mood = 0
[09:39:02.781] rive  showing Stage3 [1/5]
[09:39:02.782] rive  viewport 240x240 @1x
[09:39:02.790] rive  wrote design/animations/rive/bolt/frames/mp3_idle_179.png
[09:39:02.862] rive  compiling 6 markup files as one document: pipstage.rml, shared.rml, stage1.rml, stage2.rml, stage3.rml, stage4.rml
[09:39:03.399] rive  built tools/rive/bolt/build/pip_bolt.riv (159599 bytes, 541ms, 0 errors, 0 warnings)
[09:39:03.401] rive  data: mood = 1
[09:39:03.401] rive  showing Stage3 [1/5]
[09:39:03.401] rive  viewport 240x240 @1x
[09:39:03.409] rive  wrote design/animations/rive/bolt/frames/mp3_happy_001.png
[09:39:03.478] rive  compiling 6 markup files as one document: pipstage.rml, shared.rml, stage1.rml, stage2.rml, stage3.rml, stage4.rml
[09:39:04.009] rive  built tools/rive/bolt/build/pip_bolt.riv (159599 bytes, 534ms, 0 errors, 0 warnings)
[09:39:04.011] rive  data: mood = 1
[09:39:04.011] rive  showing Stage3 [1/5]
[09:39:04.011] rive  viewport 240x240 @1x
[09:39:04.019] rive  wrote design/animations/rive/bolt/frames/mp3_happy_003.png
[09:39:04.089] rive  compiling 6 markup files as one document: pipstage.rml, shared.rml, stage1.rml, stage2.rml, stage3.rml, stage4.rml
[09:39:04.616] rive  built tools/rive/bolt/build/pip_bolt.riv (159599 bytes, 530ms, 0 errors, 0 warnings)
[09:39:04.618] rive  data: mood = 1
[09:39:04.618] rive  showing Stage3 [1/5]
[09:39:04.618] rive  viewport 240x240 @1x
[09:39:04.626] rive  wrote design/animations/rive/bolt/frames/mp3_happy_005.png
[09:39:04.701] rive  compiling 6 markup files as one document: pipstage.rml, shared.rml, stage1.rml, stage2.rml, stage3.rml, stage4.rml
[09:39:05.219] rive  built tools/rive/bolt/build/pip_bolt.riv (159599 bytes, 521ms, 0 errors, 0 warnings)
[09:39:05.221] rive  data: mood = 1
[09:39:05.221] rive  showing Stage3 [1/5]
[09:39:05.221] rive  viewport 240x240 @1x
[09:39:05.228] rive  wrote design/animations/rive/bolt/frames/mp3_happy_007.png
[09:39:05.302] rive  compiling 6 markup files as one document: pipstage.rml, shared.rml, stage1.rml, stage2.rml, stage3.rml, stage4.rml
[09:39:05.807] rive  built tools/rive/bolt/build/pip_bolt.riv (159599 bytes, 509ms, 0 errors, 0 warnings)
[09:39:05.809] rive  data: mood = 1
[09:39:05.809] rive  showing Stage3 [1/5]
[09:39:05.810] rive  viewport 240x240 @1x
[09:39:05.818] rive  wrote design/animations/rive/bolt/frames/mp3_happy_009.png
[09:39:05.885] rive  compiling 6 markup files as one document: pipstage.rml, shared.rml, stage1.rml, stage2.rml, stage3.rml, stage4.rml
[09:39:06.400] rive  built tools/rive/bolt/build/pip_bolt.riv (159599 bytes, 520ms, 0 errors, 0 warnings)
[09:39:06.402] rive  data: mood = 1
[09:39:06.402] rive  showing Stage3 [1/5]
[09:39:06.402] rive  viewport 240x240 @1x
[09:39:06.410] rive  wrote design/animations/rive/bolt/frames/mp3_happy_011.png
[09:39:06.477] rive  compiling 6 markup files as one document: pipstage.rml, shared.rml, stage1.rml, stage2.rml, stage3.rml, stage4.rml
[09:39:06.984] rive  built tools/rive/bolt/build/pip_bolt.riv (159599 bytes, 510ms, 0 errors, 0 warnings)
[09:39:06.986] rive  data: mood = 1
[09:39:06.986] rive  showing Stage3 [1/5]
[09:39:06.986] rive  viewport 240x240 @1x
[09:39:06.994] rive  wrote design/animations/rive/bolt/frames/mp3_happy_013.png
[09:39:07.062] rive  compiling 6 markup files as one document: pipstage.rml, shared.rml, stage1.rml, stage2.rml, stage3.rml, stage4.rml
[09:39:07.576] rive  built tools/rive/bolt/build/pip_bolt.riv (159599 bytes, 517ms, 0 errors, 0 warnings)
[09:39:07.578] rive  data: mood = 1
[09:39:07.579] rive  showing Stage3 [1/5]
[09:39:07.579] rive  viewport 240x240 @1x
[09:39:07.588] rive  wrote design/animations/rive/bolt/frames/mp3_happy_015.png
[09:39:07.662] rive  compiling 6 markup files as one document: pipstage.rml, shared.rml, stage1.rml, stage2.rml, stage3.rml, stage4.rml
[09:39:08.167] rive  built tools/rive/bolt/build/pip_bolt.riv (159599 bytes, 508ms, 0 errors, 0 warnings)
[09:39:08.169] rive  data: mood = 1
[09:39:08.169] rive  showing Stage3 [1/5]
[09:39:08.169] rive  viewport 240x240 @1x
[09:39:08.177] rive  wrote design/animations/rive/bolt/frames/mp3_happy_017.png
[09:39:08.245] rive  compiling 6 markup files as one document: pipstage.rml, shared.rml, stage1.rml, stage2.rml, stage3.rml, stage4.rml
[09:39:08.775] rive  built tools/rive/bolt/build/pip_bolt.riv (159599 bytes, 533ms, 0 errors, 0 warnings)
[09:39:08.777] rive  data: mood = 1
[09:39:08.777] rive  showing Stage3 [1/5]
[09:39:08.777] rive  viewport 240x240 @1x
[09:39:08.786] rive  wrote design/animations/rive/bolt/frames/mp3_happy_019.png
[09:39:08.864] rive  compiling 6 markup files as one document: pipstage.rml, shared.rml, stage1.rml, stage2.rml, stage3.rml, stage4.rml
[09:39:09.411] rive  built tools/rive/bolt/build/pip_bolt.riv (159599 bytes, 552ms, 0 errors, 0 warnings)
[09:39:09.413] rive  data: mood = 1
[09:39:09.414] rive  showing Stage3 [1/5]
[09:39:09.414] rive  viewport 240x240 @1x
[09:39:09.422] rive  wrote design/animations/rive/bolt/frames/mp3_happy_021.png
[09:39:09.495] rive  compiling 6 markup files as one document: pipstage.rml, shared.rml, stage1.rml, stage2.rml, stage3.rml, stage4.rml
[09:39:10.018] rive  built tools/rive/bolt/build/pip_bolt.riv (159599 bytes, 527ms, 0 errors, 0 warnings)
[09:39:10.020] rive  data: mood = 1
[09:39:10.020] rive  showing Stage3 [1/5]
[09:39:10.020] rive  viewport 240x240 @1x
[09:39:10.028] rive  wrote design/animations/rive/bolt/frames/mp3_happy_023.png
[09:39:10.096] rive  compiling 6 markup files as one document: pipstage.rml, shared.rml, stage1.rml, stage2.rml, stage3.rml, stage4.rml
[09:39:10.630] rive  built tools/rive/bolt/build/pip_bolt.riv (159599 bytes, 538ms, 0 errors, 0 warnings)
[09:39:10.633] rive  data: mood = 1
[09:39:10.633] rive  showing Stage3 [1/5]
[09:39:10.633] rive  viewport 240x240 @1x
[09:39:10.641] rive  wrote design/animations/rive/bolt/frames/mp3_happy_025.png
[09:39:10.712] rive  compiling 6 markup files as one document: pipstage.rml, shared.rml, stage1.rml, stage2.rml, stage3.rml, stage4.rml
[09:39:11.248] rive  built tools/rive/bolt/build/pip_bolt.riv (159599 bytes, 539ms, 0 errors, 0 warnings)
[09:39:11.250] rive  data: mood = 1
[09:39:11.250] rive  showing Stage3 [1/5]
[09:39:11.250] rive  viewport 240x240 @1x
[09:39:11.258] rive  wrote design/animations/rive/bolt/frames/mp3_happy_027.png
[09:39:11.329] rive  compiling 6 markup files as one document: pipstage.rml, shared.rml, stage1.rml, stage2.rml, stage3.rml, stage4.rml
[09:39:11.852] rive  built tools/rive/bolt/build/pip_bolt.riv (159599 bytes, 527ms, 0 errors, 0 warnings)
[09:39:11.854] rive  data: mood = 1
[09:39:11.854] rive  showing Stage3 [1/5]
[09:39:11.855] rive  viewport 240x240 @1x
[09:39:11.862] rive  wrote design/animations/rive/bolt/frames/mp3_happy_029.png
[09:39:11.930] rive  compiling 6 markup files as one document: pipstage.rml, shared.rml, stage1.rml, stage2.rml, stage3.rml, stage4.rml
[09:39:12.467] rive  built tools/rive/bolt/build/pip_bolt.riv (159599 bytes, 540ms, 0 errors, 0 warnings)
[09:39:12.469] rive  data: mood = 1
[09:39:12.469] rive  showing Stage3 [1/5]
[09:39:12.469] rive  viewport 240x240 @1x
[09:39:12.477] rive  wrote design/animations/rive/bolt/frames/mp3_happy_031.png
[09:39:12.546] rive  compiling 6 markup files as one document: pipstage.rml, shared.rml, stage1.rml, stage2.rml, stage3.rml, stage4.rml
[09:39:13.083] rive  built tools/rive/bolt/build/pip_bolt.riv (159599 bytes, 541ms, 0 errors, 0 warnings)
[09:39:13.085] rive  data: mood = 1
[09:39:13.085] rive  showing Stage3 [1/5]
[09:39:13.086] rive  viewport 240x240 @1x
[09:39:13.093] rive  wrote design/animations/rive/bolt/frames/mp3_happy_033.png
[09:39:13.163] rive  compiling 6 markup files as one document: pipstage.rml, shared.rml, stage1.rml, stage2.rml, stage3.rml, stage4.rml
[09:39:13.694] rive  built tools/rive/bolt/build/pip_bolt.riv (159599 bytes, 535ms, 0 errors, 0 warnings)
[09:39:13.696] rive  data: mood = 1
[09:39:13.696] rive  showing Stage3 [1/5]
[09:39:13.697] rive  viewport 240x240 @1x
[09:39:13.704] rive  wrote design/animations/rive/bolt/frames/mp3_happy_035.png
[09:39:13.778] rive  compiling 6 markup files as one document: pipstage.rml, shared.rml, stage1.rml, stage2.rml, stage3.rml, stage4.rml
[09:39:14.281] rive  built tools/rive/bolt/build/pip_bolt.riv (159599 bytes, 507ms, 0 errors, 0 warnings)
[09:39:14.283] rive  data: mood = 1
[09:39:14.283] rive  showing Stage3 [1/5]
[09:39:14.284] rive  viewport 240x240 @1x
[09:39:14.292] rive  wrote design/animations/rive/bolt/frames/mp3_happy_037.png
[09:39:14.361] rive  compiling 6 markup files as one document: pipstage.rml, shared.rml, stage1.rml, stage2.rml, stage3.rml, stage4.rml
[09:39:14.897] rive  built tools/rive/bolt/build/pip_bolt.riv (159599 bytes, 540ms, 0 errors, 0 warnings)
[09:39:14.900] rive  data: mood = 1
[09:39:14.900] rive  showing Stage3 [1/5]
[09:39:14.900] rive  viewport 240x240 @1x
[09:39:14.911] rive  wrote design/animations/rive/bolt/frames/mp3_happy_039.png
[09:39:15.006] rive  compiling 6 markup files as one document: pipstage.rml, shared.rml, stage1.rml, stage2.rml, stage3.rml, stage4.rml
[09:39:15.859] rive  built tools/rive/bolt/build/pip_bolt.riv (159599 bytes, 859ms, 0 errors, 0 warnings)
[09:39:15.862] rive  data: mood = 1
[09:39:15.862] rive  showing Stage3 [1/5]
[09:39:15.862] rive  viewport 240x240 @1x
[09:39:15.888] rive  wrote design/animations/rive/bolt/frames/mp3_happy_041.png
[09:39:15.972] rive  compiling 6 markup files as one document: pipstage.rml, shared.rml, stage1.rml, stage2.rml, stage3.rml, stage4.rml
[09:39:16.489] rive  built tools/rive/bolt/build/pip_bolt.riv (159599 bytes, 522ms, 0 errors, 0 warnings)
[09:39:16.491] rive  data: mood = 1
[09:39:16.491] rive  showing Stage3 [1/5]
[09:39:16.491] rive  viewport 240x240 @1x
[09:39:16.508] rive  wrote design/animations/rive/bolt/frames/mp3_happy_043.png
[09:39:16.585] rive  compiling 6 markup files as one document: pipstage.rml, shared.rml, stage1.rml, stage2.rml, stage3.rml, stage4.rml
[09:39:17.102] rive  built tools/rive/bolt/build/pip_bolt.riv (159599 bytes, 521ms, 0 errors, 0 warnings)
[09:39:17.104] rive  data: mood = 1
[09:39:17.104] rive  showing Stage3 [1/5]
[09:39:17.105] rive  viewport 240x240 @1x
[09:39:17.149] rive  wrote design/animations/rive/bolt/frames/mp3_happy_045.png
[09:39:17.230] rive  compiling 6 markup files as one document: pipstage.rml, shared.rml, stage1.rml, stage2.rml, stage3.rml, stage4.rml
[09:39:17.745] rive  built tools/rive/bolt/build/pip_bolt.riv (159599 bytes, 519ms, 0 errors, 0 warnings)
[09:39:17.747] rive  data: mood = 1
[09:39:17.748] rive  showing Stage3 [1/5]
[09:39:17.748] rive  viewport 240x240 @1x
[09:39:17.756] rive  wrote design/animations/rive/bolt/frames/mp3_happy_047.png
[09:39:17.830] rive  compiling 6 markup files as one document: pipstage.rml, shared.rml, stage1.rml, stage2.rml, stage3.rml, stage4.rml
[09:39:18.355] rive  built tools/rive/bolt/build/pip_bolt.riv (159599 bytes, 528ms, 0 errors, 0 warnings)
[09:39:18.357] rive  data: mood = 1
[09:39:18.357] rive  showing Stage3 [1/5]
[09:39:18.358] rive  viewport 240x240 @1x
[09:39:18.366] rive  wrote design/animations/rive/bolt/frames/mp3_happy_049.png
[09:39:18.438] rive  compiling 6 markup files as one document: pipstage.rml, shared.rml, stage1.rml, stage2.rml, stage3.rml, stage4.rml
[09:39:18.958] rive  built tools/rive/bolt/build/pip_bolt.riv (159599 bytes, 523ms, 0 errors, 0 warnings)
[09:39:18.960] rive  data: mood = 1
[09:39:18.960] rive  showing Stage3 [1/5]
[09:39:18.960] rive  viewport 240x240 @1x
[09:39:18.969] rive  wrote design/animations/rive/bolt/frames/mp3_happy_051.png
[09:39:19.045] rive  compiling 6 markup files as one document: pipstage.rml, shared.rml, stage1.rml, stage2.rml, stage3.rml, stage4.rml
[09:39:19.558] rive  built tools/rive/bolt/build/pip_bolt.riv (159599 bytes, 518ms, 0 errors, 0 warnings)
[09:39:19.560] rive  data: mood = 1
[09:39:19.560] rive  showing Stage3 [1/5]
[09:39:19.561] rive  viewport 240x240 @1x
[09:39:19.569] rive  wrote design/animations/rive/bolt/frames/mp3_happy_053.png
[09:39:19.645] rive  compiling 6 markup files as one document: pipstage.rml, shared.rml, stage1.rml, stage2.rml, stage3.rml, stage4.rml
[09:39:20.180] rive  built tools/rive/bolt/build/pip_bolt.riv (159599 bytes, 539ms, 0 errors, 0 warnings)
[09:39:20.183] rive  data: mood = 1
[09:39:20.183] rive  showing Stage3 [1/5]
[09:39:20.183] rive  viewport 240x240 @1x
[09:39:20.191] rive  wrote design/animations/rive/bolt/frames/mp3_happy_055.png
[09:39:20.270] rive  compiling 6 markup files as one document: pipstage.rml, shared.rml, stage1.rml, stage2.rml, stage3.rml, stage4.rml
[09:39:20.797] rive  built tools/rive/bolt/build/pip_bolt.riv (159599 bytes, 532ms, 0 errors, 0 warnings)
[09:39:20.800] rive  data: mood = 1
[09:39:20.800] rive  showing Stage3 [1/5]
[09:39:20.800] rive  viewport 240x240 @1x
[09:39:20.808] rive  wrote design/animations/rive/bolt/frames/mp3_happy_057.png
[09:39:20.878] rive  compiling 6 markup files as one document: pipstage.rml, shared.rml, stage1.rml, stage2.rml, stage3.rml, stage4.rml
[09:39:21.395] rive  built tools/rive/bolt/build/pip_bolt.riv (159599 bytes, 520ms, 0 errors, 0 warnings)
[09:39:21.397] rive  data: mood = 1
[09:39:21.397] rive  showing Stage3 [1/5]
[09:39:21.397] rive  viewport 240x240 @1x
[09:39:21.405] rive  wrote design/animations/rive/bolt/frames/mp3_happy_059.png
[09:39:21.479] rive  compiling 6 markup files as one document: pipstage.rml, shared.rml, stage1.rml, stage2.rml, stage3.rml, stage4.rml
[09:39:21.996] rive  built tools/rive/bolt/build/pip_bolt.riv (159599 bytes, 521ms, 0 errors, 0 warnings)
[09:39:21.999] rive  data: mood = 1
[09:39:21.999] rive  showing Stage3 [1/5]
[09:39:21.999] rive  viewport 240x240 @1x
[09:39:22.007] rive  wrote design/animations/rive/bolt/frames/mp3_happy_061.png
[09:39:22.077] rive  compiling 6 markup files as one document: pipstage.rml, shared.rml, stage1.rml, stage2.rml, stage3.rml, stage4.rml
[09:39:22.595] rive  built tools/rive/bolt/build/pip_bolt.riv (159599 bytes, 521ms, 0 errors, 0 warnings)
[09:39:22.597] rive  data: mood = 1
[09:39:22.597] rive  showing Stage3 [1/5]
[09:39:22.597] rive  viewport 240x240 @1x
[09:39:22.605] rive  wrote design/animations/rive/bolt/frames/mp3_happy_063.png
[09:39:22.676] rive  compiling 6 markup files as one document: pipstage.rml, shared.rml, stage1.rml, stage2.rml, stage3.rml, stage4.rml
[09:39:23.194] rive  built tools/rive/bolt/build/pip_bolt.riv (159599 bytes, 521ms, 0 errors, 0 warnings)
[09:39:23.196] rive  data: mood = 1
[09:39:23.196] rive  showing Stage3 [1/5]
[09:39:23.196] rive  viewport 240x240 @1x
[09:39:23.204] rive  wrote design/animations/rive/bolt/frames/mp3_happy_065.png
[09:39:23.275] rive  compiling 6 markup files as one document: pipstage.rml, shared.rml, stage1.rml, stage2.rml, stage3.rml, stage4.rml
[09:39:23.794] rive  built tools/rive/bolt/build/pip_bolt.riv (159599 bytes, 522ms, 0 errors, 0 warnings)
[09:39:23.796] rive  data: mood = 1
[09:39:23.796] rive  showing Stage3 [1/5]
[09:39:23.796] rive  viewport 240x240 @1x
[09:39:23.804] rive  wrote design/animations/rive/bolt/frames/mp3_happy_067.png
[09:39:23.877] rive  compiling 6 markup files as one document: pipstage.rml, shared.rml, stage1.rml, stage2.rml, stage3.rml, stage4.rml
[09:39:24.401] rive  built tools/rive/bolt/build/pip_bolt.riv (159599 bytes, 528ms, 0 errors, 0 warnings)
[09:39:24.403] rive  data: mood = 1
[09:39:24.403] rive  showing Stage3 [1/5]
[09:39:24.404] rive  viewport 240x240 @1x
[09:39:24.412] rive  wrote design/animations/rive/bolt/frames/mp3_happy_069.png
[09:39:24.481] rive  compiling 6 markup files as one document: pipstage.rml, shared.rml, stage1.rml, stage2.rml, stage3.rml, stage4.rml
[09:39:25.003] rive  built tools/rive/bolt/build/pip_bolt.riv (159599 bytes, 526ms, 0 errors, 0 warnings)
[09:39:25.006] rive  data: mood = 1
[09:39:25.006] rive  showing Stage3 [1/5]
[09:39:25.006] rive  viewport 240x240 @1x
[09:39:25.015] rive  wrote design/animations/rive/bolt/frames/mp3_happy_071.png
[09:39:25.085] rive  compiling 6 markup files as one document: pipstage.rml, shared.rml, stage1.rml, stage2.rml, stage3.rml, stage4.rml
[09:39:25.599] rive  built tools/rive/bolt/build/pip_bolt.riv (159599 bytes, 519ms, 0 errors, 0 warnings)
[09:39:25.601] rive  data: mood = 2
[09:39:25.601] rive  showing Stage3 [1/5]
[09:39:25.601] rive  viewport 240x240 @1x
[09:39:25.609] rive  wrote design/animations/rive/bolt/frames/mp3_eating_001.png
[09:39:25.678] rive  compiling 6 markup files as one document: pipstage.rml, shared.rml, stage1.rml, stage2.rml, stage3.rml, stage4.rml
[09:39:26.193] rive  built tools/rive/bolt/build/pip_bolt.riv (159599 bytes, 519ms, 0 errors, 0 warnings)
[09:39:26.195] rive  data: mood = 2
[09:39:26.195] rive  showing Stage3 [1/5]
[09:39:26.195] rive  viewport 240x240 @1x
[09:39:26.203] rive  wrote design/animations/rive/bolt/frames/mp3_eating_003.png
[09:39:26.278] rive  compiling 6 markup files as one document: pipstage.rml, shared.rml, stage1.rml, stage2.rml, stage3.rml, stage4.rml
[09:39:26.798] rive  built tools/rive/bolt/build/pip_bolt.riv (159599 bytes, 525ms, 0 errors, 0 warnings)
[09:39:26.801] rive  data: mood = 2
[09:39:26.801] rive  showing Stage3 [1/5]
[09:39:26.801] rive  viewport 240x240 @1x
[09:39:26.809] rive  wrote design/animations/rive/bolt/frames/mp3_eating_005.png
[09:39:26.878] rive  compiling 6 markup files as one document: pipstage.rml, shared.rml, stage1.rml, stage2.rml, stage3.rml, stage4.rml
[09:39:27.398] rive  built tools/rive/bolt/build/pip_bolt.riv (159599 bytes, 524ms, 0 errors, 0 warnings)
[09:39:27.400] rive  data: mood = 2
[09:39:27.400] rive  showing Stage3 [1/5]
[09:39:27.400] rive  viewport 240x240 @1x
[09:39:27.408] rive  wrote design/animations/rive/bolt/frames/mp3_eating_007.png
[09:39:27.478] rive  compiling 6 markup files as one document: pipstage.rml, shared.rml, stage1.rml, stage2.rml, stage3.rml, stage4.rml
[09:39:27.996] rive  built tools/rive/bolt/build/pip_bolt.riv (159599 bytes, 522ms, 0 errors, 0 warnings)
[09:39:27.998] rive  data: mood = 2
[09:39:27.998] rive  showing Stage3 [1/5]
[09:39:27.998] rive  viewport 240x240 @1x
[09:39:28.006] rive  wrote design/animations/rive/bolt/frames/mp3_eating_009.png
[09:39:28.077] rive  compiling 6 markup files as one document: pipstage.rml, shared.rml, stage1.rml, stage2.rml, stage3.rml, stage4.rml
[09:39:28.596] rive  built tools/rive/bolt/build/pip_bolt.riv (159599 bytes, 522ms, 0 errors, 0 warnings)
[09:39:28.598] rive  data: mood = 2
[09:39:28.598] rive  showing Stage3 [1/5]
[09:39:28.598] rive  viewport 240x240 @1x
[09:39:28.606] rive  wrote design/animations/rive/bolt/frames/mp3_eating_011.png
[09:39:28.677] rive  compiling 6 markup files as one document: pipstage.rml, shared.rml, stage1.rml, stage2.rml, stage3.rml, stage4.rml
[09:39:29.193] rive  built tools/rive/bolt/build/pip_bolt.riv (159599 bytes, 520ms, 0 errors, 0 warnings)
[09:39:29.195] rive  data: mood = 2
[09:39:29.195] rive  showing Stage3 [1/5]
[09:39:29.196] rive  viewport 240x240 @1x
[09:39:29.206] rive  wrote design/animations/rive/bolt/frames/mp3_eating_013.png
[09:39:29.278] rive  compiling 6 markup files as one document: pipstage.rml, shared.rml, stage1.rml, stage2.rml, stage3.rml, stage4.rml
[09:39:29.799] rive  built tools/rive/bolt/build/pip_bolt.riv (159599 bytes, 525ms, 0 errors, 0 warnings)
[09:39:29.801] rive  data: mood = 2
[09:39:29.801] rive  showing Stage3 [1/5]
[09:39:29.801] rive  viewport 240x240 @1x
[09:39:29.811] rive  wrote design/animations/rive/bolt/frames/mp3_eating_015.png
[09:39:29.882] rive  compiling 6 markup files as one document: pipstage.rml, shared.rml, stage1.rml, stage2.rml, stage3.rml, stage4.rml
[09:39:30.402] rive  built tools/rive/bolt/build/pip_bolt.riv (159599 bytes, 524ms, 0 errors, 0 warnings)
[09:39:30.405] rive  data: mood = 2
[09:39:30.405] rive  showing Stage3 [1/5]
[09:39:30.405] rive  viewport 240x240 @1x
[09:39:30.416] rive  wrote design/animations/rive/bolt/frames/mp3_eating_017.png
[09:39:30.500] rive  compiling 6 markup files as one document: pipstage.rml, shared.rml, stage1.rml, stage2.rml, stage3.rml, stage4.rml
[09:39:31.017] rive  built tools/rive/bolt/build/pip_bolt.riv (159599 bytes, 522ms, 0 errors, 0 warnings)
[09:39:31.019] rive  data: mood = 2
[09:39:31.019] rive  showing Stage3 [1/5]
[09:39:31.019] rive  viewport 240x240 @1x
[09:39:31.027] rive  wrote design/animations/rive/bolt/frames/mp3_eating_019.png
[09:39:31.117] rive  compiling 6 markup files as one document: pipstage.rml, shared.rml, stage1.rml, stage2.rml, stage3.rml, stage4.rml
[09:39:31.635] rive  built tools/rive/bolt/build/pip_bolt.riv (159599 bytes, 522ms, 0 errors, 0 warnings)
[09:39:31.637] rive  data: mood = 2
[09:39:31.637] rive  showing Stage3 [1/5]
[09:39:31.637] rive  viewport 240x240 @1x
[09:39:31.645] rive  wrote design/animations/rive/bolt/frames/mp3_eating_021.png
[09:39:31.712] rive  compiling 6 markup files as one document: pipstage.rml, shared.rml, stage1.rml, stage2.rml, stage3.rml, stage4.rml
[09:39:32.229] rive  built tools/rive/bolt/build/pip_bolt.riv (159599 bytes, 521ms, 0 errors, 0 warnings)
[09:39:32.231] rive  data: mood = 2
[09:39:32.231] rive  showing Stage3 [1/5]
[09:39:32.231] rive  viewport 240x240 @1x
[09:39:32.239] rive  wrote design/animations/rive/bolt/frames/mp3_eating_023.png
[09:39:32.311] rive  compiling 6 markup files as one document: pipstage.rml, shared.rml, stage1.rml, stage2.rml, stage3.rml, stage4.rml
[09:39:32.833] rive  built tools/rive/bolt/build/pip_bolt.riv (159599 bytes, 526ms, 0 errors, 0 warnings)
[09:39:32.835] rive  data: mood = 2
[09:39:32.835] rive  showing Stage3 [1/5]
[09:39:32.835] rive  viewport 240x240 @1x
[09:39:32.843] rive  wrote design/animations/rive/bolt/frames/mp3_eating_025.png
[09:39:32.911] rive  compiling 6 markup files as one document: pipstage.rml, shared.rml, stage1.rml, stage2.rml, stage3.rml, stage4.rml
[09:39:33.430] rive  built tools/rive/bolt/build/pip_bolt.riv (159599 bytes, 522ms, 0 errors, 0 warnings)
[09:39:33.432] rive  data: mood = 2
[09:39:33.432] rive  showing Stage3 [1/5]
[09:39:33.432] rive  viewport 240x240 @1x
[09:39:33.440] rive  wrote design/animations/rive/bolt/frames/mp3_eating_027.png
[09:39:33.510] rive  compiling 6 markup files as one document: pipstage.rml, shared.rml, stage1.rml, stage2.rml, stage3.rml, stage4.rml
[09:39:34.027] rive  built tools/rive/bolt/build/pip_bolt.riv (159599 bytes, 521ms, 0 errors, 0 warnings)
[09:39:34.029] rive  data: mood = 2
[09:39:34.029] rive  showing Stage3 [1/5]
[09:39:34.030] rive  viewport 240x240 @1x
[09:39:34.037] rive  wrote design/animations/rive/bolt/frames/mp3_eating_029.png
[09:39:34.110] rive  compiling 6 markup files as one document: pipstage.rml, shared.rml, stage1.rml, stage2.rml, stage3.rml, stage4.rml
[09:39:34.654] rive  built tools/rive/bolt/build/pip_bolt.riv (159599 bytes, 548ms, 0 errors, 0 warnings)
[09:39:34.657] rive  data: mood = 2
[09:39:34.657] rive  showing Stage3 [1/5]
[09:39:34.657] rive  viewport 240x240 @1x
[09:39:34.665] rive  wrote design/animations/rive/bolt/frames/mp3_eating_031.png
[09:39:34.738] rive  compiling 6 markup files as one document: pipstage.rml, shared.rml, stage1.rml, stage2.rml, stage3.rml, stage4.rml
[09:39:35.274] rive  built tools/rive/bolt/build/pip_bolt.riv (159599 bytes, 540ms, 0 errors, 0 warnings)
[09:39:35.276] rive  data: mood = 2
[09:39:35.276] rive  showing Stage3 [1/5]
[09:39:35.277] rive  viewport 240x240 @1x
[09:39:35.285] rive  wrote design/animations/rive/bolt/frames/mp3_eating_033.png
[09:39:35.355] rive  compiling 6 markup files as one document: pipstage.rml, shared.rml, stage1.rml, stage2.rml, stage3.rml, stage4.rml
[09:39:35.897] rive  built tools/rive/bolt/build/pip_bolt.riv (159599 bytes, 546ms, 0 errors, 0 warnings)
[09:39:35.899] rive  data: mood = 2
[09:39:35.899] rive  showing Stage3 [1/5]
[09:39:35.900] rive  viewport 240x240 @1x
[09:39:35.908] rive  wrote design/animations/rive/bolt/frames/mp3_eating_035.png
[09:39:35.979] rive  compiling 6 markup files as one document: pipstage.rml, shared.rml, stage1.rml, stage2.rml, stage3.rml, stage4.rml
[09:39:36.504] rive  built tools/rive/bolt/build/pip_bolt.riv (159599 bytes, 529ms, 0 errors, 0 warnings)
[09:39:36.506] rive  data: mood = 2
[09:39:36.506] rive  showing Stage3 [1/5]
[09:39:36.506] rive  viewport 240x240 @1x
[09:39:36.515] rive  wrote design/animations/rive/bolt/frames/mp3_eating_037.png
[09:39:36.585] rive  compiling 6 markup files as one document: pipstage.rml, shared.rml, stage1.rml, stage2.rml, stage3.rml, stage4.rml
[09:39:37.118] rive  built tools/rive/bolt/build/pip_bolt.riv (159599 bytes, 537ms, 0 errors, 0 warnings)
[09:39:37.121] rive  data: mood = 2
[09:39:37.121] rive  showing Stage3 [1/5]
[09:39:37.121] rive  viewport 240x240 @1x
[09:39:37.133] rive  wrote design/animations/rive/bolt/frames/mp3_eating_039.png
[09:39:37.212] rive  compiling 6 markup files as one document: pipstage.rml, shared.rml, stage1.rml, stage2.rml, stage3.rml, stage4.rml
[09:39:37.737] rive  built tools/rive/bolt/build/pip_bolt.riv (159599 bytes, 529ms, 0 errors, 0 warnings)
[09:39:37.739] rive  data: mood = 2
[09:39:37.739] rive  showing Stage3 [1/5]
[09:39:37.739] rive  viewport 240x240 @1x
[09:39:37.747] rive  wrote design/animations/rive/bolt/frames/mp3_eating_041.png
[09:39:37.821] rive  compiling 6 markup files as one document: pipstage.rml, shared.rml, stage1.rml, stage2.rml, stage3.rml, stage4.rml
[09:39:38.345] rive  built tools/rive/bolt/build/pip_bolt.riv (159599 bytes, 528ms, 0 errors, 0 warnings)
[09:39:38.347] rive  data: mood = 2
[09:39:38.347] rive  showing Stage3 [1/5]
[09:39:38.347] rive  viewport 240x240 @1x
[09:39:38.360] rive  wrote design/animations/rive/bolt/frames/mp3_eating_043.png
[09:39:38.429] rive  compiling 6 markup files as one document: pipstage.rml, shared.rml, stage1.rml, stage2.rml, stage3.rml, stage4.rml
[09:39:38.947] rive  built tools/rive/bolt/build/pip_bolt.riv (159599 bytes, 522ms, 0 errors, 0 warnings)
[09:39:38.949] rive  data: mood = 2
[09:39:38.949] rive  showing Stage3 [1/5]
[09:39:38.950] rive  viewport 240x240 @1x
[09:39:38.958] rive  wrote design/animations/rive/bolt/frames/mp3_eating_045.png
[09:39:39.028] rive  compiling 6 markup files as one document: pipstage.rml, shared.rml, stage1.rml, stage2.rml, stage3.rml, stage4.rml
[09:39:39.561] rive  built tools/rive/bolt/build/pip_bolt.riv (159599 bytes, 537ms, 0 errors, 0 warnings)
[09:39:39.563] rive  data: mood = 2
[09:39:39.563] rive  showing Stage3 [1/5]
[09:39:39.564] rive  viewport 240x240 @1x
[09:39:39.572] rive  wrote design/animations/rive/bolt/frames/mp3_eating_047.png
[09:39:39.646] rive  compiling 6 markup files as one document: pipstage.rml, shared.rml, stage1.rml, stage2.rml, stage3.rml, stage4.rml
[09:39:40.177] rive  built tools/rive/bolt/build/pip_bolt.riv (159599 bytes, 535ms, 0 errors, 0 warnings)
[09:39:40.179] rive  data: mood = 2
[09:39:40.179] rive  showing Stage3 [1/5]
[09:39:40.179] rive  viewport 240x240 @1x
[09:39:40.187] rive  wrote design/animations/rive/bolt/frames/mp3_eating_049.png
[09:39:40.256] rive  compiling 6 markup files as one document: pipstage.rml, shared.rml, stage1.rml, stage2.rml, stage3.rml, stage4.rml
[09:39:40.786] rive  built tools/rive/bolt/build/pip_bolt.riv (159599 bytes, 534ms, 0 errors, 0 warnings)
[09:39:40.788] rive  data: mood = 2
[09:39:40.788] rive  showing Stage3 [1/5]
[09:39:40.789] rive  viewport 240x240 @1x
[09:39:40.797] rive  wrote design/animations/rive/bolt/frames/mp3_eating_051.png
[09:39:40.869] rive  compiling 6 markup files as one document: pipstage.rml, shared.rml, stage1.rml, stage2.rml, stage3.rml, stage4.rml
[09:39:41.415] rive  built tools/rive/bolt/build/pip_bolt.riv (159599 bytes, 550ms, 0 errors, 0 warnings)
[09:39:41.418] rive  data: mood = 2
[09:39:41.418] rive  showing Stage3 [1/5]
[09:39:41.418] rive  viewport 240x240 @1x
[09:39:41.426] rive  wrote design/animations/rive/bolt/frames/mp3_eating_053.png
[09:39:41.503] rive  compiling 6 markup files as one document: pipstage.rml, shared.rml, stage1.rml, stage2.rml, stage3.rml, stage4.rml
[09:39:42.031] rive  built tools/rive/bolt/build/pip_bolt.riv (159599 bytes, 532ms, 0 errors, 0 warnings)
[09:39:42.033] rive  data: mood = 2
[09:39:42.033] rive  showing Stage3 [1/5]
[09:39:42.033] rive  viewport 240x240 @1x
[09:39:42.042] rive  wrote design/animations/rive/bolt/frames/mp3_eating_055.png
[09:39:42.112] rive  compiling 6 markup files as one document: pipstage.rml, shared.rml, stage1.rml, stage2.rml, stage3.rml, stage4.rml
[09:39:42.639] rive  built tools/rive/bolt/build/pip_bolt.riv (159599 bytes, 530ms, 0 errors, 0 warnings)
[09:39:42.642] rive  data: mood = 2
[09:39:42.642] rive  showing Stage3 [1/5]
[09:39:42.642] rive  viewport 240x240 @1x
[09:39:42.650] rive  wrote design/animations/rive/bolt/frames/mp3_eating_057.png
[09:39:42.728] rive  compiling 6 markup files as one document: pipstage.rml, shared.rml, stage1.rml, stage2.rml, stage3.rml, stage4.rml
[09:39:43.255] rive  built tools/rive/bolt/build/pip_bolt.riv (159599 bytes, 532ms, 0 errors, 0 warnings)
[09:39:43.257] rive  data: mood = 2
[09:39:43.257] rive  showing Stage3 [1/5]
[09:39:43.258] rive  viewport 240x240 @1x
[09:39:43.266] rive  wrote design/animations/rive/bolt/frames/mp3_eating_059.png
[09:39:43.337] rive  compiling 6 markup files as one document: pipstage.rml, shared.rml, stage1.rml, stage2.rml, stage3.rml, stage4.rml
[09:39:43.870] rive  built tools/rive/bolt/build/pip_bolt.riv (159599 bytes, 537ms, 0 errors, 0 warnings)
[09:39:43.872] rive  data: mood = 2
[09:39:43.872] rive  showing Stage3 [1/5]
[09:39:43.873] rive  viewport 240x240 @1x
[09:39:43.881] rive  wrote design/animations/rive/bolt/frames/mp3_eating_061.png
[09:39:43.952] rive  compiling 6 markup files as one document: pipstage.rml, shared.rml, stage1.rml, stage2.rml, stage3.rml, stage4.rml
[09:39:44.484] rive  built tools/rive/bolt/build/pip_bolt.riv (159599 bytes, 536ms, 0 errors, 0 warnings)
[09:39:44.486] rive  data: mood = 2
[09:39:44.486] rive  showing Stage3 [1/5]
[09:39:44.486] rive  viewport 240x240 @1x
[09:39:44.494] rive  wrote design/animations/rive/bolt/frames/mp3_eating_063.png
[09:39:44.571] rive  compiling 6 markup files as one document: pipstage.rml, shared.rml, stage1.rml, stage2.rml, stage3.rml, stage4.rml
[09:39:45.100] rive  built tools/rive/bolt/build/pip_bolt.riv (159599 bytes, 533ms, 0 errors, 0 warnings)
[09:39:45.102] rive  data: mood = 2
[09:39:45.102] rive  showing Stage3 [1/5]
[09:39:45.103] rive  viewport 240x240 @1x
[09:39:45.111] rive  wrote design/animations/rive/bolt/frames/mp3_eating_065.png
[09:39:45.181] rive  compiling 6 markup files as one document: pipstage.rml, shared.rml, stage1.rml, stage2.rml, stage3.rml, stage4.rml
[09:39:45.716] rive  built tools/rive/bolt/build/pip_bolt.riv (159599 bytes, 539ms, 0 errors, 0 warnings)
[09:39:45.718] rive  data: mood = 2
[09:39:45.718] rive  showing Stage3 [1/5]
[09:39:45.719] rive  viewport 240x240 @1x
[09:39:45.727] rive  wrote design/animations/rive/bolt/frames/mp3_eating_067.png
[09:39:45.803] rive  compiling 6 markup files as one document: pipstage.rml, shared.rml, stage1.rml, stage2.rml, stage3.rml, stage4.rml
[09:39:46.341] rive  built tools/rive/bolt/build/pip_bolt.riv (159599 bytes, 541ms, 0 errors, 0 warnings)
[09:39:46.343] rive  data: mood = 2
[09:39:46.343] rive  showing Stage3 [1/5]
[09:39:46.343] rive  viewport 240x240 @1x
[09:39:46.352] rive  wrote design/animations/rive/bolt/frames/mp3_eating_069.png
[09:39:46.419] rive  compiling 6 markup files as one document: pipstage.rml, shared.rml, stage1.rml, stage2.rml, stage3.rml, stage4.rml
[09:39:46.952] rive  built tools/rive/bolt/build/pip_bolt.riv (159599 bytes, 537ms, 0 errors, 0 warnings)
[09:39:46.954] rive  data: mood = 2
[09:39:46.954] rive  showing Stage3 [1/5]
[09:39:46.955] rive  viewport 240x240 @1x
[09:39:46.963] rive  wrote design/animations/rive/bolt/frames/mp3_eating_071.png
[09:39:47.038] rive  compiling 6 markup files as one document: pipstage.rml, shared.rml, stage1.rml, stage2.rml, stage3.rml, stage4.rml
[09:39:47.584] rive  built tools/rive/bolt/build/pip_bolt.riv (159599 bytes, 551ms, 0 errors, 0 warnings)
[09:39:47.587] rive  data: mood = 2
[09:39:47.587] rive  showing Stage3 [1/5]
[09:39:47.587] rive  viewport 240x240 @1x
[09:39:47.595] rive  wrote design/animations/rive/bolt/frames/mp3_eating_073.png
[09:39:47.671] rive  compiling 6 markup files as one document: pipstage.rml, shared.rml, stage1.rml, stage2.rml, stage3.rml, stage4.rml
[09:39:48.201] rive  built tools/rive/bolt/build/pip_bolt.riv (159599 bytes, 534ms, 0 errors, 0 warnings)
[09:39:48.204] rive  data: mood = 2
[09:39:48.204] rive  showing Stage3 [1/5]
[09:39:48.204] rive  viewport 240x240 @1x
[09:39:48.212] rive  wrote design/animations/rive/bolt/frames/mp3_eating_075.png
[09:39:48.284] rive  compiling 6 markup files as one document: pipstage.rml, shared.rml, stage1.rml, stage2.rml, stage3.rml, stage4.rml
[09:39:48.823] rive  built tools/rive/bolt/build/pip_bolt.riv (159599 bytes, 543ms, 0 errors, 0 warnings)
[09:39:48.825] rive  data: mood = 2
[09:39:48.825] rive  showing Stage3 [1/5]
[09:39:48.826] rive  viewport 240x240 @1x
[09:39:48.834] rive  wrote design/animations/rive/bolt/frames/mp3_eating_077.png
[09:39:48.912] rive  compiling 6 markup files as one document: pipstage.rml, shared.rml, stage1.rml, stage2.rml, stage3.rml, stage4.rml
[09:39:49.442] rive  built tools/rive/bolt/build/pip_bolt.riv (159599 bytes, 533ms, 0 errors, 0 warnings)
[09:39:49.444] rive  data: mood = 2
[09:39:49.444] rive  showing Stage3 [1/5]
[09:39:49.444] rive  viewport 240x240 @1x
[09:39:49.452] rive  wrote design/animations/rive/bolt/frames/mp3_eating_079.png
[09:39:49.521] rive  compiling 6 markup files as one document: pipstage.rml, shared.rml, stage1.rml, stage2.rml, stage3.rml, stage4.rml
[09:39:50.069] rive  built tools/rive/bolt/build/pip_bolt.riv (159599 bytes, 552ms, 0 errors, 0 warnings)
[09:39:50.072] rive  data: mood = 2
[09:39:50.072] rive  showing Stage3 [1/5]
[09:39:50.072] rive  viewport 240x240 @1x
[09:39:50.080] rive  wrote design/animations/rive/bolt/frames/mp3_eating_081.png
[09:39:50.154] rive  compiling 6 markup files as one document: pipstage.rml, shared.rml, stage1.rml, stage2.rml, stage3.rml, stage4.rml
[09:39:50.689] rive  built tools/rive/bolt/build/pip_bolt.riv (159599 bytes, 539ms, 0 errors, 0 warnings)
[09:39:50.691] rive  data: mood = 2
[09:39:50.691] rive  showing Stage3 [1/5]
[09:39:50.692] rive  viewport 240x240 @1x
[09:39:50.700] rive  wrote design/animations/rive/bolt/frames/mp3_eating_083.png
[09:39:50.769] rive  compiling 6 markup files as one document: pipstage.rml, shared.rml, stage1.rml, stage2.rml, stage3.rml, stage4.rml
[09:39:51.299] rive  built tools/rive/bolt/build/pip_bolt.riv (159599 bytes, 533ms, 0 errors, 0 warnings)
[09:39:51.301] rive  data: mood = 2
[09:39:51.301] rive  showing Stage3 [1/5]
[09:39:51.302] rive  viewport 240x240 @1x
[09:39:51.310] rive  wrote design/animations/rive/bolt/frames/mp3_eating_085.png
[09:39:51.378] rive  compiling 6 markup files as one document: pipstage.rml, shared.rml, stage1.rml, stage2.rml, stage3.rml, stage4.rml
[09:39:51.905] rive  built tools/rive/bolt/build/pip_bolt.riv (159599 bytes, 531ms, 0 errors, 0 warnings)
[09:39:51.907] rive  data: mood = 2
[09:39:51.907] rive  showing Stage3 [1/5]
[09:39:51.908] rive  viewport 240x240 @1x
[09:39:51.916] rive  wrote design/animations/rive/bolt/frames/mp3_eating_087.png
[09:39:51.986] rive  compiling 6 markup files as one document: pipstage.rml, shared.rml, stage1.rml, stage2.rml, stage3.rml, stage4.rml
[09:39:52.517] rive  built tools/rive/bolt/build/pip_bolt.riv (159599 bytes, 534ms, 0 errors, 0 warnings)
[09:39:52.519] rive  data: mood = 2
[09:39:52.519] rive  showing Stage3 [1/5]
[09:39:52.519] rive  viewport 240x240 @1x
[09:39:52.527] rive  wrote design/animations/rive/bolt/frames/mp3_eating_089.png
[09:39:52.603] rive  compiling 6 markup files as one document: pipstage.rml, shared.rml, stage1.rml, stage2.rml, stage3.rml, stage4.rml
[09:39:53.133] rive  built tools/rive/bolt/build/pip_bolt.riv (159599 bytes, 534ms, 0 errors, 0 warnings)
[09:39:53.135] rive  data: mood = 2
[09:39:53.135] rive  showing Stage3 [1/5]
[09:39:53.136] rive  viewport 240x240 @1x
[09:39:53.144] rive  wrote design/animations/rive/bolt/frames/mp3_eating_091.png
[09:39:53.213] rive  compiling 6 markup files as one document: pipstage.rml, shared.rml, stage1.rml, stage2.rml, stage3.rml, stage4.rml
[09:39:53.743] rive  built tools/rive/bolt/build/pip_bolt.riv (159599 bytes, 533ms, 0 errors, 0 warnings)
[09:39:53.745] rive  data: mood = 2
[09:39:53.745] rive  showing Stage3 [1/5]
[09:39:53.745] rive  viewport 240x240 @1x
[09:39:53.753] rive  wrote design/animations/rive/bolt/frames/mp3_eating_093.png
[09:39:53.821] rive  compiling 6 markup files as one document: pipstage.rml, shared.rml, stage1.rml, stage2.rml, stage3.rml, stage4.rml
[09:39:54.352] rive  built tools/rive/bolt/build/pip_bolt.riv (159599 bytes, 536ms, 0 errors, 0 warnings)
[09:39:54.354] rive  data: mood = 2
[09:39:54.354] rive  showing Stage3 [1/5]
[09:39:54.354] rive  viewport 240x240 @1x
[09:39:54.362] rive  wrote design/animations/rive/bolt/frames/mp3_eating_095.png
[09:39:54.435] rive  compiling 6 markup files as one document: pipstage.rml, shared.rml, stage1.rml, stage2.rml, stage3.rml, stage4.rml
[09:39:54.962] rive  built tools/rive/bolt/build/pip_bolt.riv (159599 bytes, 531ms, 0 errors, 0 warnings)
[09:39:54.965] rive  data: mood = 2
[09:39:54.965] rive  showing Stage3 [1/5]
[09:39:54.965] rive  viewport 240x240 @1x
[09:39:54.973] rive  wrote design/animations/rive/bolt/frames/mp3_eating_097.png
[09:39:55.045] rive  compiling 6 markup files as one document: pipstage.rml, shared.rml, stage1.rml, stage2.rml, stage3.rml, stage4.rml
[09:39:55.586] rive  built tools/rive/bolt/build/pip_bolt.riv (159599 bytes, 545ms, 0 errors, 0 warnings)
[09:39:55.588] rive  data: mood = 2
[09:39:55.588] rive  showing Stage3 [1/5]
[09:39:55.588] rive  viewport 240x240 @1x
[09:39:55.596] rive  wrote design/animations/rive/bolt/frames/mp3_eating_099.png
[09:39:55.670] rive  compiling 6 markup files as one document: pipstage.rml, shared.rml, stage1.rml, stage2.rml, stage3.rml, stage4.rml
[09:39:56.207] rive  built tools/rive/bolt/build/pip_bolt.riv (159599 bytes, 540ms, 0 errors, 0 warnings)
[09:39:56.210] rive  data: mood = 2
[09:39:56.210] rive  showing Stage3 [1/5]
[09:39:56.210] rive  viewport 240x240 @1x
[09:39:56.218] rive  wrote design/animations/rive/bolt/frames/mp3_eating_101.png
[09:39:56.287] rive  compiling 6 markup files as one document: pipstage.rml, shared.rml, stage1.rml, stage2.rml, stage3.rml, stage4.rml
[09:39:56.814] rive  built tools/rive/bolt/build/pip_bolt.riv (159599 bytes, 531ms, 0 errors, 0 warnings)
[09:39:56.816] rive  data: mood = 2
[09:39:56.816] rive  showing Stage3 [1/5]
[09:39:56.817] rive  viewport 240x240 @1x
[09:39:56.826] rive  wrote design/animations/rive/bolt/frames/mp3_eating_103.png
[09:39:56.895] rive  compiling 6 markup files as one document: pipstage.rml, shared.rml, stage1.rml, stage2.rml, stage3.rml, stage4.rml
[09:39:57.422] rive  built tools/rive/bolt/build/pip_bolt.riv (159599 bytes, 531ms, 0 errors, 0 warnings)
[09:39:57.424] rive  data: mood = 2
[09:39:57.424] rive  showing Stage3 [1/5]
[09:39:57.424] rive  viewport 240x240 @1x
[09:39:57.432] rive  wrote design/animations/rive/bolt/frames/mp3_eating_105.png
[09:39:57.507] rive  compiling 6 markup files as one document: pipstage.rml, shared.rml, stage1.rml, stage2.rml, stage3.rml, stage4.rml
[09:39:58.040] rive  built tools/rive/bolt/build/pip_bolt.riv (159599 bytes, 537ms, 0 errors, 0 warnings)
[09:39:58.042] rive  data: mood = 2
[09:39:58.042] rive  showing Stage3 [1/5]
[09:39:58.042] rive  viewport 240x240 @1x
[09:39:58.051] rive  wrote design/animations/rive/bolt/frames/mp3_eating_107.png
[09:39:58.122] rive  compiling 6 markup files as one document: pipstage.rml, shared.rml, stage1.rml, stage2.rml, stage3.rml, stage4.rml
[09:39:58.655] rive  built tools/rive/bolt/build/pip_bolt.riv (159599 bytes, 537ms, 0 errors, 0 warnings)
[09:39:58.657] rive  data: mood = 3
[09:39:58.657] rive  showing Stage3 [1/5]
[09:39:58.657] rive  viewport 240x240 @1x
[09:39:58.665] rive  wrote design/animations/rive/bolt/frames/mp3_sleepy_001.png
[09:39:58.739] rive  compiling 6 markup files as one document: pipstage.rml, shared.rml, stage1.rml, stage2.rml, stage3.rml, stage4.rml
[09:39:59.275] rive  built tools/rive/bolt/build/pip_bolt.riv (159599 bytes, 539ms, 0 errors, 0 warnings)
[09:39:59.277] rive  data: mood = 3
[09:39:59.277] rive  showing Stage3 [1/5]
[09:39:59.277] rive  viewport 240x240 @1x
[09:39:59.286] rive  wrote design/animations/rive/bolt/frames/mp3_sleepy_003.png
[09:39:59.359] rive  compiling 6 markup files as one document: pipstage.rml, shared.rml, stage1.rml, stage2.rml, stage3.rml, stage4.rml
[09:39:59.895] rive  built tools/rive/bolt/build/pip_bolt.riv (159599 bytes, 541ms, 0 errors, 0 warnings)
[09:39:59.897] rive  data: mood = 3
[09:39:59.897] rive  showing Stage3 [1/5]
[09:39:59.897] rive  viewport 240x240 @1x
[09:39:59.906] rive  wrote design/animations/rive/bolt/frames/mp3_sleepy_005.png
[09:39:59.975] rive  compiling 6 markup files as one document: pipstage.rml, shared.rml, stage1.rml, stage2.rml, stage3.rml, stage4.rml
[09:40:00.506] rive  built tools/rive/bolt/build/pip_bolt.riv (159599 bytes, 535ms, 0 errors, 0 warnings)
[09:40:00.508] rive  data: mood = 3
[09:40:00.508] rive  showing Stage3 [1/5]
[09:40:00.508] rive  viewport 240x240 @1x
[09:40:00.530] rive  wrote design/animations/rive/bolt/frames/mp3_sleepy_007.png
[09:40:00.607] rive  compiling 6 markup files as one document: pipstage.rml, shared.rml, stage1.rml, stage2.rml, stage3.rml, stage4.rml
[09:40:01.127] rive  built tools/rive/bolt/build/pip_bolt.riv (159599 bytes, 524ms, 0 errors, 0 warnings)
[09:40:01.129] rive  data: mood = 3
[09:40:01.129] rive  showing Stage3 [1/5]
[09:40:01.129] rive  viewport 240x240 @1x
[09:40:01.143] rive  wrote design/animations/rive/bolt/frames/mp3_sleepy_009.png
[09:40:01.216] rive  compiling 6 markup files as one document: pipstage.rml, shared.rml, stage1.rml, stage2.rml, stage3.rml, stage4.rml
[09:40:01.751] rive  built tools/rive/bolt/build/pip_bolt.riv (159599 bytes, 539ms, 0 errors, 0 warnings)
[09:40:01.754] rive  data: mood = 3
[09:40:01.754] rive  showing Stage3 [1/5]
[09:40:01.755] rive  viewport 240x240 @1x
[09:40:01.763] rive  wrote design/animations/rive/bolt/frames/mp3_sleepy_011.png
[09:40:01.834] rive  compiling 6 markup files as one document: pipstage.rml, shared.rml, stage1.rml, stage2.rml, stage3.rml, stage4.rml
[09:40:02.364] rive  built tools/rive/bolt/build/pip_bolt.riv (159599 bytes, 534ms, 0 errors, 0 warnings)
[09:40:02.366] rive  data: mood = 3
[09:40:02.366] rive  showing Stage3 [1/5]
[09:40:02.367] rive  viewport 240x240 @1x
[09:40:02.375] rive  wrote design/animations/rive/bolt/frames/mp3_sleepy_013.png
[09:40:02.446] rive  compiling 6 markup files as one document: pipstage.rml, shared.rml, stage1.rml, stage2.rml, stage3.rml, stage4.rml
[09:40:02.976] rive  built tools/rive/bolt/build/pip_bolt.riv (159599 bytes, 533ms, 0 errors, 0 warnings)
[09:40:02.978] rive  data: mood = 3
[09:40:02.978] rive  showing Stage3 [1/5]
[09:40:02.978] rive  viewport 240x240 @1x
[09:40:02.987] rive  wrote design/animations/rive/bolt/frames/mp3_sleepy_015.png
[09:40:03.058] rive  compiling 6 markup files as one document: pipstage.rml, shared.rml, stage1.rml, stage2.rml, stage3.rml, stage4.rml
[09:40:03.584] rive  built tools/rive/bolt/build/pip_bolt.riv (159599 bytes, 530ms, 0 errors, 0 warnings)
[09:40:03.587] rive  data: mood = 3
[09:40:03.587] rive  showing Stage3 [1/5]
[09:40:03.587] rive  viewport 240x240 @1x
[09:40:03.595] rive  wrote design/animations/rive/bolt/frames/mp3_sleepy_017.png
[09:40:03.665] rive  compiling 6 markup files as one document: pipstage.rml, shared.rml, stage1.rml, stage2.rml, stage3.rml, stage4.rml
[09:40:04.192] rive  built tools/rive/bolt/build/pip_bolt.riv (159599 bytes, 531ms, 0 errors, 0 warnings)
[09:40:04.194] rive  data: mood = 3
[09:40:04.194] rive  showing Stage3 [1/5]
[09:40:04.194] rive  viewport 240x240 @1x
[09:40:04.202] rive  wrote design/animations/rive/bolt/frames/mp3_sleepy_019.png
[09:40:04.274] rive  compiling 6 markup files as one document: pipstage.rml, shared.rml, stage1.rml, stage2.rml, stage3.rml, stage4.rml
[09:40:04.818] rive  built tools/rive/bolt/build/pip_bolt.riv (159599 bytes, 548ms, 0 errors, 0 warnings)
[09:40:04.820] rive  data: mood = 3
[09:40:04.820] rive  showing Stage3 [1/5]
[09:40:04.820] rive  viewport 240x240 @1x
[09:40:04.829] rive  wrote design/animations/rive/bolt/frames/mp3_sleepy_021.png
[09:40:04.899] rive  compiling 6 markup files as one document: pipstage.rml, shared.rml, stage1.rml, stage2.rml, stage3.rml, stage4.rml
[09:40:05.432] rive  built tools/rive/bolt/build/pip_bolt.riv (159599 bytes, 537ms, 0 errors, 0 warnings)
[09:40:05.435] rive  data: mood = 3
[09:40:05.435] rive  showing Stage3 [1/5]
[09:40:05.435] rive  viewport 240x240 @1x
[09:40:05.443] rive  wrote design/animations/rive/bolt/frames/mp3_sleepy_023.png
[09:40:05.516] rive  compiling 6 markup files as one document: pipstage.rml, shared.rml, stage1.rml, stage2.rml, stage3.rml, stage4.rml
[09:40:06.044] rive  built tools/rive/bolt/build/pip_bolt.riv (159599 bytes, 533ms, 0 errors, 0 warnings)
[09:40:06.046] rive  data: mood = 3
[09:40:06.046] rive  showing Stage3 [1/5]
[09:40:06.046] rive  viewport 240x240 @1x
[09:40:06.054] rive  wrote design/animations/rive/bolt/frames/mp3_sleepy_025.png
[09:40:06.124] rive  compiling 6 markup files as one document: pipstage.rml, shared.rml, stage1.rml, stage2.rml, stage3.rml, stage4.rml
[09:40:06.654] rive  built tools/rive/bolt/build/pip_bolt.riv (159599 bytes, 534ms, 0 errors, 0 warnings)
[09:40:06.656] rive  data: mood = 3
[09:40:06.656] rive  showing Stage3 [1/5]
[09:40:06.656] rive  viewport 240x240 @1x
[09:40:06.664] rive  wrote design/animations/rive/bolt/frames/mp3_sleepy_027.png
[09:40:06.733] rive  compiling 6 markup files as one document: pipstage.rml, shared.rml, stage1.rml, stage2.rml, stage3.rml, stage4.rml
[09:40:07.260] rive  built tools/rive/bolt/build/pip_bolt.riv (159599 bytes, 531ms, 0 errors, 0 warnings)
[09:40:07.262] rive  data: mood = 3
[09:40:07.263] rive  showing Stage3 [1/5]
[09:40:07.263] rive  viewport 240x240 @1x
[09:40:07.270] rive  wrote design/animations/rive/bolt/frames/mp3_sleepy_029.png
[09:40:07.341] rive  compiling 6 markup files as one document: pipstage.rml, shared.rml, stage1.rml, stage2.rml, stage3.rml, stage4.rml
[09:40:07.869] rive  built tools/rive/bolt/build/pip_bolt.riv (159599 bytes, 531ms, 0 errors, 0 warnings)
[09:40:07.871] rive  data: mood = 3
[09:40:07.871] rive  showing Stage3 [1/5]
[09:40:07.871] rive  viewport 240x240 @1x
[09:40:07.879] rive  wrote design/animations/rive/bolt/frames/mp3_sleepy_031.png
[09:40:07.948] rive  compiling 6 markup files as one document: pipstage.rml, shared.rml, stage1.rml, stage2.rml, stage3.rml, stage4.rml
[09:40:08.482] rive  built tools/rive/bolt/build/pip_bolt.riv (159599 bytes, 537ms, 0 errors, 0 warnings)
[09:40:08.484] rive  data: mood = 3
[09:40:08.484] rive  showing Stage3 [1/5]
[09:40:08.485] rive  viewport 240x240 @1x
[09:40:08.493] rive  wrote design/animations/rive/bolt/frames/mp3_sleepy_033.png
[09:40:08.567] rive  compiling 6 markup files as one document: pipstage.rml, shared.rml, stage1.rml, stage2.rml, stage3.rml, stage4.rml
[09:40:09.095] rive  built tools/rive/bolt/build/pip_bolt.riv (159599 bytes, 531ms, 0 errors, 0 warnings)
[09:40:09.097] rive  data: mood = 3
[09:40:09.097] rive  showing Stage3 [1/5]
[09:40:09.097] rive  viewport 240x240 @1x
[09:40:09.105] rive  wrote design/animations/rive/bolt/frames/mp3_sleepy_035.png
[09:40:09.175] rive  compiling 6 markup files as one document: pipstage.rml, shared.rml, stage1.rml, stage2.rml, stage3.rml, stage4.rml
[09:40:09.716] rive  built tools/rive/bolt/build/pip_bolt.riv (159599 bytes, 545ms, 0 errors, 0 warnings)
[09:40:09.718] rive  data: mood = 3
[09:40:09.718] rive  showing Stage3 [1/5]
[09:40:09.718] rive  viewport 240x240 @1x
[09:40:09.727] rive  wrote design/animations/rive/bolt/frames/mp3_sleepy_037.png
[09:40:09.800] rive  compiling 6 markup files as one document: pipstage.rml, shared.rml, stage1.rml, stage2.rml, stage3.rml, stage4.rml
[09:40:10.335] rive  built tools/rive/bolt/build/pip_bolt.riv (159599 bytes, 539ms, 0 errors, 0 warnings)
[09:40:10.337] rive  data: mood = 3
[09:40:10.337] rive  showing Stage3 [1/5]
[09:40:10.337] rive  viewport 240x240 @1x
[09:40:10.345] rive  wrote design/animations/rive/bolt/frames/mp3_sleepy_039.png
[09:40:10.416] rive  compiling 6 markup files as one document: pipstage.rml, shared.rml, stage1.rml, stage2.rml, stage3.rml, stage4.rml
[09:40:10.936] rive  built tools/rive/bolt/build/pip_bolt.riv (159599 bytes, 524ms, 0 errors, 0 warnings)
[09:40:10.938] rive  data: mood = 3
[09:40:10.938] rive  showing Stage3 [1/5]
[09:40:10.938] rive  viewport 240x240 @1x
[09:40:10.946] rive  wrote design/animations/rive/bolt/frames/mp3_sleepy_041.png
[09:40:11.025] rive  compiling 6 markup files as one document: pipstage.rml, shared.rml, stage1.rml, stage2.rml, stage3.rml, stage4.rml
[09:40:11.551] rive  built tools/rive/bolt/build/pip_bolt.riv (159599 bytes, 530ms, 0 errors, 0 warnings)
[09:40:11.553] rive  data: mood = 3
[09:40:11.553] rive  showing Stage3 [1/5]
[09:40:11.554] rive  viewport 240x240 @1x
[09:40:11.569] rive  wrote design/animations/rive/bolt/frames/mp3_sleepy_043.png
[09:40:11.647] rive  compiling 6 markup files as one document: pipstage.rml, shared.rml, stage1.rml, stage2.rml, stage3.rml, stage4.rml
[09:40:12.182] rive  built tools/rive/bolt/build/pip_bolt.riv (159599 bytes, 539ms, 0 errors, 0 warnings)
[09:40:12.184] rive  data: mood = 3
[09:40:12.184] rive  showing Stage3 [1/5]
[09:40:12.185] rive  viewport 240x240 @1x
[09:40:12.206] rive  wrote design/animations/rive/bolt/frames/mp3_sleepy_045.png
[09:40:12.281] rive  compiling 6 markup files as one document: pipstage.rml, shared.rml, stage1.rml, stage2.rml, stage3.rml, stage4.rml
[09:40:12.812] rive  built tools/rive/bolt/build/pip_bolt.riv (159599 bytes, 534ms, 0 errors, 0 warnings)
[09:40:12.815] rive  data: mood = 3
[09:40:12.815] rive  showing Stage3 [1/5]
[09:40:12.815] rive  viewport 240x240 @1x
[09:40:12.823] rive  wrote design/animations/rive/bolt/frames/mp3_sleepy_047.png
[09:40:12.894] rive  compiling 6 markup files as one document: pipstage.rml, shared.rml, stage1.rml, stage2.rml, stage3.rml, stage4.rml
[09:40:13.429] rive  built tools/rive/bolt/build/pip_bolt.riv (159599 bytes, 539ms, 0 errors, 0 warnings)
[09:40:13.431] rive  data: mood = 3
[09:40:13.431] rive  showing Stage3 [1/5]
[09:40:13.431] rive  viewport 240x240 @1x
[09:40:13.439] rive  wrote design/animations/rive/bolt/frames/mp3_sleepy_049.png
[09:40:13.507] rive  compiling 6 markup files as one document: pipstage.rml, shared.rml, stage1.rml, stage2.rml, stage3.rml, stage4.rml
[09:40:14.033] rive  built tools/rive/bolt/build/pip_bolt.riv (159599 bytes, 529ms, 0 errors, 0 warnings)
[09:40:14.035] rive  data: mood = 3
[09:40:14.035] rive  showing Stage3 [1/5]
[09:40:14.035] rive  viewport 240x240 @1x
[09:40:14.043] rive  wrote design/animations/rive/bolt/frames/mp3_sleepy_051.png
[09:40:14.115] rive  compiling 6 markup files as one document: pipstage.rml, shared.rml, stage1.rml, stage2.rml, stage3.rml, stage4.rml
[09:40:14.643] rive  built tools/rive/bolt/build/pip_bolt.riv (159599 bytes, 532ms, 0 errors, 0 warnings)
[09:40:14.645] rive  data: mood = 3
[09:40:14.645] rive  showing Stage3 [1/5]
[09:40:14.646] rive  viewport 240x240 @1x
[09:40:14.653] rive  wrote design/animations/rive/bolt/frames/mp3_sleepy_053.png
[09:40:14.726] rive  compiling 6 markup files as one document: pipstage.rml, shared.rml, stage1.rml, stage2.rml, stage3.rml, stage4.rml
[09:40:15.249] rive  built tools/rive/bolt/build/pip_bolt.riv (159599 bytes, 527ms, 0 errors, 0 warnings)
[09:40:15.251] rive  data: mood = 3
[09:40:15.251] rive  showing Stage3 [1/5]
[09:40:15.252] rive  viewport 240x240 @1x
[09:40:15.259] rive  wrote design/animations/rive/bolt/frames/mp3_sleepy_055.png
[09:40:15.333] rive  compiling 6 markup files as one document: pipstage.rml, shared.rml, stage1.rml, stage2.rml, stage3.rml, stage4.rml
[09:40:15.871] rive  built tools/rive/bolt/build/pip_bolt.riv (159599 bytes, 542ms, 0 errors, 0 warnings)
[09:40:15.873] rive  data: mood = 3
[09:40:15.873] rive  showing Stage3 [1/5]
[09:40:15.873] rive  viewport 240x240 @1x
[09:40:15.881] rive  wrote design/animations/rive/bolt/frames/mp3_sleepy_057.png
[09:40:15.953] rive  compiling 6 markup files as one document: pipstage.rml, shared.rml, stage1.rml, stage2.rml, stage3.rml, stage4.rml
[09:40:16.489] rive  built tools/rive/bolt/build/pip_bolt.riv (159599 bytes, 540ms, 0 errors, 0 warnings)
[09:40:16.491] rive  data: mood = 3
[09:40:16.491] rive  showing Stage3 [1/5]
[09:40:16.491] rive  viewport 240x240 @1x
[09:40:16.499] rive  wrote design/animations/rive/bolt/frames/mp3_sleepy_059.png
[09:40:16.567] rive  compiling 6 markup files as one document: pipstage.rml, shared.rml, stage1.rml, stage2.rml, stage3.rml, stage4.rml
[09:40:17.103] rive  built tools/rive/bolt/build/pip_bolt.riv (159599 bytes, 540ms, 0 errors, 0 warnings)
[09:40:17.105] rive  data: mood = 3
[09:40:17.105] rive  showing Stage3 [1/5]
[09:40:17.106] rive  viewport 240x240 @1x
[09:40:17.113] rive  wrote design/animations/rive/bolt/frames/mp3_sleepy_061.png
[09:40:17.182] rive  compiling 6 markup files as one document: pipstage.rml, shared.rml, stage1.rml, stage2.rml, stage3.rml, stage4.rml
[09:40:17.718] rive  built tools/rive/bolt/build/pip_bolt.riv (159599 bytes, 540ms, 0 errors, 0 warnings)
[09:40:17.720] rive  data: mood = 3
[09:40:17.720] rive  showing Stage3 [1/5]
[09:40:17.720] rive  viewport 240x240 @1x
[09:40:17.728] rive  wrote design/animations/rive/bolt/frames/mp3_sleepy_063.png
[09:40:17.798] rive  compiling 6 markup files as one document: pipstage.rml, shared.rml, stage1.rml, stage2.rml, stage3.rml, stage4.rml
[09:40:18.339] rive  built tools/rive/bolt/build/pip_bolt.riv (159599 bytes, 544ms, 0 errors, 0 warnings)
[09:40:18.341] rive  data: mood = 3
[09:40:18.341] rive  showing Stage3 [1/5]
[09:40:18.341] rive  viewport 240x240 @1x
[09:40:18.349] rive  wrote design/animations/rive/bolt/frames/mp3_sleepy_065.png
[09:40:18.419] rive  compiling 6 markup files as one document: pipstage.rml, shared.rml, stage1.rml, stage2.rml, stage3.rml, stage4.rml
[09:40:18.945] rive  built tools/rive/bolt/build/pip_bolt.riv (159599 bytes, 530ms, 0 errors, 0 warnings)
[09:40:18.948] rive  data: mood = 3
[09:40:18.948] rive  showing Stage3 [1/5]
[09:40:18.948] rive  viewport 240x240 @1x
[09:40:18.956] rive  wrote design/animations/rive/bolt/frames/mp3_sleepy_067.png
[09:40:19.027] rive  compiling 6 markup files as one document: pipstage.rml, shared.rml, stage1.rml, stage2.rml, stage3.rml, stage4.rml
[09:40:19.545] rive  built tools/rive/bolt/build/pip_bolt.riv (159599 bytes, 522ms, 0 errors, 0 warnings)
[09:40:19.547] rive  data: mood = 3
[09:40:19.547] rive  showing Stage3 [1/5]
[09:40:19.547] rive  viewport 240x240 @1x
[09:40:19.555] rive  wrote design/animations/rive/bolt/frames/mp3_sleepy_069.png
[09:40:19.625] rive  compiling 6 markup files as one document: pipstage.rml, shared.rml, stage1.rml, stage2.rml, stage3.rml, stage4.rml
[09:40:20.140] rive  built tools/rive/bolt/build/pip_bolt.riv (159599 bytes, 519ms, 0 errors, 0 warnings)
[09:40:20.142] rive  data: mood = 3
[09:40:20.143] rive  showing Stage3 [1/5]
[09:40:20.143] rive  viewport 240x240 @1x
[09:40:20.150] rive  wrote design/animations/rive/bolt/frames/mp3_sleepy_071.png
[09:40:20.223] rive  compiling 6 markup files as one document: pipstage.rml, shared.rml, stage1.rml, stage2.rml, stage3.rml, stage4.rml
[09:40:20.746] rive  built tools/rive/bolt/build/pip_bolt.riv (159599 bytes, 527ms, 0 errors, 0 warnings)
[09:40:20.748] rive  data: mood = 3
[09:40:20.748] rive  showing Stage3 [1/5]
[09:40:20.749] rive  viewport 240x240 @1x
[09:40:20.758] rive  wrote design/animations/rive/bolt/frames/mp3_sleepy_073.png
[09:40:20.831] rive  compiling 6 markup files as one document: pipstage.rml, shared.rml, stage1.rml, stage2.rml, stage3.rml, stage4.rml
[09:40:21.350] rive  built tools/rive/bolt/build/pip_bolt.riv (159599 bytes, 522ms, 0 errors, 0 warnings)
[09:40:21.352] rive  data: mood = 3
[09:40:21.352] rive  showing Stage3 [1/5]
[09:40:21.352] rive  viewport 240x240 @1x
[09:40:21.361] rive  wrote design/animations/rive/bolt/frames/mp3_sleepy_075.png
[09:40:21.433] rive  compiling 6 markup files as one document: pipstage.rml, shared.rml, stage1.rml, stage2.rml, stage3.rml, stage4.rml
[09:40:22.688] rive  built tools/rive/bolt/build/pip_bolt.riv (159599 bytes, 1260ms, 0 errors, 0 warnings)
[09:40:22.690] rive  data: mood = 3
[09:40:22.691] rive  showing Stage3 [1/5]
[09:40:22.691] rive  viewport 240x240 @1x
[09:40:22.715] rive  wrote design/animations/rive/bolt/frames/mp3_sleepy_077.png
[09:40:22.838] rive  compiling 6 markup files as one document: pipstage.rml, shared.rml, stage1.rml, stage2.rml, stage3.rml, stage4.rml
[09:40:23.863] rive  built tools/rive/bolt/build/pip_bolt.riv (159599 bytes, 1029ms, 0 errors, 0 warnings)
[09:40:23.865] rive  data: mood = 3
[09:40:23.865] rive  showing Stage3 [1/5]
[09:40:23.866] rive  viewport 240x240 @1x
[09:40:23.876] rive  wrote design/animations/rive/bolt/frames/mp3_sleepy_079.png
[09:40:23.986] rive  compiling 6 markup files as one document: pipstage.rml, shared.rml, stage1.rml, stage2.rml, stage3.rml, stage4.rml
[09:40:24.665] rive  built tools/rive/bolt/build/pip_bolt.riv (159599 bytes, 686ms, 0 errors, 0 warnings)
[09:40:24.669] rive  data: mood = 3
[09:40:24.669] rive  showing Stage3 [1/5]
[09:40:24.670] rive  viewport 240x240 @1x
[09:40:24.681] rive  wrote design/animations/rive/bolt/frames/mp3_sleepy_081.png
[09:40:24.791] rive  compiling 6 markup files as one document: pipstage.rml, shared.rml, stage1.rml, stage2.rml, stage3.rml, stage4.rml
[09:40:25.333] rive  built tools/rive/bolt/build/pip_bolt.riv (159599 bytes, 551ms, 0 errors, 0 warnings)
[09:40:25.335] rive  data: mood = 3
[09:40:25.335] rive  showing Stage3 [1/5]
[09:40:25.335] rive  viewport 240x240 @1x
[09:40:25.343] rive  wrote design/animations/rive/bolt/frames/mp3_sleepy_083.png
[09:40:25.416] rive  compiling 6 markup files as one document: pipstage.rml, shared.rml, stage1.rml, stage2.rml, stage3.rml, stage4.rml
[09:40:25.933] rive  built tools/rive/bolt/build/pip_bolt.riv (159599 bytes, 520ms, 0 errors, 0 warnings)
[09:40:25.935] rive  data: mood = 3
[09:40:25.935] rive  showing Stage3 [1/5]
[09:40:25.936] rive  viewport 240x240 @1x
[09:40:25.943] rive  wrote design/animations/rive/bolt/frames/mp3_sleepy_085.png
[09:40:26.015] rive  compiling 6 markup files as one document: pipstage.rml, shared.rml, stage1.rml, stage2.rml, stage3.rml, stage4.rml
[09:40:26.856] rive  built tools/rive/bolt/build/pip_bolt.riv (159599 bytes, 845ms, 0 errors, 0 warnings)
[09:40:26.859] rive  data: mood = 3
[09:40:26.859] rive  showing Stage3 [1/5]
[09:40:26.859] rive  viewport 240x240 @1x
[09:40:26.897] rive  wrote design/animations/rive/bolt/frames/mp3_sleepy_087.png
[09:40:27.005] rive  compiling 6 markup files as one document: pipstage.rml, shared.rml, stage1.rml, stage2.rml, stage3.rml, stage4.rml
[09:40:28.195] rive  built tools/rive/bolt/build/pip_bolt.riv (159599 bytes, 1195ms, 0 errors, 0 warnings)
[09:40:28.198] rive  data: mood = 3
[09:40:28.198] rive  showing Stage3 [1/5]
[09:40:28.198] rive  viewport 240x240 @1x
[09:40:28.229] rive  wrote design/animations/rive/bolt/frames/mp3_sleepy_089.png
[09:40:28.328] rive  compiling 6 markup files as one document: pipstage.rml, shared.rml, stage1.rml, stage2.rml, stage3.rml, stage4.rml
[09:40:29.165] rive  built tools/rive/bolt/build/pip_bolt.riv (159599 bytes, 843ms, 0 errors, 0 warnings)
[09:40:29.170] rive  data: mood = 3
[09:40:29.170] rive  showing Stage3 [1/5]
[09:40:29.171] rive  viewport 240x240 @1x
[09:40:29.180] rive  wrote design/animations/rive/bolt/frames/mp3_sleepy_091.png
[09:40:29.279] rive  compiling 6 markup files as one document: pipstage.rml, shared.rml, stage1.rml, stage2.rml, stage3.rml, stage4.rml
[09:40:29.969] rive  built tools/rive/bolt/build/pip_bolt.riv (159599 bytes, 694ms, 0 errors, 0 warnings)
[09:40:29.971] rive  data: mood = 3
[09:40:29.971] rive  showing Stage3 [1/5]
[09:40:29.972] rive  viewport 240x240 @1x
[09:40:29.981] rive  wrote design/animations/rive/bolt/frames/mp3_sleepy_093.png
[09:40:30.057] rive  compiling 6 markup files as one document: pipstage.rml, shared.rml, stage1.rml, stage2.rml, stage3.rml, stage4.rml
[09:40:30.576] rive  built tools/rive/bolt/build/pip_bolt.riv (159599 bytes, 522ms, 0 errors, 0 warnings)
[09:40:30.578] rive  data: mood = 3
[09:40:30.578] rive  showing Stage3 [1/5]
[09:40:30.579] rive  viewport 240x240 @1x
[09:40:30.589] rive  wrote design/animations/rive/bolt/frames/mp3_sleepy_095.png
[09:40:30.659] rive  compiling 6 markup files as one document: pipstage.rml, shared.rml, stage1.rml, stage2.rml, stage3.rml, stage4.rml
[09:40:31.252] rive  built tools/rive/bolt/build/pip_bolt.riv (159599 bytes, 596ms, 0 errors, 0 warnings)
[09:40:31.254] rive  data: mood = 3
[09:40:31.254] rive  showing Stage3 [1/5]
[09:40:31.255] rive  viewport 240x240 @1x
[09:40:31.266] rive  wrote design/animations/rive/bolt/frames/mp3_sleepy_097.png
[09:40:31.339] rive  compiling 6 markup files as one document: pipstage.rml, shared.rml, stage1.rml, stage2.rml, stage3.rml, stage4.rml
[09:40:31.873] rive  built tools/rive/bolt/build/pip_bolt.riv (159599 bytes, 538ms, 0 errors, 0 warnings)
[09:40:31.875] rive  data: mood = 3
[09:40:31.875] rive  showing Stage3 [1/5]
[09:40:31.876] rive  viewport 240x240 @1x
[09:40:31.883] rive  wrote design/animations/rive/bolt/frames/mp3_sleepy_099.png
[09:40:31.957] rive  compiling 6 markup files as one document: pipstage.rml, shared.rml, stage1.rml, stage2.rml, stage3.rml, stage4.rml
[09:40:32.487] rive  built tools/rive/bolt/build/pip_bolt.riv (159599 bytes, 534ms, 0 errors, 0 warnings)
[09:40:32.489] rive  data: mood = 3
[09:40:32.489] rive  showing Stage3 [1/5]
[09:40:32.490] rive  viewport 240x240 @1x
[09:40:32.497] rive  wrote design/animations/rive/bolt/frames/mp3_sleepy_101.png
[09:40:32.566] rive  compiling 6 markup files as one document: pipstage.rml, shared.rml, stage1.rml, stage2.rml, stage3.rml, stage4.rml
[09:40:33.105] rive  built tools/rive/bolt/build/pip_bolt.riv (159599 bytes, 543ms, 0 errors, 0 warnings)
[09:40:33.107] rive  data: mood = 3
[09:40:33.107] rive  showing Stage3 [1/5]
[09:40:33.108] rive  viewport 240x240 @1x
[09:40:33.115] rive  wrote design/animations/rive/bolt/frames/mp3_sleepy_103.png
[09:40:33.184] rive  compiling 6 markup files as one document: pipstage.rml, shared.rml, stage1.rml, stage2.rml, stage3.rml, stage4.rml
[09:40:33.706] rive  built tools/rive/bolt/build/pip_bolt.riv (159599 bytes, 525ms, 0 errors, 0 warnings)
[09:40:33.708] rive  data: mood = 3
[09:40:33.708] rive  showing Stage3 [1/5]
[09:40:33.709] rive  viewport 240x240 @1x
[09:40:33.716] rive  wrote design/animations/rive/bolt/frames/mp3_sleepy_105.png
[09:40:33.790] rive  compiling 6 markup files as one document: pipstage.rml, shared.rml, stage1.rml, stage2.rml, stage3.rml, stage4.rml
[09:40:34.321] rive  built tools/rive/bolt/build/pip_bolt.riv (159599 bytes, 535ms, 0 errors, 0 warnings)
[09:40:34.324] rive  data: mood = 3
[09:40:34.324] rive  showing Stage3 [1/5]
[09:40:34.324] rive  viewport 240x240 @1x
[09:40:34.332] rive  wrote design/animations/rive/bolt/frames/mp3_sleepy_107.png
[09:40:34.403] rive  compiling 6 markup files as one document: pipstage.rml, shared.rml, stage1.rml, stage2.rml, stage3.rml, stage4.rml
[09:40:34.934] rive  built tools/rive/bolt/build/pip_bolt.riv (159599 bytes, 535ms, 0 errors, 0 warnings)
[09:40:34.936] rive  data: mood = 3
[09:40:34.936] rive  showing Stage3 [1/5]
[09:40:34.936] rive  viewport 240x240 @1x
[09:40:34.944] rive  wrote design/animations/rive/bolt/frames/mp3_sleepy_109.png
[09:40:35.016] rive  compiling 6 markup files as one document: pipstage.rml, shared.rml, stage1.rml, stage2.rml, stage3.rml, stage4.rml
[09:40:35.546] rive  built tools/rive/bolt/build/pip_bolt.riv (159599 bytes, 535ms, 0 errors, 0 warnings)
[09:40:35.548] rive  data: mood = 3
[09:40:35.548] rive  showing Stage3 [1/5]
[09:40:35.549] rive  viewport 240x240 @1x
[09:40:35.556] rive  wrote design/animations/rive/bolt/frames/mp3_sleepy_111.png
[09:40:35.626] rive  compiling 6 markup files as one document: pipstage.rml, shared.rml, stage1.rml, stage2.rml, stage3.rml, stage4.rml
[09:40:36.155] rive  built tools/rive/bolt/build/pip_bolt.riv (159599 bytes, 533ms, 0 errors, 0 warnings)
[09:40:36.158] rive  data: mood = 3
[09:40:36.158] rive  showing Stage3 [1/5]
[09:40:36.158] rive  viewport 240x240 @1x
[09:40:36.166] rive  wrote design/animations/rive/bolt/frames/mp3_sleepy_113.png
[09:40:36.234] rive  compiling 6 markup files as one document: pipstage.rml, shared.rml, stage1.rml, stage2.rml, stage3.rml, stage4.rml
[09:40:36.764] rive  built tools/rive/bolt/build/pip_bolt.riv (159599 bytes, 534ms, 0 errors, 0 warnings)
[09:40:36.766] rive  data: mood = 3
[09:40:36.766] rive  showing Stage3 [1/5]
[09:40:36.766] rive  viewport 240x240 @1x
[09:40:36.774] rive  wrote design/animations/rive/bolt/frames/mp3_sleepy_115.png
[09:40:36.847] rive  compiling 6 markup files as one document: pipstage.rml, shared.rml, stage1.rml, stage2.rml, stage3.rml, stage4.rml
[09:40:37.390] rive  built tools/rive/bolt/build/pip_bolt.riv (159599 bytes, 546ms, 0 errors, 0 warnings)
[09:40:37.393] rive  data: mood = 3
[09:40:37.393] rive  showing Stage3 [1/5]
[09:40:37.394] rive  viewport 240x240 @1x
[09:40:37.402] rive  wrote design/animations/rive/bolt/frames/mp3_sleepy_117.png
[09:40:37.473] rive  compiling 6 markup files as one document: pipstage.rml, shared.rml, stage1.rml, stage2.rml, stage3.rml, stage4.rml
[09:40:38.015] rive  built tools/rive/bolt/build/pip_bolt.riv (159599 bytes, 546ms, 0 errors, 0 warnings)
[09:40:38.018] rive  data: mood = 3
[09:40:38.018] rive  showing Stage3 [1/5]
[09:40:38.018] rive  viewport 240x240 @1x
[09:40:38.026] rive  wrote design/animations/rive/bolt/frames/mp3_sleepy_119.png
[09:40:38.100] rive  compiling 6 markup files as one document: pipstage.rml, shared.rml, stage1.rml, stage2.rml, stage3.rml, stage4.rml
[09:40:38.630] rive  built tools/rive/bolt/build/pip_bolt.riv (159599 bytes, 535ms, 0 errors, 0 warnings)
[09:40:38.633] rive  data: mood = 3
[09:40:38.633] rive  showing Stage3 [1/5]
[09:40:38.633] rive  viewport 240x240 @1x
[09:40:38.641] rive  wrote design/animations/rive/bolt/frames/mp3_sleepy_121.png
[09:40:38.714] rive  compiling 6 markup files as one document: pipstage.rml, shared.rml, stage1.rml, stage2.rml, stage3.rml, stage4.rml
[09:40:39.235] rive  built tools/rive/bolt/build/pip_bolt.riv (159599 bytes, 525ms, 0 errors, 0 warnings)
[09:40:39.237] rive  data: mood = 3
[09:40:39.237] rive  showing Stage3 [1/5]
[09:40:39.238] rive  viewport 240x240 @1x
[09:40:39.245] rive  wrote design/animations/rive/bolt/frames/mp3_sleepy_123.png
[09:40:39.314] rive  compiling 6 markup files as one document: pipstage.rml, shared.rml, stage1.rml, stage2.rml, stage3.rml, stage4.rml
[09:40:39.842] rive  built tools/rive/bolt/build/pip_bolt.riv (159599 bytes, 532ms, 0 errors, 0 warnings)
[09:40:39.844] rive  data: mood = 3
[09:40:39.844] rive  showing Stage3 [1/5]
[09:40:39.845] rive  viewport 240x240 @1x
[09:40:39.852] rive  wrote design/animations/rive/bolt/frames/mp3_sleepy_125.png
[09:40:39.922] rive  compiling 6 markup files as one document: pipstage.rml, shared.rml, stage1.rml, stage2.rml, stage3.rml, stage4.rml
[09:40:40.464] rive  built tools/rive/bolt/build/pip_bolt.riv (159599 bytes, 545ms, 0 errors, 0 warnings)
[09:40:40.466] rive  data: mood = 3
[09:40:40.466] rive  showing Stage3 [1/5]
[09:40:40.466] rive  viewport 240x240 @1x
[09:40:40.473] rive  wrote design/animations/rive/bolt/frames/mp3_sleepy_127.png
[09:40:40.547] rive  compiling 6 markup files as one document: pipstage.rml, shared.rml, stage1.rml, stage2.rml, stage3.rml, stage4.rml
[09:40:41.081] rive  built tools/rive/bolt/build/pip_bolt.riv (159599 bytes, 538ms, 0 errors, 0 warnings)
[09:40:41.083] rive  data: mood = 3
[09:40:41.083] rive  showing Stage3 [1/5]
[09:40:41.084] rive  viewport 240x240 @1x
[09:40:41.091] rive  wrote design/animations/rive/bolt/frames/mp3_sleepy_129.png
[09:40:41.163] rive  compiling 6 markup files as one document: pipstage.rml, shared.rml, stage1.rml, stage2.rml, stage3.rml, stage4.rml
[09:40:41.692] rive  built tools/rive/bolt/build/pip_bolt.riv (159599 bytes, 532ms, 0 errors, 0 warnings)
[09:40:41.694] rive  data: mood = 3
[09:40:41.694] rive  showing Stage3 [1/5]
[09:40:41.695] rive  viewport 240x240 @1x
[09:40:41.702] rive  wrote design/animations/rive/bolt/frames/mp3_sleepy_131.png
[09:40:41.773] rive  compiling 6 markup files as one document: pipstage.rml, shared.rml, stage1.rml, stage2.rml, stage3.rml, stage4.rml
[09:40:42.297] rive  built tools/rive/bolt/build/pip_bolt.riv (159599 bytes, 528ms, 0 errors, 0 warnings)
[09:40:42.299] rive  data: mood = 3
[09:40:42.299] rive  showing Stage3 [1/5]
[09:40:42.300] rive  viewport 240x240 @1x
[09:40:42.307] rive  wrote design/animations/rive/bolt/frames/mp3_sleepy_133.png
[09:40:42.383] rive  compiling 6 markup files as one document: pipstage.rml, shared.rml, stage1.rml, stage2.rml, stage3.rml, stage4.rml
[09:40:42.906] rive  built tools/rive/bolt/build/pip_bolt.riv (159599 bytes, 527ms, 0 errors, 0 warnings)
[09:40:42.908] rive  data: mood = 3
[09:40:42.908] rive  showing Stage3 [1/5]
[09:40:42.909] rive  viewport 240x240 @1x
[09:40:42.916] rive  wrote design/animations/rive/bolt/frames/mp3_sleepy_135.png
[09:40:42.985] rive  compiling 6 markup files as one document: pipstage.rml, shared.rml, stage1.rml, stage2.rml, stage3.rml, stage4.rml
[09:40:43.517] rive  built tools/rive/bolt/build/pip_bolt.riv (159599 bytes, 535ms, 0 errors, 0 warnings)
[09:40:43.519] rive  data: mood = 3
[09:40:43.519] rive  showing Stage3 [1/5]
[09:40:43.520] rive  viewport 240x240 @1x
[09:40:43.528] rive  wrote design/animations/rive/bolt/frames/mp3_sleepy_137.png
[09:40:43.599] rive  compiling 6 markup files as one document: pipstage.rml, shared.rml, stage1.rml, stage2.rml, stage3.rml, stage4.rml
[09:40:44.115] rive  built tools/rive/bolt/build/pip_bolt.riv (159599 bytes, 520ms, 0 errors, 0 warnings)
[09:40:44.117] rive  data: mood = 3
[09:40:44.117] rive  showing Stage3 [1/5]
[09:40:44.118] rive  viewport 240x240 @1x
[09:40:44.125] rive  wrote design/animations/rive/bolt/frames/mp3_sleepy_139.png
[09:40:44.193] rive  compiling 6 markup files as one document: pipstage.rml, shared.rml, stage1.rml, stage2.rml, stage3.rml, stage4.rml
[09:40:44.731] rive  built tools/rive/bolt/build/pip_bolt.riv (159599 bytes, 541ms, 0 errors, 0 warnings)
[09:40:44.733] rive  data: mood = 3
[09:40:44.733] rive  showing Stage3 [1/5]
[09:40:44.734] rive  viewport 240x240 @1x
[09:40:44.741] rive  wrote design/animations/rive/bolt/frames/mp3_sleepy_141.png
[09:40:44.814] rive  compiling 6 markup files as one document: pipstage.rml, shared.rml, stage1.rml, stage2.rml, stage3.rml, stage4.rml
[09:40:45.333] rive  built tools/rive/bolt/build/pip_bolt.riv (159599 bytes, 523ms, 0 errors, 0 warnings)
[09:40:45.335] rive  data: mood = 3
[09:40:45.335] rive  showing Stage3 [1/5]
[09:40:45.336] rive  viewport 240x240 @1x
[09:40:45.343] rive  wrote design/animations/rive/bolt/frames/mp3_sleepy_143.png
[09:40:45.416] rive  compiling 6 markup files as one document: pipstage.rml, shared.rml, stage1.rml, stage2.rml, stage3.rml, stage4.rml
[09:40:45.945] rive  built tools/rive/bolt/build/pip_bolt.riv (159599 bytes, 533ms, 0 errors, 0 warnings)
[09:40:45.947] rive  data: mood = 3
[09:40:45.947] rive  showing Stage3 [1/5]
[09:40:45.948] rive  viewport 240x240 @1x
[09:40:45.955] rive  wrote design/animations/rive/bolt/frames/mp3_sleepy_145.png
[09:40:46.023] rive  compiling 6 markup files as one document: pipstage.rml, shared.rml, stage1.rml, stage2.rml, stage3.rml, stage4.rml
[09:40:46.554] rive  built tools/rive/bolt/build/pip_bolt.riv (159599 bytes, 534ms, 0 errors, 0 warnings)
[09:40:46.556] rive  data: mood = 3
[09:40:46.556] rive  showing Stage3 [1/5]
[09:40:46.557] rive  viewport 240x240 @1x
[09:40:46.564] rive  wrote design/animations/rive/bolt/frames/mp3_sleepy_147.png
[09:40:46.634] rive  compiling 6 markup files as one document: pipstage.rml, shared.rml, stage1.rml, stage2.rml, stage3.rml, stage4.rml
[09:40:47.170] rive  built tools/rive/bolt/build/pip_bolt.riv (159599 bytes, 540ms, 0 errors, 0 warnings)
[09:40:47.172] rive  data: mood = 3
[09:40:47.172] rive  showing Stage3 [1/5]
[09:40:47.173] rive  viewport 240x240 @1x
[09:40:47.180] rive  wrote design/animations/rive/bolt/frames/mp3_sleepy_149.png
[09:40:47.251] rive  compiling 6 markup files as one document: pipstage.rml, shared.rml, stage1.rml, stage2.rml, stage3.rml, stage4.rml
[09:40:47.783] rive  built tools/rive/bolt/build/pip_bolt.riv (159599 bytes, 535ms, 0 errors, 0 warnings)
[09:40:47.785] rive  data: mood = 3
[09:40:47.785] rive  showing Stage3 [1/5]
[09:40:47.786] rive  viewport 240x240 @1x
[09:40:47.794] rive  wrote design/animations/rive/bolt/frames/mp3_sleepy_151.png
[09:40:47.867] rive  compiling 6 markup files as one document: pipstage.rml, shared.rml, stage1.rml, stage2.rml, stage3.rml, stage4.rml
[09:40:48.397] rive  built tools/rive/bolt/build/pip_bolt.riv (159599 bytes, 534ms, 0 errors, 0 warnings)
[09:40:48.399] rive  data: mood = 3
[09:40:48.399] rive  showing Stage3 [1/5]
[09:40:48.400] rive  viewport 240x240 @1x
[09:40:48.408] rive  wrote design/animations/rive/bolt/frames/mp3_sleepy_153.png
[09:40:48.477] rive  compiling 6 markup files as one document: pipstage.rml, shared.rml, stage1.rml, stage2.rml, stage3.rml, stage4.rml
[09:40:49.006] rive  built tools/rive/bolt/build/pip_bolt.riv (159599 bytes, 533ms, 0 errors, 0 warnings)
[09:40:49.009] rive  data: mood = 3
[09:40:49.009] rive  showing Stage3 [1/5]
[09:40:49.010] rive  viewport 240x240 @1x
[09:40:49.017] rive  wrote design/animations/rive/bolt/frames/mp3_sleepy_155.png
[09:40:49.091] rive  compiling 6 markup files as one document: pipstage.rml, shared.rml, stage1.rml, stage2.rml, stage3.rml, stage4.rml
[09:40:49.619] rive  built tools/rive/bolt/build/pip_bolt.riv (159599 bytes, 531ms, 0 errors, 0 warnings)
[09:40:49.621] rive  data: mood = 3
[09:40:49.621] rive  showing Stage3 [1/5]
[09:40:49.622] rive  viewport 240x240 @1x
[09:40:49.629] rive  wrote design/animations/rive/bolt/frames/mp3_sleepy_157.png
[09:40:49.700] rive  compiling 6 markup files as one document: pipstage.rml, shared.rml, stage1.rml, stage2.rml, stage3.rml, stage4.rml
[09:40:50.222] rive  built tools/rive/bolt/build/pip_bolt.riv (159599 bytes, 526ms, 0 errors, 0 warnings)
[09:40:50.224] rive  data: mood = 3
[09:40:50.224] rive  showing Stage3 [1/5]
[09:40:50.225] rive  viewport 240x240 @1x
[09:40:50.233] rive  wrote design/animations/rive/bolt/frames/mp3_sleepy_159.png
[09:40:50.306] rive  compiling 6 markup files as one document: pipstage.rml, shared.rml, stage1.rml, stage2.rml, stage3.rml, stage4.rml
[09:40:50.840] rive  built tools/rive/bolt/build/pip_bolt.riv (159599 bytes, 537ms, 0 errors, 0 warnings)
[09:40:50.842] rive  data: mood = 3
[09:40:50.842] rive  showing Stage3 [1/5]
[09:40:50.843] rive  viewport 240x240 @1x
[09:40:50.850] rive  wrote design/animations/rive/bolt/frames/mp3_sleepy_161.png
[09:40:50.923] rive  compiling 6 markup files as one document: pipstage.rml, shared.rml, stage1.rml, stage2.rml, stage3.rml, stage4.rml
[09:40:51.452] rive  built tools/rive/bolt/build/pip_bolt.riv (159599 bytes, 532ms, 0 errors, 0 warnings)
[09:40:51.454] rive  data: mood = 3
[09:40:51.454] rive  showing Stage3 [1/5]
[09:40:51.454] rive  viewport 240x240 @1x
[09:40:51.462] rive  wrote design/animations/rive/bolt/frames/mp3_sleepy_163.png
[09:40:51.532] rive  compiling 6 markup files as one document: pipstage.rml, shared.rml, stage1.rml, stage2.rml, stage3.rml, stage4.rml
[09:40:52.069] rive  built tools/rive/bolt/build/pip_bolt.riv (159599 bytes, 540ms, 0 errors, 0 warnings)
[09:40:52.071] rive  data: mood = 3
[09:40:52.071] rive  showing Stage3 [1/5]
[09:40:52.072] rive  viewport 240x240 @1x
[09:40:52.079] rive  wrote design/animations/rive/bolt/frames/mp3_sleepy_165.png
[09:40:52.148] rive  compiling 6 markup files as one document: pipstage.rml, shared.rml, stage1.rml, stage2.rml, stage3.rml, stage4.rml
[09:40:52.671] rive  built tools/rive/bolt/build/pip_bolt.riv (159599 bytes, 528ms, 0 errors, 0 warnings)
[09:40:52.674] rive  data: mood = 3
[09:40:52.674] rive  showing Stage3 [1/5]
[09:40:52.675] rive  viewport 240x240 @1x
[09:40:52.682] rive  wrote design/animations/rive/bolt/frames/mp3_sleepy_167.png
[09:40:52.752] rive  compiling 6 markup files as one document: pipstage.rml, shared.rml, stage1.rml, stage2.rml, stage3.rml, stage4.rml
[09:40:53.282] rive  built tools/rive/bolt/build/pip_bolt.riv (159599 bytes, 533ms, 0 errors, 0 warnings)
[09:40:53.284] rive  data: mood = 3
[09:40:53.284] rive  showing Stage3 [1/5]
[09:40:53.284] rive  viewport 240x240 @1x
[09:40:53.292] rive  wrote design/animations/rive/bolt/frames/mp3_sleepy_169.png
[09:40:53.366] rive  compiling 6 markup files as one document: pipstage.rml, shared.rml, stage1.rml, stage2.rml, stage3.rml, stage4.rml
[09:40:53.899] rive  built tools/rive/bolt/build/pip_bolt.riv (159599 bytes, 537ms, 0 errors, 0 warnings)
[09:40:53.901] rive  data: mood = 3
[09:40:53.901] rive  showing Stage3 [1/5]
[09:40:53.902] rive  viewport 240x240 @1x
[09:40:53.909] rive  wrote design/animations/rive/bolt/frames/mp3_sleepy_171.png
[09:40:53.979] rive  compiling 6 markup files as one document: pipstage.rml, shared.rml, stage1.rml, stage2.rml, stage3.rml, stage4.rml
[09:40:54.492] rive  built tools/rive/bolt/build/pip_bolt.riv (159599 bytes, 517ms, 0 errors, 0 warnings)
[09:40:54.495] rive  data: mood = 3
[09:40:54.495] rive  showing Stage3 [1/5]
[09:40:54.496] rive  viewport 240x240 @1x
[09:40:54.503] rive  wrote design/animations/rive/bolt/frames/mp3_sleepy_173.png
[09:40:54.574] rive  compiling 6 markup files as one document: pipstage.rml, shared.rml, stage1.rml, stage2.rml, stage3.rml, stage4.rml
[09:40:55.087] rive  built tools/rive/bolt/build/pip_bolt.riv (159599 bytes, 518ms, 0 errors, 0 warnings)
[09:40:55.089] rive  data: mood = 3
[09:40:55.089] rive  showing Stage3 [1/5]
[09:40:55.090] rive  viewport 240x240 @1x
[09:40:55.097] rive  wrote design/animations/rive/bolt/frames/mp3_sleepy_175.png
[09:40:55.163] rive  compiling 6 markup files as one document: pipstage.rml, shared.rml, stage1.rml, stage2.rml, stage3.rml, stage4.rml
[09:40:55.711] rive  built tools/rive/bolt/build/pip_bolt.riv (159599 bytes, 550ms, 0 errors, 0 warnings)
[09:40:55.713] rive  data: mood = 3
[09:40:55.713] rive  showing Stage3 [1/5]
[09:40:55.714] rive  viewport 240x240 @1x
[09:40:55.722] rive  wrote design/animations/rive/bolt/frames/mp3_sleepy_177.png
[09:40:55.810] rive  compiling 6 markup files as one document: pipstage.rml, shared.rml, stage1.rml, stage2.rml, stage3.rml, stage4.rml
[09:40:56.330] rive  built tools/rive/bolt/build/pip_bolt.riv (159599 bytes, 523ms, 0 errors, 0 warnings)
[09:40:56.332] rive  data: mood = 3
[09:40:56.332] rive  showing Stage3 [1/5]
[09:40:56.333] rive  viewport 240x240 @1x
[09:40:56.340] rive  wrote design/animations/rive/bolt/frames/mp3_sleepy_179.png
[09:40:56.410] rive  compiling 6 markup files as one document: pipstage.rml, shared.rml, stage1.rml, stage2.rml, stage3.rml, stage4.rml
[09:40:56.925] rive  built tools/rive/bolt/build/pip_bolt.riv (159599 bytes, 519ms, 0 errors, 0 warnings)
[09:40:56.928] rive  data: mood = 3
[09:40:56.928] rive  showing Stage3 [1/5]
[09:40:56.929] rive  viewport 240x240 @1x
[09:40:56.936] rive  wrote design/animations/rive/bolt/frames/mp3_sleepy_181.png
[09:40:57.015] rive  compiling 6 markup files as one document: pipstage.rml, shared.rml, stage1.rml, stage2.rml, stage3.rml, stage4.rml
[09:40:57.537] rive  built tools/rive/bolt/build/pip_bolt.riv (159599 bytes, 525ms, 0 errors, 0 warnings)
[09:40:57.539] rive  data: mood = 3
[09:40:57.539] rive  showing Stage3 [1/5]
[09:40:57.540] rive  viewport 240x240 @1x
[09:40:57.547] rive  wrote design/animations/rive/bolt/frames/mp3_sleepy_183.png
[09:40:57.624] rive  compiling 6 markup files as one document: pipstage.rml, shared.rml, stage1.rml, stage2.rml, stage3.rml, stage4.rml
[09:40:58.142] rive  built tools/rive/bolt/build/pip_bolt.riv (159599 bytes, 522ms, 0 errors, 0 warnings)
[09:40:58.143] rive  data: mood = 3
[09:40:58.144] rive  showing Stage3 [1/5]
[09:40:58.144] rive  viewport 240x240 @1x
[09:40:58.152] rive  wrote design/animations/rive/bolt/frames/mp3_sleepy_185.png
[09:40:58.223] rive  compiling 6 markup files as one document: pipstage.rml, shared.rml, stage1.rml, stage2.rml, stage3.rml, stage4.rml
[09:40:58.734] rive  built tools/rive/bolt/build/pip_bolt.riv (159599 bytes, 514ms, 0 errors, 0 warnings)
[09:40:58.736] rive  data: mood = 3
[09:40:58.736] rive  showing Stage3 [1/5]
[09:40:58.737] rive  viewport 240x240 @1x
[09:40:58.745] rive  wrote design/animations/rive/bolt/frames/mp3_sleepy_187.png
[09:40:58.817] rive  compiling 6 markup files as one document: pipstage.rml, shared.rml, stage1.rml, stage2.rml, stage3.rml, stage4.rml
[09:40:59.326] rive  built tools/rive/bolt/build/pip_bolt.riv (159599 bytes, 513ms, 0 errors, 0 warnings)
[09:40:59.328] rive  data: mood = 3
[09:40:59.328] rive  showing Stage3 [1/5]
[09:40:59.329] rive  viewport 240x240 @1x
[09:40:59.336] rive  wrote design/animations/rive/bolt/frames/mp3_sleepy_189.png
[09:40:59.408] rive  compiling 6 markup files as one document: pipstage.rml, shared.rml, stage1.rml, stage2.rml, stage3.rml, stage4.rml
[09:41:00.118] rive  built tools/rive/bolt/build/pip_bolt.riv (159599 bytes, 714ms, 0 errors, 0 warnings)
[09:41:00.120] rive  data: mood = 3
[09:41:00.120] rive  showing Stage3 [1/5]
[09:41:00.121] rive  viewport 240x240 @1x
[09:41:00.129] rive  wrote design/animations/rive/bolt/frames/mp3_sleepy_191.png
[09:41:00.197] rive  compiling 6 markup files as one document: pipstage.rml, shared.rml, stage1.rml, stage2.rml, stage3.rml, stage4.rml
[09:41:00.709] rive  built tools/rive/bolt/build/pip_bolt.riv (159599 bytes, 515ms, 0 errors, 0 warnings)
[09:41:00.711] rive  data: mood = 3
[09:41:00.711] rive  showing Stage3 [1/5]
[09:41:00.712] rive  viewport 240x240 @1x
[09:41:00.719] rive  wrote design/animations/rive/bolt/frames/mp3_sleepy_193.png
[09:41:00.785] rive  compiling 6 markup files as one document: pipstage.rml, shared.rml, stage1.rml, stage2.rml, stage3.rml, stage4.rml
[09:41:01.297] rive  built tools/rive/bolt/build/pip_bolt.riv (159599 bytes, 516ms, 0 errors, 0 warnings)
[09:41:01.299] rive  data: mood = 3
[09:41:01.299] rive  showing Stage3 [1/5]
[09:41:01.300] rive  viewport 240x240 @1x
[09:41:01.308] rive  wrote design/animations/rive/bolt/frames/mp3_sleepy_195.png
[09:41:01.374] rive  compiling 6 markup files as one document: pipstage.rml, shared.rml, stage1.rml, stage2.rml, stage3.rml, stage4.rml
[09:41:01.888] rive  built tools/rive/bolt/build/pip_bolt.riv (159599 bytes, 517ms, 0 errors, 0 warnings)
[09:41:01.890] rive  data: mood = 3
[09:41:01.890] rive  showing Stage3 [1/5]
[09:41:01.891] rive  viewport 240x240 @1x
[09:41:01.899] rive  wrote design/animations/rive/bolt/frames/mp3_sleepy_197.png
[09:41:01.964] rive  compiling 6 markup files as one document: pipstage.rml, shared.rml, stage1.rml, stage2.rml, stage3.rml, stage4.rml
[09:41:02.471] rive  built tools/rive/bolt/build/pip_bolt.riv (159599 bytes, 511ms, 0 errors, 0 warnings)
[09:41:02.473] rive  data: mood = 3
[09:41:02.474] rive  showing Stage3 [1/5]
[09:41:02.474] rive  viewport 240x240 @1x
[09:41:02.482] rive  wrote design/animations/rive/bolt/frames/mp3_sleepy_199.png
[09:41:02.548] rive  compiling 6 markup files as one document: pipstage.rml, shared.rml, stage1.rml, stage2.rml, stage3.rml, stage4.rml
[09:41:03.058] rive  built tools/rive/bolt/build/pip_bolt.riv (159599 bytes, 513ms, 0 errors, 0 warnings)
[09:41:03.060] rive  data: mood = 3
[09:41:03.060] rive  showing Stage3 [1/5]
[09:41:03.061] rive  viewport 240x240 @1x
[09:41:03.068] rive  wrote design/animations/rive/bolt/frames/mp3_sleepy_201.png
[09:41:03.144] rive  compiling 6 markup files as one document: pipstage.rml, shared.rml, stage1.rml, stage2.rml, stage3.rml, stage4.rml
[09:41:03.658] rive  built tools/rive/bolt/build/pip_bolt.riv (159599 bytes, 518ms, 0 errors, 0 warnings)
[09:41:03.660] rive  data: mood = 3
[09:41:03.660] rive  showing Stage3 [1/5]
[09:41:03.661] rive  viewport 240x240 @1x
[09:41:03.668] rive  wrote design/animations/rive/bolt/frames/mp3_sleepy_203.png
[09:41:03.735] rive  compiling 6 markup files as one document: pipstage.rml, shared.rml, stage1.rml, stage2.rml, stage3.rml, stage4.rml
[09:41:04.253] rive  built tools/rive/bolt/build/pip_bolt.riv (159599 bytes, 522ms, 0 errors, 0 warnings)
[09:41:04.255] rive  data: mood = 3
[09:41:04.255] rive  showing Stage3 [1/5]
[09:41:04.256] rive  viewport 240x240 @1x
[09:41:04.263] rive  wrote design/animations/rive/bolt/frames/mp3_sleepy_205.png
[09:41:04.331] rive  compiling 6 markup files as one document: pipstage.rml, shared.rml, stage1.rml, stage2.rml, stage3.rml, stage4.rml
[09:41:04.843] rive  built tools/rive/bolt/build/pip_bolt.riv (159599 bytes, 515ms, 0 errors, 0 warnings)
[09:41:04.845] rive  data: mood = 3
[09:41:04.845] rive  showing Stage3 [1/5]
[09:41:04.846] rive  viewport 240x240 @1x
[09:41:04.854] rive  wrote design/animations/rive/bolt/frames/mp3_sleepy_207.png
[09:41:04.920] rive  compiling 6 markup files as one document: pipstage.rml, shared.rml, stage1.rml, stage2.rml, stage3.rml, stage4.rml
[09:41:05.434] rive  built tools/rive/bolt/build/pip_bolt.riv (159599 bytes, 517ms, 0 errors, 0 warnings)
[09:41:05.436] rive  data: mood = 3
[09:41:05.436] rive  showing Stage3 [1/5]
[09:41:05.437] rive  viewport 240x240 @1x
[09:41:05.444] rive  wrote design/animations/rive/bolt/frames/mp3_sleepy_209.png
[09:41:05.516] rive  compiling 6 markup files as one document: pipstage.rml, shared.rml, stage1.rml, stage2.rml, stage3.rml, stage4.rml
[09:41:06.033] rive  built tools/rive/bolt/build/pip_bolt.riv (159599 bytes, 521ms, 0 errors, 0 warnings)
[09:41:06.035] rive  data: mood = 3
[09:41:06.036] rive  showing Stage3 [1/5]
[09:41:06.037] rive  viewport 240x240 @1x
[09:41:06.044] rive  wrote design/animations/rive/bolt/frames/mp3_sleepy_211.png
[09:41:06.116] rive  compiling 6 markup files as one document: pipstage.rml, shared.rml, stage1.rml, stage2.rml, stage3.rml, stage4.rml
[09:41:06.628] rive  built tools/rive/bolt/build/pip_bolt.riv (159599 bytes, 517ms, 0 errors, 0 warnings)
[09:41:06.630] rive  data: mood = 3
[09:41:06.630] rive  showing Stage3 [1/5]
[09:41:06.631] rive  viewport 240x240 @1x
[09:41:06.638] rive  wrote design/animations/rive/bolt/frames/mp3_sleepy_213.png
[09:41:06.705] rive  compiling 6 markup files as one document: pipstage.rml, shared.rml, stage1.rml, stage2.rml, stage3.rml, stage4.rml
[09:41:07.214] rive  built tools/rive/bolt/build/pip_bolt.riv (159599 bytes, 513ms, 0 errors, 0 warnings)
[09:41:07.216] rive  data: mood = 3
[09:41:07.216] rive  showing Stage3 [1/5]
[09:41:07.217] rive  viewport 240x240 @1x
[09:41:07.224] rive  wrote design/animations/rive/bolt/frames/mp3_sleepy_215.png
[09:41:07.290] rive  compiling 6 markup files as one document: pipstage.rml, shared.rml, stage1.rml, stage2.rml, stage3.rml, stage4.rml
[09:41:07.796] rive  built tools/rive/bolt/build/pip_bolt.riv (159599 bytes, 509ms, 0 errors, 0 warnings)
[09:41:07.798] rive  data: mood = 3
[09:41:07.798] rive  showing Stage3 [1/5]
[09:41:07.799] rive  viewport 240x240 @1x
[09:41:07.807] rive  wrote design/animations/rive/bolt/frames/mp3_sleepy_217.png
[09:41:07.871] rive  compiling 6 markup files as one document: pipstage.rml, shared.rml, stage1.rml, stage2.rml, stage3.rml, stage4.rml
[09:41:08.380] rive  built tools/rive/bolt/build/pip_bolt.riv (159599 bytes, 512ms, 0 errors, 0 warnings)
[09:41:08.382] rive  data: mood = 3
[09:41:08.382] rive  showing Stage3 [1/5]
[09:41:08.383] rive  viewport 240x240 @1x
[09:41:08.390] rive  wrote design/animations/rive/bolt/frames/mp3_sleepy_219.png
[09:41:08.460] rive  compiling 6 markup files as one document: pipstage.rml, shared.rml, stage1.rml, stage2.rml, stage3.rml, stage4.rml
[09:41:08.967] rive  built tools/rive/bolt/build/pip_bolt.riv (159599 bytes, 512ms, 0 errors, 0 warnings)
[09:41:08.970] rive  data: mood = 3
[09:41:08.970] rive  showing Stage3 [1/5]
[09:41:08.971] rive  viewport 240x240 @1x
[09:41:08.978] rive  wrote design/animations/rive/bolt/frames/mp3_sleepy_221.png
[09:41:09.048] rive  compiling 6 markup files as one document: pipstage.rml, shared.rml, stage1.rml, stage2.rml, stage3.rml, stage4.rml
[09:41:09.553] rive  built tools/rive/bolt/build/pip_bolt.riv (159599 bytes, 509ms, 0 errors, 0 warnings)
[09:41:09.555] rive  data: mood = 3
[09:41:09.555] rive  showing Stage3 [1/5]
[09:41:09.556] rive  viewport 240x240 @1x
[09:41:09.563] rive  wrote design/animations/rive/bolt/frames/mp3_sleepy_223.png
[09:41:09.631] rive  compiling 6 markup files as one document: pipstage.rml, shared.rml, stage1.rml, stage2.rml, stage3.rml, stage4.rml
[09:41:10.133] rive  built tools/rive/bolt/build/pip_bolt.riv (159599 bytes, 506ms, 0 errors, 0 warnings)
[09:41:10.135] rive  data: mood = 3
[09:41:10.135] rive  showing Stage3 [1/5]
[09:41:10.136] rive  viewport 240x240 @1x
[09:41:10.143] rive  wrote design/animations/rive/bolt/frames/mp3_sleepy_225.png
[09:41:10.209] rive  compiling 6 markup files as one document: pipstage.rml, shared.rml, stage1.rml, stage2.rml, stage3.rml, stage4.rml
[09:41:10.733] rive  built tools/rive/bolt/build/pip_bolt.riv (159599 bytes, 527ms, 0 errors, 0 warnings)
[09:41:10.735] rive  data: mood = 3
[09:41:10.735] rive  showing Stage3 [1/5]
[09:41:10.736] rive  viewport 240x240 @1x
[09:41:10.743] rive  wrote design/animations/rive/bolt/frames/mp3_sleepy_227.png
[09:41:10.809] rive  compiling 6 markup files as one document: pipstage.rml, shared.rml, stage1.rml, stage2.rml, stage3.rml, stage4.rml
[09:41:11.316] rive  built tools/rive/bolt/build/pip_bolt.riv (159599 bytes, 511ms, 0 errors, 0 warnings)
[09:41:11.318] rive  data: mood = 3
[09:41:11.318] rive  showing Stage3 [1/5]
[09:41:11.319] rive  viewport 240x240 @1x
[09:41:11.327] rive  wrote design/animations/rive/bolt/frames/mp3_sleepy_229.png
[09:41:11.393] rive  compiling 6 markup files as one document: pipstage.rml, shared.rml, stage1.rml, stage2.rml, stage3.rml, stage4.rml
[09:41:11.900] rive  built tools/rive/bolt/build/pip_bolt.riv (159599 bytes, 511ms, 0 errors, 0 warnings)
[09:41:11.902] rive  data: mood = 3
[09:41:11.902] rive  showing Stage3 [1/5]
[09:41:11.903] rive  viewport 240x240 @1x
[09:41:11.911] rive  wrote design/animations/rive/bolt/frames/mp3_sleepy_231.png
[09:41:11.983] rive  compiling 6 markup files as one document: pipstage.rml, shared.rml, stage1.rml, stage2.rml, stage3.rml, stage4.rml
[09:41:12.510] rive  built tools/rive/bolt/build/pip_bolt.riv (159599 bytes, 530ms, 0 errors, 0 warnings)
[09:41:12.512] rive  data: mood = 3
[09:41:12.512] rive  showing Stage3 [1/5]
[09:41:12.513] rive  viewport 240x240 @1x
[09:41:12.523] rive  wrote design/animations/rive/bolt/frames/mp3_sleepy_233.png
[09:41:12.593] rive  compiling 6 markup files as one document: pipstage.rml, shared.rml, stage1.rml, stage2.rml, stage3.rml, stage4.rml
[09:41:13.138] rive  built tools/rive/bolt/build/pip_bolt.riv (159599 bytes, 549ms, 0 errors, 0 warnings)
[09:41:13.140] rive  data: mood = 3
[09:41:13.140] rive  showing Stage3 [1/5]
[09:41:13.141] rive  viewport 240x240 @1x
[09:41:13.150] rive  wrote design/animations/rive/bolt/frames/mp3_sleepy_235.png
[09:41:13.216] rive  compiling 6 markup files as one document: pipstage.rml, shared.rml, stage1.rml, stage2.rml, stage3.rml, stage4.rml
[09:41:13.860] rive  built tools/rive/bolt/build/pip_bolt.riv (159599 bytes, 648ms, 0 errors, 0 warnings)
[09:41:13.863] rive  data: mood = 3
[09:41:13.863] rive  showing Stage3 [1/5]
[09:41:13.864] rive  viewport 240x240 @1x
[09:41:13.872] rive  wrote design/animations/rive/bolt/frames/mp3_sleepy_237.png
[09:41:13.940] rive  compiling 6 markup files as one document: pipstage.rml, shared.rml, stage1.rml, stage2.rml, stage3.rml, stage4.rml
[09:41:14.451] rive  built tools/rive/bolt/build/pip_bolt.riv (159599 bytes, 514ms, 0 errors, 0 warnings)
[09:41:14.453] rive  data: mood = 3
[09:41:14.453] rive  showing Stage3 [1/5]
[09:41:14.454] rive  viewport 240x240 @1x
[09:41:14.461] rive  wrote design/animations/rive/bolt/frames/mp3_sleepy_239.png
[09:41:14.527] rive  compiling 6 markup files as one document: pipstage.rml, shared.rml, stage1.rml, stage2.rml, stage3.rml, stage4.rml
[09:41:15.047] rive  built tools/rive/bolt/build/pip_bolt.riv (159599 bytes, 523ms, 0 errors, 0 warnings)
[09:41:15.050] rive  data: mood = 4
[09:41:15.050] rive  showing Stage3 [1/5]
[09:41:15.050] rive  viewport 240x240 @1x
[09:41:15.057] rive  wrote design/animations/rive/bolt/frames/mp3_surprised_001.png
[09:41:15.128] rive  compiling 6 markup files as one document: pipstage.rml, shared.rml, stage1.rml, stage2.rml, stage3.rml, stage4.rml
[09:41:15.646] rive  built tools/rive/bolt/build/pip_bolt.riv (159599 bytes, 523ms, 0 errors, 0 warnings)
[09:41:15.648] rive  data: mood = 4
[09:41:15.648] rive  showing Stage3 [1/5]
[09:41:15.648] rive  viewport 240x240 @1x
[09:41:15.657] rive  wrote design/animations/rive/bolt/frames/mp3_surprised_003.png
[09:41:15.723] rive  compiling 6 markup files as one document: pipstage.rml, shared.rml, stage1.rml, stage2.rml, stage3.rml, stage4.rml
[09:41:16.247] rive  built tools/rive/bolt/build/pip_bolt.riv (159599 bytes, 527ms, 0 errors, 0 warnings)
[09:41:16.249] rive  data: mood = 4
[09:41:16.249] rive  showing Stage3 [1/5]
[09:41:16.249] rive  viewport 240x240 @1x
[09:41:16.258] rive  wrote design/animations/rive/bolt/frames/mp3_surprised_005.png
[09:41:16.324] rive  compiling 6 markup files as one document: pipstage.rml, shared.rml, stage1.rml, stage2.rml, stage3.rml, stage4.rml
[09:41:16.839] rive  built tools/rive/bolt/build/pip_bolt.riv (159599 bytes, 518ms, 0 errors, 0 warnings)
[09:41:16.841] rive  data: mood = 4
[09:41:16.841] rive  showing Stage3 [1/5]
[09:41:16.841] rive  viewport 240x240 @1x
[09:41:16.849] rive  wrote design/animations/rive/bolt/frames/mp3_surprised_007.png
[09:41:16.915] rive  compiling 6 markup files as one document: pipstage.rml, shared.rml, stage1.rml, stage2.rml, stage3.rml, stage4.rml
[09:41:17.427] rive  built tools/rive/bolt/build/pip_bolt.riv (159599 bytes, 516ms, 0 errors, 0 warnings)
[09:41:17.429] rive  data: mood = 4
[09:41:17.429] rive  showing Stage3 [1/5]
[09:41:17.429] rive  viewport 240x240 @1x
[09:41:17.437] rive  wrote design/animations/rive/bolt/frames/mp3_surprised_009.png
[09:41:17.507] rive  compiling 6 markup files as one document: pipstage.rml, shared.rml, stage1.rml, stage2.rml, stage3.rml, stage4.rml
[09:41:18.020] rive  built tools/rive/bolt/build/pip_bolt.riv (159599 bytes, 518ms, 0 errors, 0 warnings)
[09:41:18.022] rive  data: mood = 4
[09:41:18.022] rive  showing Stage3 [1/5]
[09:41:18.022] rive  viewport 240x240 @1x
[09:41:18.029] rive  wrote design/animations/rive/bolt/frames/mp3_surprised_011.png
[09:41:18.095] rive  compiling 6 markup files as one document: pipstage.rml, shared.rml, stage1.rml, stage2.rml, stage3.rml, stage4.rml
[09:41:18.614] rive  built tools/rive/bolt/build/pip_bolt.riv (159599 bytes, 522ms, 0 errors, 0 warnings)
[09:41:18.616] rive  data: mood = 4
[09:41:18.616] rive  showing Stage3 [1/5]
[09:41:18.616] rive  viewport 240x240 @1x
[09:41:18.625] rive  wrote design/animations/rive/bolt/frames/mp3_surprised_013.png
[09:41:18.695] rive  compiling 6 markup files as one document: pipstage.rml, shared.rml, stage1.rml, stage2.rml, stage3.rml, stage4.rml
[09:41:19.229] rive  built tools/rive/bolt/build/pip_bolt.riv (159599 bytes, 538ms, 0 errors, 0 warnings)
[09:41:19.231] rive  data: mood = 4
[09:41:19.231] rive  showing Stage3 [1/5]
[09:41:19.231] rive  viewport 240x240 @1x
[09:41:19.239] rive  wrote design/animations/rive/bolt/frames/mp3_surprised_015.png
[09:41:19.305] rive  compiling 6 markup files as one document: pipstage.rml, shared.rml, stage1.rml, stage2.rml, stage3.rml, stage4.rml
[09:41:19.837] rive  built tools/rive/bolt/build/pip_bolt.riv (159599 bytes, 536ms, 0 errors, 0 warnings)
[09:41:19.839] rive  data: mood = 4
[09:41:19.839] rive  showing Stage3 [1/5]
[09:41:19.840] rive  viewport 240x240 @1x
[09:41:19.847] rive  wrote design/animations/rive/bolt/frames/mp3_surprised_017.png
[09:41:19.916] rive  compiling 6 markup files as one document: pipstage.rml, shared.rml, stage1.rml, stage2.rml, stage3.rml, stage4.rml
[09:41:20.463] rive  built tools/rive/bolt/build/pip_bolt.riv (159599 bytes, 551ms, 0 errors, 0 warnings)
[09:41:20.465] rive  data: mood = 4
[09:41:20.466] rive  showing Stage3 [1/5]
[09:41:20.466] rive  viewport 240x240 @1x
[09:41:20.473] rive  wrote design/animations/rive/bolt/frames/mp3_surprised_019.png
[09:41:20.539] rive  compiling 6 markup files as one document: pipstage.rml, shared.rml, stage1.rml, stage2.rml, stage3.rml, stage4.rml
[09:41:21.076] rive  built tools/rive/bolt/build/pip_bolt.riv (159599 bytes, 541ms, 0 errors, 0 warnings)
[09:41:21.078] rive  data: mood = 4
[09:41:21.078] rive  showing Stage3 [1/5]
[09:41:21.079] rive  viewport 240x240 @1x
[09:41:21.087] rive  wrote design/animations/rive/bolt/frames/mp3_surprised_021.png
[09:41:21.150] rive  compiling 6 markup files as one document: pipstage.rml, shared.rml, stage1.rml, stage2.rml, stage3.rml, stage4.rml
[09:41:21.680] rive  built tools/rive/bolt/build/pip_bolt.riv (159599 bytes, 533ms, 0 errors, 0 warnings)
[09:41:21.682] rive  data: mood = 4
[09:41:21.682] rive  showing Stage3 [1/5]
[09:41:21.683] rive  viewport 240x240 @1x
[09:41:21.690] rive  wrote design/animations/rive/bolt/frames/mp3_surprised_023.png
[09:41:21.759] rive  compiling 6 markup files as one document: pipstage.rml, shared.rml, stage1.rml, stage2.rml, stage3.rml, stage4.rml
[09:41:22.290] rive  built tools/rive/bolt/build/pip_bolt.riv (159599 bytes, 535ms, 0 errors, 0 warnings)
[09:41:22.292] rive  data: mood = 4
[09:41:22.293] rive  showing Stage3 [1/5]
[09:41:22.293] rive  viewport 240x240 @1x
[09:41:22.300] rive  wrote design/animations/rive/bolt/frames/mp3_surprised_025.png
[09:41:22.373] rive  compiling 6 markup files as one document: pipstage.rml, shared.rml, stage1.rml, stage2.rml, stage3.rml, stage4.rml
[09:41:22.910] rive  built tools/rive/bolt/build/pip_bolt.riv (159599 bytes, 540ms, 0 errors, 0 warnings)
[09:41:22.911] rive  data: mood = 4
[09:41:22.911] rive  showing Stage3 [1/5]
[09:41:22.912] rive  viewport 240x240 @1x
[09:41:22.919] rive  wrote design/animations/rive/bolt/frames/mp3_surprised_027.png
[09:41:22.983] rive  compiling 6 markup files as one document: pipstage.rml, shared.rml, stage1.rml, stage2.rml, stage3.rml, stage4.rml
[09:41:23.488] rive  built tools/rive/bolt/build/pip_bolt.riv (159599 bytes, 508ms, 0 errors, 0 warnings)
[09:41:23.490] rive  data: mood = 4
[09:41:23.490] rive  showing Stage3 [1/5]
[09:41:23.490] rive  viewport 240x240 @1x
[09:41:23.497] rive  wrote design/animations/rive/bolt/frames/mp3_surprised_029.png
[09:41:23.566] rive  compiling 6 markup files as one document: pipstage.rml, shared.rml, stage1.rml, stage2.rml, stage3.rml, stage4.rml
[09:41:24.072] rive  built tools/rive/bolt/build/pip_bolt.riv (159599 bytes, 509ms, 0 errors, 0 warnings)
[09:41:24.074] rive  data: mood = 4
[09:41:24.074] rive  showing Stage3 [1/5]
[09:41:24.074] rive  viewport 240x240 @1x
[09:41:24.081] rive  wrote design/animations/rive/bolt/frames/mp3_surprised_031.png
[09:41:24.147] rive  compiling 6 markup files as one document: pipstage.rml, shared.rml, stage1.rml, stage2.rml, stage3.rml, stage4.rml
[09:41:24.659] rive  built tools/rive/bolt/build/pip_bolt.riv (159599 bytes, 515ms, 0 errors, 0 warnings)
[09:41:24.661] rive  data: mood = 4
[09:41:24.661] rive  showing Stage3 [1/5]
[09:41:24.661] rive  viewport 240x240 @1x
[09:41:24.668] rive  wrote design/animations/rive/bolt/frames/mp3_surprised_033.png
[09:41:24.735] rive  compiling 6 markup files as one document: pipstage.rml, shared.rml, stage1.rml, stage2.rml, stage3.rml, stage4.rml
[09:41:25.249] rive  built tools/rive/bolt/build/pip_bolt.riv (159599 bytes, 517ms, 0 errors, 0 warnings)
[09:41:25.255] rive  data: mood = 4
[09:41:25.255] rive  showing Stage3 [1/5]
[09:41:25.255] rive  viewport 240x240 @1x
[09:41:25.264] rive  wrote design/animations/rive/bolt/frames/mp3_surprised_035.png
[09:41:25.331] rive  compiling 6 markup files as one document: pipstage.rml, shared.rml, stage1.rml, stage2.rml, stage3.rml, stage4.rml
[09:41:25.836] rive  built tools/rive/bolt/build/pip_bolt.riv (159599 bytes, 509ms, 0 errors, 0 warnings)
[09:41:25.838] rive  data: mood = 4
[09:41:25.838] rive  showing Stage3 [1/5]
[09:41:25.838] rive  viewport 240x240 @1x
[09:41:25.845] rive  wrote design/animations/rive/bolt/frames/mp3_surprised_037.png
[09:41:25.914] rive  compiling 6 markup files as one document: pipstage.rml, shared.rml, stage1.rml, stage2.rml, stage3.rml, stage4.rml
[09:41:26.422] rive  built tools/rive/bolt/build/pip_bolt.riv (159599 bytes, 512ms, 0 errors, 0 warnings)
[09:41:26.424] rive  data: mood = 4
[09:41:26.424] rive  showing Stage3 [1/5]
[09:41:26.425] rive  viewport 240x240 @1x
[09:41:26.432] rive  wrote design/animations/rive/bolt/frames/mp3_surprised_039.png
[09:41:26.500] rive  compiling 6 markup files as one document: pipstage.rml, shared.rml, stage1.rml, stage2.rml, stage3.rml, stage4.rml
[09:41:27.020] rive  built tools/rive/bolt/build/pip_bolt.riv (159599 bytes, 524ms, 0 errors, 0 warnings)
[09:41:27.023] rive  data: mood = 4
[09:41:27.023] rive  showing Stage3 [1/5]
[09:41:27.023] rive  viewport 240x240 @1x
[09:41:27.030] rive  wrote design/animations/rive/bolt/frames/mp3_surprised_041.png
[09:41:27.097] rive  compiling 6 markup files as one document: pipstage.rml, shared.rml, stage1.rml, stage2.rml, stage3.rml, stage4.rml
[09:41:27.640] rive  built tools/rive/bolt/build/pip_bolt.riv (159599 bytes, 547ms, 0 errors, 0 warnings)
[09:41:27.642] rive  data: mood = 4
[09:41:27.642] rive  showing Stage3 [1/5]
[09:41:27.642] rive  viewport 240x240 @1x
[09:41:27.650] rive  wrote design/animations/rive/bolt/frames/mp3_surprised_043.png
[09:41:27.717] rive  compiling 6 markup files as one document: pipstage.rml, shared.rml, stage1.rml, stage2.rml, stage3.rml, stage4.rml
[09:41:28.267] rive  built tools/rive/bolt/build/pip_bolt.riv (159599 bytes, 553ms, 0 errors, 0 warnings)
[09:41:28.269] rive  data: mood = 4
[09:41:28.269] rive  showing Stage3 [1/5]
[09:41:28.269] rive  viewport 240x240 @1x
[09:41:28.277] rive  wrote design/animations/rive/bolt/frames/mp3_surprised_045.png
[09:41:28.347] rive  compiling 6 markup files as one document: pipstage.rml, shared.rml, stage1.rml, stage2.rml, stage3.rml, stage4.rml
[09:41:28.882] rive  built tools/rive/bolt/build/pip_bolt.riv (159599 bytes, 540ms, 0 errors, 0 warnings)
[09:41:28.884] rive  data: mood = 4
[09:41:28.884] rive  showing Stage3 [1/5]
[09:41:28.884] rive  viewport 240x240 @1x
[09:41:28.892] rive  wrote design/animations/rive/bolt/frames/mp3_surprised_047.png
[09:41:28.959] rive  compiling 6 markup files as one document: pipstage.rml, shared.rml, stage1.rml, stage2.rml, stage3.rml, stage4.rml
[09:41:29.493] rive  built tools/rive/bolt/build/pip_bolt.riv (159599 bytes, 538ms, 0 errors, 0 warnings)
[09:41:29.495] rive  data: mood = 5
[09:41:29.496] rive  showing Stage3 [1/5]
[09:41:29.496] rive  viewport 240x240 @1x
[09:41:29.503] rive  wrote design/animations/rive/bolt/frames/mp3_proud_001.png
[09:41:29.570] rive  compiling 6 markup files as one document: pipstage.rml, shared.rml, stage1.rml, stage2.rml, stage3.rml, stage4.rml
[09:41:30.103] rive  built tools/rive/bolt/build/pip_bolt.riv (159599 bytes, 537ms, 0 errors, 0 warnings)
[09:41:30.105] rive  data: mood = 5
[09:41:30.105] rive  showing Stage3 [1/5]
[09:41:30.105] rive  viewport 240x240 @1x
[09:41:30.112] rive  wrote design/animations/rive/bolt/frames/mp3_proud_003.png
[09:41:30.182] rive  compiling 6 markup files as one document: pipstage.rml, shared.rml, stage1.rml, stage2.rml, stage3.rml, stage4.rml
[09:41:30.724] rive  built tools/rive/bolt/build/pip_bolt.riv (159599 bytes, 545ms, 0 errors, 0 warnings)
[09:41:30.726] rive  data: mood = 5
[09:41:30.726] rive  showing Stage3 [1/5]
[09:41:30.726] rive  viewport 240x240 @1x
[09:41:30.733] rive  wrote design/animations/rive/bolt/frames/mp3_proud_005.png
[09:41:30.802] rive  compiling 6 markup files as one document: pipstage.rml, shared.rml, stage1.rml, stage2.rml, stage3.rml, stage4.rml
[09:41:31.338] rive  built tools/rive/bolt/build/pip_bolt.riv (159599 bytes, 540ms, 0 errors, 0 warnings)
[09:41:31.340] rive  data: mood = 5
[09:41:31.340] rive  showing Stage3 [1/5]
[09:41:31.340] rive  viewport 240x240 @1x
[09:41:31.348] rive  wrote design/animations/rive/bolt/frames/mp3_proud_007.png
[09:41:31.416] rive  compiling 6 markup files as one document: pipstage.rml, shared.rml, stage1.rml, stage2.rml, stage3.rml, stage4.rml
[09:41:31.946] rive  built tools/rive/bolt/build/pip_bolt.riv (159599 bytes, 533ms, 0 errors, 0 warnings)
[09:41:31.948] rive  data: mood = 5
[09:41:31.948] rive  showing Stage3 [1/5]
[09:41:31.948] rive  viewport 240x240 @1x
[09:41:31.956] rive  wrote design/animations/rive/bolt/frames/mp3_proud_009.png
[09:41:32.022] rive  compiling 6 markup files as one document: pipstage.rml, shared.rml, stage1.rml, stage2.rml, stage3.rml, stage4.rml
[09:41:32.542] rive  built tools/rive/bolt/build/pip_bolt.riv (159599 bytes, 523ms, 0 errors, 0 warnings)
[09:41:32.544] rive  data: mood = 5
[09:41:32.544] rive  showing Stage3 [1/5]
[09:41:32.544] rive  viewport 240x240 @1x
[09:41:32.551] rive  wrote design/animations/rive/bolt/frames/mp3_proud_011.png
[09:41:32.617] rive  compiling 6 markup files as one document: pipstage.rml, shared.rml, stage1.rml, stage2.rml, stage3.rml, stage4.rml
[09:41:33.180] rive  built tools/rive/bolt/build/pip_bolt.riv (159599 bytes, 567ms, 0 errors, 0 warnings)
[09:41:33.182] rive  data: mood = 5
[09:41:33.182] rive  showing Stage3 [1/5]
[09:41:33.182] rive  viewport 240x240 @1x
[09:41:33.191] rive  wrote design/animations/rive/bolt/frames/mp3_proud_013.png
[09:41:33.256] rive  compiling 6 markup files as one document: pipstage.rml, shared.rml, stage1.rml, stage2.rml, stage3.rml, stage4.rml
[09:41:33.767] rive  built tools/rive/bolt/build/pip_bolt.riv (159599 bytes, 514ms, 0 errors, 0 warnings)
[09:41:33.769] rive  data: mood = 5
[09:41:33.769] rive  showing Stage3 [1/5]
[09:41:33.769] rive  viewport 240x240 @1x
[09:41:33.776] rive  wrote design/animations/rive/bolt/frames/mp3_proud_015.png
[09:41:33.846] rive  compiling 6 markup files as one document: pipstage.rml, shared.rml, stage1.rml, stage2.rml, stage3.rml, stage4.rml
[09:41:34.356] rive  built tools/rive/bolt/build/pip_bolt.riv (159599 bytes, 513ms, 0 errors, 0 warnings)
[09:41:34.358] rive  data: mood = 5
[09:41:34.358] rive  showing Stage3 [1/5]
[09:41:34.358] rive  viewport 240x240 @1x
[09:41:34.366] rive  wrote design/animations/rive/bolt/frames/mp3_proud_017.png
[09:41:34.432] rive  compiling 6 markup files as one document: pipstage.rml, shared.rml, stage1.rml, stage2.rml, stage3.rml, stage4.rml
[09:41:34.942] rive  built tools/rive/bolt/build/pip_bolt.riv (159599 bytes, 513ms, 0 errors, 0 warnings)
[09:41:34.944] rive  data: mood = 5
[09:41:34.944] rive  showing Stage3 [1/5]
[09:41:34.944] rive  viewport 240x240 @1x
[09:41:34.951] rive  wrote design/animations/rive/bolt/frames/mp3_proud_019.png
[09:41:35.017] rive  compiling 6 markup files as one document: pipstage.rml, shared.rml, stage1.rml, stage2.rml, stage3.rml, stage4.rml
[09:41:35.531] rive  built tools/rive/bolt/build/pip_bolt.riv (159599 bytes, 518ms, 0 errors, 0 warnings)
[09:41:35.533] rive  data: mood = 5
[09:41:35.533] rive  showing Stage3 [1/5]
[09:41:35.533] rive  viewport 240x240 @1x
[09:41:35.541] rive  wrote design/animations/rive/bolt/frames/mp3_proud_021.png
[09:41:35.609] rive  compiling 6 markup files as one document: pipstage.rml, shared.rml, stage1.rml, stage2.rml, stage3.rml, stage4.rml
[09:41:36.123] rive  built tools/rive/bolt/build/pip_bolt.riv (159599 bytes, 518ms, 0 errors, 0 warnings)
[09:41:36.126] rive  data: mood = 5
[09:41:36.126] rive  showing Stage3 [1/5]
[09:41:36.126] rive  viewport 240x240 @1x
[09:41:36.134] rive  wrote design/animations/rive/bolt/frames/mp3_proud_023.png
[09:41:36.199] rive  compiling 6 markup files as one document: pipstage.rml, shared.rml, stage1.rml, stage2.rml, stage3.rml, stage4.rml
[09:41:36.717] rive  built tools/rive/bolt/build/pip_bolt.riv (159599 bytes, 521ms, 0 errors, 0 warnings)
[09:41:36.718] rive  data: mood = 5
[09:41:36.719] rive  showing Stage3 [1/5]
[09:41:36.719] rive  viewport 240x240 @1x
[09:41:36.726] rive  wrote design/animations/rive/bolt/frames/mp3_proud_025.png
[09:41:36.794] rive  compiling 6 markup files as one document: pipstage.rml, shared.rml, stage1.rml, stage2.rml, stage3.rml, stage4.rml
[09:41:37.308] rive  built tools/rive/bolt/build/pip_bolt.riv (159599 bytes, 518ms, 0 errors, 0 warnings)
[09:41:37.310] rive  data: mood = 5
[09:41:37.310] rive  showing Stage3 [1/5]
[09:41:37.310] rive  viewport 240x240 @1x
[09:41:37.318] rive  wrote design/animations/rive/bolt/frames/mp3_proud_027.png
[09:41:37.389] rive  compiling 6 markup files as one document: pipstage.rml, shared.rml, stage1.rml, stage2.rml, stage3.rml, stage4.rml
[09:41:37.902] rive  built tools/rive/bolt/build/pip_bolt.riv (159599 bytes, 517ms, 0 errors, 0 warnings)
[09:41:37.904] rive  data: mood = 5
[09:41:37.904] rive  showing Stage3 [1/5]
[09:41:37.904] rive  viewport 240x240 @1x
[09:41:37.915] rive  wrote design/animations/rive/bolt/frames/mp3_proud_029.png
[09:41:37.982] rive  compiling 6 markup files as one document: pipstage.rml, shared.rml, stage1.rml, stage2.rml, stage3.rml, stage4.rml
[09:41:38.499] rive  built tools/rive/bolt/build/pip_bolt.riv (159599 bytes, 520ms, 0 errors, 0 warnings)
[09:41:38.501] rive  data: mood = 5
[09:41:38.501] rive  showing Stage3 [1/5]
[09:41:38.502] rive  viewport 240x240 @1x
[09:41:38.511] rive  wrote design/animations/rive/bolt/frames/mp3_proud_031.png
[09:41:38.580] rive  compiling 6 markup files as one document: pipstage.rml, shared.rml, stage1.rml, stage2.rml, stage3.rml, stage4.rml
[09:41:39.094] rive  built tools/rive/bolt/build/pip_bolt.riv (159599 bytes, 517ms, 0 errors, 0 warnings)
[09:41:39.096] rive  data: mood = 5
[09:41:39.096] rive  showing Stage3 [1/5]
[09:41:39.096] rive  viewport 240x240 @1x
[09:41:39.104] rive  wrote design/animations/rive/bolt/frames/mp3_proud_033.png
[09:41:39.172] rive  compiling 6 markup files as one document: pipstage.rml, shared.rml, stage1.rml, stage2.rml, stage3.rml, stage4.rml
[09:41:39.687] rive  built tools/rive/bolt/build/pip_bolt.riv (159599 bytes, 518ms, 0 errors, 0 warnings)
[09:41:39.689] rive  data: mood = 5
[09:41:39.689] rive  showing Stage3 [1/5]
[09:41:39.689] rive  viewport 240x240 @1x
[09:41:39.697] rive  wrote design/animations/rive/bolt/frames/mp3_proud_035.png
[09:41:39.763] rive  compiling 6 markup files as one document: pipstage.rml, shared.rml, stage1.rml, stage2.rml, stage3.rml, stage4.rml
[09:41:40.285] rive  built tools/rive/bolt/build/pip_bolt.riv (159599 bytes, 525ms, 0 errors, 0 warnings)
[09:41:40.287] rive  data: mood = 5
[09:41:40.287] rive  showing Stage3 [1/5]
[09:41:40.287] rive  viewport 240x240 @1x
[09:41:40.295] rive  wrote design/animations/rive/bolt/frames/mp3_proud_037.png
[09:41:40.366] rive  compiling 6 markup files as one document: pipstage.rml, shared.rml, stage1.rml, stage2.rml, stage3.rml, stage4.rml
[09:41:40.880] rive  built tools/rive/bolt/build/pip_bolt.riv (159599 bytes, 518ms, 0 errors, 0 warnings)
[09:41:40.882] rive  data: mood = 5
[09:41:40.882] rive  showing Stage3 [1/5]
[09:41:40.882] rive  viewport 240x240 @1x
[09:41:40.891] rive  wrote design/animations/rive/bolt/frames/mp3_proud_039.png
[09:41:40.960] rive  compiling 6 markup files as one document: pipstage.rml, shared.rml, stage1.rml, stage2.rml, stage3.rml, stage4.rml
[09:41:41.477] rive  built tools/rive/bolt/build/pip_bolt.riv (159599 bytes, 521ms, 0 errors, 0 warnings)
[09:41:41.479] rive  data: mood = 5
[09:41:41.479] rive  showing Stage3 [1/5]
[09:41:41.479] rive  viewport 240x240 @1x
[09:41:41.487] rive  wrote design/animations/rive/bolt/frames/mp3_proud_041.png
[09:41:41.556] rive  compiling 6 markup files as one document: pipstage.rml, shared.rml, stage1.rml, stage2.rml, stage3.rml, stage4.rml
[09:41:42.070] rive  built tools/rive/bolt/build/pip_bolt.riv (159599 bytes, 517ms, 0 errors, 0 warnings)
[09:41:42.073] rive  data: mood = 5
[09:41:42.073] rive  showing Stage3 [1/5]
[09:41:42.073] rive  viewport 240x240 @1x
[09:41:42.081] rive  wrote design/animations/rive/bolt/frames/mp3_proud_043.png
[09:41:42.150] rive  compiling 6 markup files as one document: pipstage.rml, shared.rml, stage1.rml, stage2.rml, stage3.rml, stage4.rml
[09:41:42.748] rive  built tools/rive/bolt/build/pip_bolt.riv (159599 bytes, 602ms, 0 errors, 0 warnings)
[09:41:42.752] rive  data: mood = 5
[09:41:42.752] rive  showing Stage3 [1/5]
[09:41:42.752] rive  viewport 240x240 @1x
[09:41:42.764] rive  wrote design/animations/rive/bolt/frames/mp3_proud_045.png
[09:41:42.838] rive  compiling 6 markup files as one document: pipstage.rml, shared.rml, stage1.rml, stage2.rml, stage3.rml, stage4.rml
[09:41:43.356] rive  built tools/rive/bolt/build/pip_bolt.riv (159599 bytes, 522ms, 0 errors, 0 warnings)
[09:41:43.358] rive  data: mood = 5
[09:41:43.358] rive  showing Stage3 [1/5]
[09:41:43.358] rive  viewport 240x240 @1x
[09:41:43.366] rive  wrote design/animations/rive/bolt/frames/mp3_proud_047.png
[09:41:43.435] rive  compiling 6 markup files as one document: pipstage.rml, shared.rml, stage1.rml, stage2.rml, stage3.rml, stage4.rml
[09:41:43.958] rive  built tools/rive/bolt/build/pip_bolt.riv (159599 bytes, 527ms, 0 errors, 0 warnings)
[09:41:43.960] rive  data: mood = 5
[09:41:43.960] rive  showing Stage3 [1/5]
[09:41:43.960] rive  viewport 240x240 @1x
[09:41:43.968] rive  wrote design/animations/rive/bolt/frames/mp3_proud_049.png
[09:41:44.034] rive  compiling 6 markup files as one document: pipstage.rml, shared.rml, stage1.rml, stage2.rml, stage3.rml, stage4.rml
[09:41:44.563] rive  built tools/rive/bolt/build/pip_bolt.riv (159599 bytes, 533ms, 0 errors, 0 warnings)
[09:41:44.565] rive  data: mood = 5
[09:41:44.565] rive  showing Stage3 [1/5]
[09:41:44.566] rive  viewport 240x240 @1x
[09:41:44.573] rive  wrote design/animations/rive/bolt/frames/mp3_proud_051.png
[09:41:44.638] rive  compiling 6 markup files as one document: pipstage.rml, shared.rml, stage1.rml, stage2.rml, stage3.rml, stage4.rml
[09:41:45.159] rive  built tools/rive/bolt/build/pip_bolt.riv (159599 bytes, 525ms, 0 errors, 0 warnings)
[09:41:45.162] rive  data: mood = 5
[09:41:45.162] rive  showing Stage3 [1/5]
[09:41:45.162] rive  viewport 240x240 @1x
[09:41:45.169] rive  wrote design/animations/rive/bolt/frames/mp3_proud_053.png
[09:41:45.239] rive  compiling 6 markup files as one document: pipstage.rml, shared.rml, stage1.rml, stage2.rml, stage3.rml, stage4.rml
[09:41:45.740] rive  built tools/rive/bolt/build/pip_bolt.riv (159599 bytes, 505ms, 0 errors, 0 warnings)
[09:41:45.742] rive  data: mood = 5
[09:41:45.742] rive  showing Stage3 [1/5]
[09:41:45.742] rive  viewport 240x240 @1x
[09:41:45.750] rive  wrote design/animations/rive/bolt/frames/mp3_proud_055.png
[09:41:45.816] rive  compiling 6 markup files as one document: pipstage.rml, shared.rml, stage1.rml, stage2.rml, stage3.rml, stage4.rml
[09:41:46.322] rive  built tools/rive/bolt/build/pip_bolt.riv (159599 bytes, 510ms, 0 errors, 0 warnings)
[09:41:46.324] rive  data: mood = 5
[09:41:46.324] rive  showing Stage3 [1/5]
[09:41:46.324] rive  viewport 240x240 @1x
[09:41:46.332] rive  wrote design/animations/rive/bolt/frames/mp3_proud_057.png
[09:41:46.397] rive  compiling 6 markup files as one document: pipstage.rml, shared.rml, stage1.rml, stage2.rml, stage3.rml, stage4.rml
[09:41:46.904] rive  built tools/rive/bolt/build/pip_bolt.riv (159599 bytes, 510ms, 0 errors, 0 warnings)
[09:41:46.907] rive  data: mood = 5
[09:41:46.907] rive  showing Stage3 [1/5]
[09:41:46.907] rive  viewport 240x240 @1x
[09:41:46.915] rive  wrote design/animations/rive/bolt/frames/mp3_proud_059.png
[09:41:46.981] rive  compiling 6 markup files as one document: pipstage.rml, shared.rml, stage1.rml, stage2.rml, stage3.rml, stage4.rml
[09:41:47.494] rive  built tools/rive/bolt/build/pip_bolt.riv (159599 bytes, 517ms, 0 errors, 0 warnings)
[09:41:47.496] rive  data: mood = 5
[09:41:47.497] rive  showing Stage3 [1/5]
[09:41:47.497] rive  viewport 240x240 @1x
[09:41:47.505] rive  wrote design/animations/rive/bolt/frames/mp3_proud_061.png
[09:41:47.572] rive  compiling 6 markup files as one document: pipstage.rml, shared.rml, stage1.rml, stage2.rml, stage3.rml, stage4.rml
[09:41:48.071] rive  built tools/rive/bolt/build/pip_bolt.riv (159599 bytes, 503ms, 0 errors, 0 warnings)
[09:41:48.073] rive  data: mood = 5
[09:41:48.073] rive  showing Stage3 [1/5]
[09:41:48.073] rive  viewport 240x240 @1x
[09:41:48.081] rive  wrote design/animations/rive/bolt/frames/mp3_proud_063.png
[09:41:48.149] rive  compiling 6 markup files as one document: pipstage.rml, shared.rml, stage1.rml, stage2.rml, stage3.rml, stage4.rml
[09:41:48.656] rive  built tools/rive/bolt/build/pip_bolt.riv (159599 bytes, 511ms, 0 errors, 0 warnings)
[09:41:48.658] rive  data: mood = 5
[09:41:48.658] rive  showing Stage3 [1/5]
[09:41:48.659] rive  viewport 240x240 @1x
[09:41:48.675] rive  wrote design/animations/rive/bolt/frames/mp3_proud_065.png
[09:41:48.746] rive  compiling 6 markup files as one document: pipstage.rml, shared.rml, stage1.rml, stage2.rml, stage3.rml, stage4.rml
[09:41:49.260] rive  built tools/rive/bolt/build/pip_bolt.riv (159599 bytes, 518ms, 0 errors, 0 warnings)
[09:41:49.262] rive  data: mood = 5
[09:41:49.262] rive  showing Stage3 [1/5]
[09:41:49.263] rive  viewport 240x240 @1x
[09:41:49.282] rive  wrote design/animations/rive/bolt/frames/mp3_proud_067.png
[09:41:49.358] rive  compiling 6 markup files as one document: pipstage.rml, shared.rml, stage1.rml, stage2.rml, stage3.rml, stage4.rml
[09:41:49.865] rive  built tools/rive/bolt/build/pip_bolt.riv (159599 bytes, 511ms, 0 errors, 0 warnings)
[09:41:49.867] rive  data: mood = 5
[09:41:49.867] rive  showing Stage3 [1/5]
[09:41:49.867] rive  viewport 240x240 @1x
[09:41:49.885] rive  wrote design/animations/rive/bolt/frames/mp3_proud_069.png
[09:41:49.961] rive  compiling 6 markup files as one document: pipstage.rml, shared.rml, stage1.rml, stage2.rml, stage3.rml, stage4.rml
[09:41:50.476] rive  built tools/rive/bolt/build/pip_bolt.riv (159599 bytes, 519ms, 0 errors, 0 warnings)
[09:41:50.478] rive  data: mood = 5
[09:41:50.478] rive  showing Stage3 [1/5]
[09:41:50.479] rive  viewport 240x240 @1x
[09:41:50.486] rive  wrote design/animations/rive/bolt/frames/mp3_proud_071.png
[09:41:50.555] rive  compiling 6 markup files as one document: pipstage.rml, shared.rml, stage1.rml, stage2.rml, stage3.rml, stage4.rml
[09:41:51.057] rive  built tools/rive/bolt/build/pip_bolt.riv (159599 bytes, 505ms, 0 errors, 0 warnings)
[09:41:51.059] rive  data: evolve = 1
[09:41:51.059] rive  showing Stage3 [1/5]
[09:41:51.059] rive  viewport 240x240 @1x
[09:41:51.067] rive  wrote design/animations/rive/bolt/frames/mp3_evolve_001.png
[09:41:51.133] rive  compiling 6 markup files as one document: pipstage.rml, shared.rml, stage1.rml, stage2.rml, stage3.rml, stage4.rml
[09:41:51.638] rive  built tools/rive/bolt/build/pip_bolt.riv (159599 bytes, 508ms, 0 errors, 0 warnings)
[09:41:51.640] rive  data: evolve = 1
[09:41:51.640] rive  showing Stage3 [1/5]
[09:41:51.640] rive  viewport 240x240 @1x
[09:41:51.648] rive  wrote design/animations/rive/bolt/frames/mp3_evolve_003.png
[09:41:51.725] rive  compiling 6 markup files as one document: pipstage.rml, shared.rml, stage1.rml, stage2.rml, stage3.rml, stage4.rml
[09:41:52.248] rive  built tools/rive/bolt/build/pip_bolt.riv (159599 bytes, 527ms, 0 errors, 0 warnings)
[09:41:52.250] rive  data: evolve = 1
[09:41:52.250] rive  showing Stage3 [1/5]
[09:41:52.250] rive  viewport 240x240 @1x
[09:41:52.258] rive  wrote design/animations/rive/bolt/frames/mp3_evolve_005.png
[09:41:52.328] rive  compiling 6 markup files as one document: pipstage.rml, shared.rml, stage1.rml, stage2.rml, stage3.rml, stage4.rml
[09:41:52.855] rive  built tools/rive/bolt/build/pip_bolt.riv (159599 bytes, 532ms, 0 errors, 0 warnings)
[09:41:52.857] rive  data: evolve = 1
[09:41:52.857] rive  showing Stage3 [1/5]
[09:41:52.857] rive  viewport 240x240 @1x
[09:41:52.901] rive  wrote design/animations/rive/bolt/frames/mp3_evolve_007.png
[09:41:52.983] rive  compiling 6 markup files as one document: pipstage.rml, shared.rml, stage1.rml, stage2.rml, stage3.rml, stage4.rml
[09:41:53.546] rive  built tools/rive/bolt/build/pip_bolt.riv (159599 bytes, 569ms, 0 errors, 0 warnings)
[09:41:53.549] rive  data: evolve = 1
[09:41:53.549] rive  showing Stage3 [1/5]
[09:41:53.549] rive  viewport 240x240 @1x
[09:41:53.594] rive  wrote design/animations/rive/bolt/frames/mp3_evolve_009.png
[09:41:53.695] rive  compiling 6 markup files as one document: pipstage.rml, shared.rml, stage1.rml, stage2.rml, stage3.rml, stage4.rml
[09:41:54.235] rive  built tools/rive/bolt/build/pip_bolt.riv (159599 bytes, 546ms, 0 errors, 0 warnings)
[09:41:54.237] rive  data: evolve = 1
[09:41:54.238] rive  showing Stage3 [1/5]
[09:41:54.238] rive  viewport 240x240 @1x
[09:41:54.283] rive  wrote design/animations/rive/bolt/frames/mp3_evolve_011.png
[09:41:54.381] rive  compiling 6 markup files as one document: pipstage.rml, shared.rml, stage1.rml, stage2.rml, stage3.rml, stage4.rml
[09:41:54.951] rive  built tools/rive/bolt/build/pip_bolt.riv (159599 bytes, 578ms, 0 errors, 0 warnings)
[09:41:54.953] rive  data: evolve = 1
[09:41:54.953] rive  showing Stage3 [1/5]
[09:41:54.953] rive  viewport 240x240 @1x
[09:41:54.996] rive  wrote design/animations/rive/bolt/frames/mp3_evolve_013.png
[09:41:55.093] rive  compiling 6 markup files as one document: pipstage.rml, shared.rml, stage1.rml, stage2.rml, stage3.rml, stage4.rml
[09:41:55.641] rive  built tools/rive/bolt/build/pip_bolt.riv (159599 bytes, 551ms, 0 errors, 0 warnings)
[09:41:55.643] rive  data: evolve = 1
[09:41:55.643] rive  showing Stage3 [1/5]
[09:41:55.643] rive  viewport 240x240 @1x
[09:41:55.652] rive  wrote design/animations/rive/bolt/frames/mp3_evolve_015.png
[09:41:55.728] rive  compiling 6 markup files as one document: pipstage.rml, shared.rml, stage1.rml, stage2.rml, stage3.rml, stage4.rml
[09:41:56.318] rive  built tools/rive/bolt/build/pip_bolt.riv (159599 bytes, 594ms, 0 errors, 0 warnings)
[09:41:56.320] rive  data: evolve = 1
[09:41:56.320] rive  showing Stage3 [1/5]
[09:41:56.320] rive  viewport 240x240 @1x
[09:41:56.331] rive  wrote design/animations/rive/bolt/frames/mp3_evolve_017.png
[09:41:56.413] rive  compiling 6 markup files as one document: pipstage.rml, shared.rml, stage1.rml, stage2.rml, stage3.rml, stage4.rml
[09:41:56.963] rive  built tools/rive/bolt/build/pip_bolt.riv (159599 bytes, 555ms, 0 errors, 0 warnings)
[09:41:56.966] rive  data: evolve = 1
[09:41:56.966] rive  showing Stage3 [1/5]
[09:41:56.966] rive  viewport 240x240 @1x
[09:41:56.977] rive  wrote design/animations/rive/bolt/frames/mp3_evolve_019.png
[09:41:57.052] rive  compiling 6 markup files as one document: pipstage.rml, shared.rml, stage1.rml, stage2.rml, stage3.rml, stage4.rml
[09:41:57.578] rive  built tools/rive/bolt/build/pip_bolt.riv (159599 bytes, 530ms, 0 errors, 0 warnings)
[09:41:57.580] rive  data: evolve = 1
[09:41:57.580] rive  showing Stage3 [1/5]
[09:41:57.580] rive  viewport 240x240 @1x
[09:41:57.588] rive  wrote design/animations/rive/bolt/frames/mp3_evolve_021.png
[09:41:57.664] rive  compiling 6 markup files as one document: pipstage.rml, shared.rml, stage1.rml, stage2.rml, stage3.rml, stage4.rml
[09:41:58.176] rive  built tools/rive/bolt/build/pip_bolt.riv (159599 bytes, 516ms, 0 errors, 0 warnings)
[09:41:58.178] rive  data: evolve = 1
[09:41:58.178] rive  showing Stage3 [1/5]
[09:41:58.178] rive  viewport 240x240 @1x
[09:41:58.186] rive  wrote design/animations/rive/bolt/frames/mp3_evolve_023.png
[09:41:58.252] rive  compiling 6 markup files as one document: pipstage.rml, shared.rml, stage1.rml, stage2.rml, stage3.rml, stage4.rml
[09:41:58.755] rive  built tools/rive/bolt/build/pip_bolt.riv (159599 bytes, 507ms, 0 errors, 0 warnings)
[09:41:58.757] rive  data: evolve = 1
[09:41:58.757] rive  showing Stage3 [1/5]
[09:41:58.758] rive  viewport 240x240 @1x
[09:41:58.766] rive  wrote design/animations/rive/bolt/frames/mp3_evolve_025.png
[09:41:58.836] rive  compiling 6 markup files as one document: pipstage.rml, shared.rml, stage1.rml, stage2.rml, stage3.rml, stage4.rml
[09:41:59.355] rive  built tools/rive/bolt/build/pip_bolt.riv (159599 bytes, 523ms, 0 errors, 0 warnings)
[09:41:59.358] rive  data: evolve = 1
[09:41:59.358] rive  showing Stage3 [1/5]
[09:41:59.358] rive  viewport 240x240 @1x
[09:41:59.365] rive  wrote design/animations/rive/bolt/frames/mp3_evolve_027.png
[09:41:59.433] rive  compiling 6 markup files as one document: pipstage.rml, shared.rml, stage1.rml, stage2.rml, stage3.rml, stage4.rml
[09:41:59.970] rive  built tools/rive/bolt/build/pip_bolt.riv (159599 bytes, 540ms, 0 errors, 0 warnings)
[09:41:59.972] rive  data: evolve = 1
[09:41:59.972] rive  showing Stage3 [1/5]
[09:41:59.972] rive  viewport 240x240 @1x
[09:41:59.980] rive  wrote design/animations/rive/bolt/frames/mp3_evolve_029.png
[09:42:00.055] rive  compiling 6 markup files as one document: pipstage.rml, shared.rml, stage1.rml, stage2.rml, stage3.rml, stage4.rml
[09:42:00.577] rive  built tools/rive/bolt/build/pip_bolt.riv (159599 bytes, 527ms, 0 errors, 0 warnings)
[09:42:00.579] rive  data: evolve = 1
[09:42:00.580] rive  showing Stage3 [1/5]
[09:42:00.580] rive  viewport 240x240 @1x
[09:42:00.587] rive  wrote design/animations/rive/bolt/frames/mp3_evolve_031.png
[09:42:00.654] rive  compiling 6 markup files as one document: pipstage.rml, shared.rml, stage1.rml, stage2.rml, stage3.rml, stage4.rml
[09:42:01.200] rive  built tools/rive/bolt/build/pip_bolt.riv (159599 bytes, 550ms, 0 errors, 0 warnings)
[09:42:01.202] rive  data: evolve = 1
[09:42:01.202] rive  showing Stage3 [1/5]
[09:42:01.203] rive  viewport 240x240 @1x
[09:42:01.211] rive  wrote design/animations/rive/bolt/frames/mp3_evolve_033.png
[09:42:01.278] rive  compiling 6 markup files as one document: pipstage.rml, shared.rml, stage1.rml, stage2.rml, stage3.rml, stage4.rml
[09:42:01.818] rive  built tools/rive/bolt/build/pip_bolt.riv (159599 bytes, 543ms, 0 errors, 0 warnings)
[09:42:01.820] rive  data: evolve = 1
[09:42:01.820] rive  showing Stage3 [1/5]
[09:42:01.820] rive  viewport 240x240 @1x
[09:42:01.828] rive  wrote design/animations/rive/bolt/frames/mp3_evolve_035.png
[09:42:01.896] rive  compiling 6 markup files as one document: pipstage.rml, shared.rml, stage1.rml, stage2.rml, stage3.rml, stage4.rml
[09:42:02.429] rive  built tools/rive/bolt/build/pip_bolt.riv (159599 bytes, 537ms, 0 errors, 0 warnings)
[09:42:02.431] rive  data: evolve = 1
[09:42:02.431] rive  showing Stage3 [1/5]
[09:42:02.432] rive  viewport 240x240 @1x
[09:42:02.440] rive  wrote design/animations/rive/bolt/frames/mp3_evolve_037.png
[09:42:02.505] rive  compiling 6 markup files as one document: pipstage.rml, shared.rml, stage1.rml, stage2.rml, stage3.rml, stage4.rml
[09:42:03.035] rive  built tools/rive/bolt/build/pip_bolt.riv (159599 bytes, 533ms, 0 errors, 0 warnings)
[09:42:03.037] rive  data: evolve = 1
[09:42:03.037] rive  showing Stage3 [1/5]
[09:42:03.038] rive  viewport 240x240 @1x
[09:42:03.045] rive  wrote design/animations/rive/bolt/frames/mp3_evolve_039.png
[09:42:03.115] rive  compiling 6 markup files as one document: pipstage.rml, shared.rml, stage1.rml, stage2.rml, stage3.rml, stage4.rml
[09:42:03.652] rive  built tools/rive/bolt/build/pip_bolt.riv (159599 bytes, 541ms, 0 errors, 0 warnings)
[09:42:03.654] rive  data: evolve = 1
[09:42:03.654] rive  showing Stage3 [1/5]
[09:42:03.655] rive  viewport 240x240 @1x
[09:42:03.662] rive  wrote design/animations/rive/bolt/frames/mp3_evolve_041.png
[09:42:03.728] rive  compiling 6 markup files as one document: pipstage.rml, shared.rml, stage1.rml, stage2.rml, stage3.rml, stage4.rml
[09:42:04.266] rive  built tools/rive/bolt/build/pip_bolt.riv (159599 bytes, 541ms, 0 errors, 0 warnings)
[09:42:04.268] rive  data: evolve = 1
[09:42:04.268] rive  showing Stage3 [1/5]
[09:42:04.268] rive  viewport 240x240 @1x
[09:42:04.276] rive  wrote design/animations/rive/bolt/frames/mp3_evolve_043.png
[09:42:04.344] rive  compiling 6 markup files as one document: pipstage.rml, shared.rml, stage1.rml, stage2.rml, stage3.rml, stage4.rml
[09:42:04.891] rive  built tools/rive/bolt/build/pip_bolt.riv (159599 bytes, 552ms, 0 errors, 0 warnings)
[09:42:04.894] rive  data: evolve = 1
[09:42:04.894] rive  showing Stage3 [1/5]
[09:42:04.894] rive  viewport 240x240 @1x
[09:42:04.903] rive  wrote design/animations/rive/bolt/frames/mp3_evolve_045.png
[09:42:04.970] rive  compiling 6 markup files as one document: pipstage.rml, shared.rml, stage1.rml, stage2.rml, stage3.rml, stage4.rml
[09:42:05.512] rive  built tools/rive/bolt/build/pip_bolt.riv (159599 bytes, 546ms, 0 errors, 0 warnings)
[09:42:05.514] rive  data: evolve = 1
[09:42:05.514] rive  showing Stage3 [1/5]
[09:42:05.514] rive  viewport 240x240 @1x
[09:42:05.522] rive  wrote design/animations/rive/bolt/frames/mp3_evolve_047.png
[09:42:05.588] rive  compiling 6 markup files as one document: pipstage.rml, shared.rml, stage1.rml, stage2.rml, stage3.rml, stage4.rml
[09:42:06.127] rive  built tools/rive/bolt/build/pip_bolt.riv (159599 bytes, 543ms, 0 errors, 0 warnings)
[09:42:06.129] rive  data: evolve = 1
[09:42:06.129] rive  showing Stage3 [1/5]
[09:42:06.130] rive  viewport 240x240 @1x
[09:42:06.138] rive  wrote design/animations/rive/bolt/frames/mp3_evolve_049.png
[09:42:06.205] rive  compiling 6 markup files as one document: pipstage.rml, shared.rml, stage1.rml, stage2.rml, stage3.rml, stage4.rml
[09:42:06.747] rive  built tools/rive/bolt/build/pip_bolt.riv (159599 bytes, 545ms, 0 errors, 0 warnings)
[09:42:06.749] rive  data: evolve = 1
[09:42:06.749] rive  showing Stage3 [1/5]
[09:42:06.749] rive  viewport 240x240 @1x
[09:42:06.757] rive  wrote design/animations/rive/bolt/frames/mp3_evolve_051.png
[09:42:06.829] rive  compiling 6 markup files as one document: pipstage.rml, shared.rml, stage1.rml, stage2.rml, stage3.rml, stage4.rml
[09:42:07.362] rive  built tools/rive/bolt/build/pip_bolt.riv (159599 bytes, 537ms, 0 errors, 0 warnings)
[09:42:07.364] rive  data: evolve = 1
[09:42:07.364] rive  showing Stage3 [1/5]
[09:42:07.364] rive  viewport 240x240 @1x
[09:42:07.372] rive  wrote design/animations/rive/bolt/frames/mp3_evolve_053.png
[09:42:07.438] rive  compiling 6 markup files as one document: pipstage.rml, shared.rml, stage1.rml, stage2.rml, stage3.rml, stage4.rml
[09:42:07.966] rive  built tools/rive/bolt/build/pip_bolt.riv (159599 bytes, 532ms, 0 errors, 0 warnings)
[09:42:07.968] rive  data: evolve = 1
[09:42:07.968] rive  showing Stage3 [1/5]
[09:42:07.969] rive  viewport 240x240 @1x
[09:42:07.976] rive  wrote design/animations/rive/bolt/frames/mp3_evolve_055.png
[09:42:08.044] rive  compiling 6 markup files as one document: pipstage.rml, shared.rml, stage1.rml, stage2.rml, stage3.rml, stage4.rml
[09:42:08.561] rive  built tools/rive/bolt/build/pip_bolt.riv (159599 bytes, 521ms, 0 errors, 0 warnings)
[09:42:08.563] rive  data: evolve = 1
[09:42:08.563] rive  showing Stage3 [1/5]
[09:42:08.564] rive  viewport 240x240 @1x
[09:42:08.571] rive  wrote design/animations/rive/bolt/frames/mp3_evolve_057.png
[09:42:08.636] rive  compiling 6 markup files as one document: pipstage.rml, shared.rml, stage1.rml, stage2.rml, stage3.rml, stage4.rml
[09:42:09.156] rive  built tools/rive/bolt/build/pip_bolt.riv (159599 bytes, 525ms, 0 errors, 0 warnings)
[09:42:09.159] rive  data: evolve = 1
[09:42:09.159] rive  showing Stage3 [1/5]
[09:42:09.159] rive  viewport 240x240 @1x
[09:42:09.167] rive  wrote design/animations/rive/bolt/frames/mp3_evolve_059.png
[09:42:09.235] rive  compiling 6 markup files as one document: pipstage.rml, shared.rml, stage1.rml, stage2.rml, stage3.rml, stage4.rml
[09:42:09.742] rive  built tools/rive/bolt/build/pip_bolt.riv (159599 bytes, 511ms, 0 errors, 0 warnings)
[09:42:09.744] rive  data: evolve = 1
[09:42:09.744] rive  showing Stage3 [1/5]
[09:42:09.745] rive  viewport 240x240 @1x
[09:42:09.753] rive  wrote design/animations/rive/bolt/frames/mp3_evolve_061.png
[09:42:09.820] rive  compiling 6 markup files as one document: pipstage.rml, shared.rml, stage1.rml, stage2.rml, stage3.rml, stage4.rml
[09:42:10.325] rive  built tools/rive/bolt/build/pip_bolt.riv (159599 bytes, 509ms, 0 errors, 0 warnings)
[09:42:10.328] rive  data: evolve = 1
[09:42:10.328] rive  showing Stage3 [1/5]
[09:42:10.328] rive  viewport 240x240 @1x
[09:42:10.336] rive  wrote design/animations/rive/bolt/frames/mp3_evolve_063.png
[09:42:10.403] rive  compiling 6 markup files as one document: pipstage.rml, shared.rml, stage1.rml, stage2.rml, stage3.rml, stage4.rml
[09:42:10.927] rive  built tools/rive/bolt/build/pip_bolt.riv (159599 bytes, 529ms, 0 errors, 0 warnings)
[09:42:10.929] rive  data: evolve = 1
[09:42:10.930] rive  showing Stage3 [1/5]
[09:42:10.930] rive  viewport 240x240 @1x
[09:42:10.938] rive  wrote design/animations/rive/bolt/frames/mp3_evolve_065.png
[09:42:11.006] rive  compiling 6 markup files as one document: pipstage.rml, shared.rml, stage1.rml, stage2.rml, stage3.rml, stage4.rml
[09:42:11.521] rive  built tools/rive/bolt/build/pip_bolt.riv (159599 bytes, 519ms, 0 errors, 0 warnings)
[09:42:11.522] rive  data: evolve = 1
[09:42:11.523] rive  showing Stage3 [1/5]
[09:42:11.523] rive  viewport 240x240 @1x
[09:42:11.531] rive  wrote design/animations/rive/bolt/frames/mp3_evolve_067.png
[09:42:11.597] rive  compiling 6 markup files as one document: pipstage.rml, shared.rml, stage1.rml, stage2.rml, stage3.rml, stage4.rml
[09:42:12.119] rive  built tools/rive/bolt/build/pip_bolt.riv (159599 bytes, 525ms, 0 errors, 0 warnings)
[09:42:12.121] rive  data: evolve = 1
[09:42:12.121] rive  showing Stage3 [1/5]
[09:42:12.121] rive  viewport 240x240 @1x
[09:42:12.129] rive  wrote design/animations/rive/bolt/frames/mp3_evolve_069.png
[09:42:12.197] rive  compiling 6 markup files as one document: pipstage.rml, shared.rml, stage1.rml, stage2.rml, stage3.rml, stage4.rml
[09:42:12.726] rive  built tools/rive/bolt/build/pip_bolt.riv (159599 bytes, 533ms, 0 errors, 0 warnings)
[09:42:12.728] rive  data: evolve = 1
[09:42:12.728] rive  showing Stage3 [1/5]
[09:42:12.728] rive  viewport 240x240 @1x
[09:42:12.737] rive  wrote design/animations/rive/bolt/frames/mp3_evolve_071.png
[09:42:12.811] rive  compiling 6 markup files as one document: pipstage.rml, shared.rml, stage1.rml, stage2.rml, stage3.rml, stage4.rml
[09:42:13.342] rive  built tools/rive/bolt/build/pip_bolt.riv (159599 bytes, 537ms, 0 errors, 0 warnings)
[09:42:13.344] rive  data: evolve = 1
[09:42:13.344] rive  showing Stage3 [1/5]
[09:42:13.345] rive  viewport 240x240 @1x
[09:42:13.352] rive  wrote design/animations/rive/bolt/frames/mp3_evolve_073.png
[09:42:13.418] rive  compiling 6 markup files as one document: pipstage.rml, shared.rml, stage1.rml, stage2.rml, stage3.rml, stage4.rml
[09:42:13.944] rive  built tools/rive/bolt/build/pip_bolt.riv (159599 bytes, 531ms, 0 errors, 0 warnings)
[09:42:13.946] rive  data: evolve = 1
[09:42:13.946] rive  showing Stage3 [1/5]
[09:42:13.947] rive  viewport 240x240 @1x
[09:42:13.954] rive  wrote design/animations/rive/bolt/frames/mp3_evolve_075.png
[09:42:14.020] rive  compiling 6 markup files as one document: pipstage.rml, shared.rml, stage1.rml, stage2.rml, stage3.rml, stage4.rml
[09:42:14.532] rive  built tools/rive/bolt/build/pip_bolt.riv (159599 bytes, 515ms, 0 errors, 0 warnings)
[09:42:14.534] rive  data: evolve = 1
[09:42:14.534] rive  showing Stage3 [1/5]
[09:42:14.535] rive  viewport 240x240 @1x
[09:42:14.542] rive  wrote design/animations/rive/bolt/frames/mp3_evolve_077.png
[09:42:14.608] rive  compiling 6 markup files as one document: pipstage.rml, shared.rml, stage1.rml, stage2.rml, stage3.rml, stage4.rml
[09:42:15.121] rive  built tools/rive/bolt/build/pip_bolt.riv (159599 bytes, 516ms, 0 errors, 0 warnings)
[09:42:15.123] rive  data: evolve = 1
[09:42:15.123] rive  showing Stage3 [1/5]
[09:42:15.123] rive  viewport 240x240 @1x
[09:42:15.131] rive  wrote design/animations/rive/bolt/frames/mp3_evolve_079.png
[09:42:15.196] rive  compiling 6 markup files as one document: pipstage.rml, shared.rml, stage1.rml, stage2.rml, stage3.rml, stage4.rml
[09:42:15.703] rive  built tools/rive/bolt/build/pip_bolt.riv (159599 bytes, 511ms, 0 errors, 0 warnings)
[09:42:15.705] rive  data: evolve = 1
[09:42:15.705] rive  showing Stage3 [1/5]
[09:42:15.706] rive  viewport 240x240 @1x
[09:42:15.713] rive  wrote design/animations/rive/bolt/frames/mp3_evolve_081.png
[09:42:15.779] rive  compiling 6 markup files as one document: pipstage.rml, shared.rml, stage1.rml, stage2.rml, stage3.rml, stage4.rml
[09:42:16.288] rive  built tools/rive/bolt/build/pip_bolt.riv (159599 bytes, 512ms, 0 errors, 0 warnings)
[09:42:16.290] rive  data: evolve = 1
[09:42:16.290] rive  showing Stage3 [1/5]
[09:42:16.290] rive  viewport 240x240 @1x
[09:42:16.297] rive  wrote design/animations/rive/bolt/frames/mp3_evolve_083.png
[09:42:16.363] rive  compiling 6 markup files as one document: pipstage.rml, shared.rml, stage1.rml, stage2.rml, stage3.rml, stage4.rml
[09:42:16.878] rive  built tools/rive/bolt/build/pip_bolt.riv (159599 bytes, 518ms, 0 errors, 0 warnings)
[09:42:16.880] rive  data: evolve = 1
[09:42:16.880] rive  showing Stage3 [1/5]
[09:42:16.880] rive  viewport 240x240 @1x
[09:42:16.887] rive  wrote design/animations/rive/bolt/frames/mp3_evolve_085.png
[09:42:16.954] rive  compiling 6 markup files as one document: pipstage.rml, shared.rml, stage1.rml, stage2.rml, stage3.rml, stage4.rml
[09:42:17.475] rive  built tools/rive/bolt/build/pip_bolt.riv (159599 bytes, 526ms, 0 errors, 0 warnings)
[09:42:17.477] rive  data: evolve = 1
[09:42:17.478] rive  showing Stage3 [1/5]
[09:42:17.478] rive  viewport 240x240 @1x
[09:42:17.485] rive  wrote design/animations/rive/bolt/frames/mp3_evolve_087.png
[09:42:17.552] rive  compiling 6 markup files as one document: pipstage.rml, shared.rml, stage1.rml, stage2.rml, stage3.rml, stage4.rml
[09:42:18.063] rive  built tools/rive/bolt/build/pip_bolt.riv (159599 bytes, 515ms, 0 errors, 0 warnings)
[09:42:18.065] rive  data: evolve = 1
[09:42:18.065] rive  showing Stage3 [1/5]
[09:42:18.066] rive  viewport 240x240 @1x
[09:42:18.075] rive  wrote design/animations/rive/bolt/frames/mp3_evolve_089.png
[09:44:09.289] rive  compiling 6 markup files as one document: pipstage.rml, shared.rml, stage1.rml, stage2.rml, stage3.rml, stage4.rml
[09:44:09.819] rive  verified (0 bytes, 534ms, 0 errors, 0 warnings)
[09:44:09.854] rive  compiling 6 markup files as one document: pipstage.rml, shared.rml, stage1.rml, stage2.rml, stage3.rml, stage4.rml
[09:44:10.387] rive  built tools/rive/bolt/build/pip_bolt.riv (159599 bytes, 537ms, 0 errors, 0 warnings)
[09:44:31.647] rive  compiling 6 markup files as one document: pipstage.rml, shared.rml, stage1.rml, stage2.rml, stage3.rml, stage4.rml
[09:44:32.188] rive  built /Users/ibrar/Desktop/infinora.noworkspace/nestling-pip-v2/tools/rive/bolt/build/pip_bolt.riv (159599 bytes, 545ms, 0 errors, 0 warnings)
[09:44:32.191] rive  data: mood = 0
[09:44:32.191] rive  showing Stage1 [3/5]
[09:44:32.191] rive  viewport 240x240 @1x
[09:44:32.198] rive  wrote /Users/ibrar/Desktop/infinora.noworkspace/nestling-pip-v2/design/animations/rive/bolt/frames/s1_idle_0.png
[09:44:32.269] rive  compiling 6 markup files as one document: pipstage.rml, shared.rml, stage1.rml, stage2.rml, stage3.rml, stage4.rml
[09:44:32.797] rive  built /Users/ibrar/Desktop/infinora.noworkspace/nestling-pip-v2/tools/rive/bolt/build/pip_bolt.riv (159599 bytes, 532ms, 0 errors, 0 warnings)
[09:44:32.799] rive  data: mood = 0
[09:44:32.799] rive  showing Stage1 [3/5]
[09:44:32.799] rive  viewport 240x240 @1x
[09:44:32.807] rive  wrote /Users/ibrar/Desktop/infinora.noworkspace/nestling-pip-v2/design/animations/rive/bolt/frames/s1_idle_1.png
[09:44:32.874] rive  compiling 6 markup files as one document: pipstage.rml, shared.rml, stage1.rml, stage2.rml, stage3.rml, stage4.rml
[09:44:33.411] rive  built /Users/ibrar/Desktop/infinora.noworkspace/nestling-pip-v2/tools/rive/bolt/build/pip_bolt.riv (159599 bytes, 540ms, 0 errors, 0 warnings)
[09:44:33.413] rive  data: mood = 0
[09:44:33.413] rive  showing Stage1 [3/5]
[09:44:33.414] rive  viewport 240x240 @1x
[09:44:33.421] rive  wrote /Users/ibrar/Desktop/infinora.noworkspace/nestling-pip-v2/design/animations/rive/bolt/frames/s1_idle_2.png
[09:44:33.495] rive  compiling 6 markup files as one document: pipstage.rml, shared.rml, stage1.rml, stage2.rml, stage3.rml, stage4.rml
[09:44:34.020] rive  built /Users/ibrar/Desktop/infinora.noworkspace/nestling-pip-v2/tools/rive/bolt/build/pip_bolt.riv (159599 bytes, 528ms, 0 errors, 0 warnings)
[09:44:34.022] rive  data: mood = 0
[09:44:34.022] rive  showing Stage1 [3/5]
[09:44:34.023] rive  viewport 240x240 @1x
[09:44:34.030] rive  wrote /Users/ibrar/Desktop/infinora.noworkspace/nestling-pip-v2/design/animations/rive/bolt/frames/s1_idle_3.png
[09:44:34.099] rive  compiling 6 markup files as one document: pipstage.rml, shared.rml, stage1.rml, stage2.rml, stage3.rml, stage4.rml
[09:44:34.645] rive  built /Users/ibrar/Desktop/infinora.noworkspace/nestling-pip-v2/tools/rive/bolt/build/pip_bolt.riv (159599 bytes, 550ms, 0 errors, 0 warnings)
[09:44:34.647] rive  data: mood = 0
[09:44:34.647] rive  showing Stage1 [3/5]
[09:44:34.648] rive  viewport 240x240 @1x
[09:44:34.655] rive  wrote /Users/ibrar/Desktop/infinora.noworkspace/nestling-pip-v2/design/animations/rive/bolt/frames/s1_idle_4.png
[09:44:34.727] rive  compiling 6 markup files as one document: pipstage.rml, shared.rml, stage1.rml, stage2.rml, stage3.rml, stage4.rml
[09:44:35.245] rive  built /Users/ibrar/Desktop/infinora.noworkspace/nestling-pip-v2/tools/rive/bolt/build/pip_bolt.riv (159599 bytes, 521ms, 0 errors, 0 warnings)
[09:44:35.247] rive  data: mood = 0
[09:44:35.247] rive  showing Stage1 [3/5]
[09:44:35.248] rive  viewport 240x240 @1x
[09:44:35.254] rive  wrote /Users/ibrar/Desktop/infinora.noworkspace/nestling-pip-v2/design/animations/rive/bolt/frames/s1_idle_5.png
[09:44:35.326] rive  compiling 6 markup files as one document: pipstage.rml, shared.rml, stage1.rml, stage2.rml, stage3.rml, stage4.rml
[09:44:35.862] rive  built /Users/ibrar/Desktop/infinora.noworkspace/nestling-pip-v2/tools/rive/bolt/build/pip_bolt.riv (159599 bytes, 539ms, 0 errors, 0 warnings)
[09:44:35.864] rive  data: mood = 0
[09:44:35.864] rive  showing Stage1 [3/5]
[09:44:35.865] rive  viewport 240x240 @1x
[09:44:35.872] rive  wrote /Users/ibrar/Desktop/infinora.noworkspace/nestling-pip-v2/design/animations/rive/bolt/frames/s1_idle_6.png
[09:44:35.939] rive  compiling 6 markup files as one document: pipstage.rml, shared.rml, stage1.rml, stage2.rml, stage3.rml, stage4.rml
[09:44:36.480] rive  built /Users/ibrar/Desktop/infinora.noworkspace/nestling-pip-v2/tools/rive/bolt/build/pip_bolt.riv (159599 bytes, 544ms, 0 errors, 0 warnings)
[09:44:36.482] rive  data: mood = 1
[09:44:36.482] rive  showing Stage1 [3/5]
[09:44:36.482] rive  viewport 240x240 @1x
[09:44:36.489] rive  wrote /Users/ibrar/Desktop/infinora.noworkspace/nestling-pip-v2/design/animations/rive/bolt/frames/s1_happy_0.png
[09:44:36.557] rive  compiling 6 markup files as one document: pipstage.rml, shared.rml, stage1.rml, stage2.rml, stage3.rml, stage4.rml
[09:44:37.085] rive  built /Users/ibrar/Desktop/infinora.noworkspace/nestling-pip-v2/tools/rive/bolt/build/pip_bolt.riv (159599 bytes, 532ms, 0 errors, 0 warnings)
[09:44:37.087] rive  data: mood = 1
[09:44:37.087] rive  showing Stage1 [3/5]
[09:44:37.087] rive  viewport 240x240 @1x
[09:44:37.094] rive  wrote /Users/ibrar/Desktop/infinora.noworkspace/nestling-pip-v2/design/animations/rive/bolt/frames/s1_happy_1.png
[09:44:37.162] rive  compiling 6 markup files as one document: pipstage.rml, shared.rml, stage1.rml, stage2.rml, stage3.rml, stage4.rml
[09:44:37.710] rive  built /Users/ibrar/Desktop/infinora.noworkspace/nestling-pip-v2/tools/rive/bolt/build/pip_bolt.riv (159599 bytes, 552ms, 0 errors, 0 warnings)
[09:44:37.713] rive  data: mood = 1
[09:44:37.713] rive  showing Stage1 [3/5]
[09:44:37.713] rive  viewport 240x240 @1x
[09:44:37.720] rive  wrote /Users/ibrar/Desktop/infinora.noworkspace/nestling-pip-v2/design/animations/rive/bolt/frames/s1_happy_2.png
[09:44:37.787] rive  compiling 6 markup files as one document: pipstage.rml, shared.rml, stage1.rml, stage2.rml, stage3.rml, stage4.rml
[09:44:38.328] rive  built /Users/ibrar/Desktop/infinora.noworkspace/nestling-pip-v2/tools/rive/bolt/build/pip_bolt.riv (159599 bytes, 544ms, 0 errors, 0 warnings)
[09:44:38.330] rive  data: mood = 1
[09:44:38.330] rive  showing Stage1 [3/5]
[09:44:38.330] rive  viewport 240x240 @1x
[09:44:38.338] rive  wrote /Users/ibrar/Desktop/infinora.noworkspace/nestling-pip-v2/design/animations/rive/bolt/frames/s1_happy_3.png
[09:44:38.402] rive  compiling 6 markup files as one document: pipstage.rml, shared.rml, stage1.rml, stage2.rml, stage3.rml, stage4.rml
[09:44:38.933] rive  built /Users/ibrar/Desktop/infinora.noworkspace/nestling-pip-v2/tools/rive/bolt/build/pip_bolt.riv (159599 bytes, 534ms, 0 errors, 0 warnings)
[09:44:38.935] rive  data: mood = 1
[09:44:38.935] rive  showing Stage1 [3/5]
[09:44:38.936] rive  viewport 240x240 @1x
[09:44:38.943] rive  wrote /Users/ibrar/Desktop/infinora.noworkspace/nestling-pip-v2/design/animations/rive/bolt/frames/s1_happy_4.png
[09:44:39.010] rive  compiling 6 markup files as one document: pipstage.rml, shared.rml, stage1.rml, stage2.rml, stage3.rml, stage4.rml
[09:44:39.542] rive  built /Users/ibrar/Desktop/infinora.noworkspace/nestling-pip-v2/tools/rive/bolt/build/pip_bolt.riv (159599 bytes, 535ms, 0 errors, 0 warnings)
[09:44:39.544] rive  data: mood = 1
[09:44:39.544] rive  showing Stage1 [3/5]
[09:44:39.545] rive  viewport 240x240 @1x
[09:44:39.551] rive  wrote /Users/ibrar/Desktop/infinora.noworkspace/nestling-pip-v2/design/animations/rive/bolt/frames/s1_happy_5.png
[09:44:39.619] rive  compiling 6 markup files as one document: pipstage.rml, shared.rml, stage1.rml, stage2.rml, stage3.rml, stage4.rml
[09:44:40.152] rive  built /Users/ibrar/Desktop/infinora.noworkspace/nestling-pip-v2/tools/rive/bolt/build/pip_bolt.riv (159599 bytes, 536ms, 0 errors, 0 warnings)
[09:44:40.154] rive  data: mood = 1
[09:44:40.154] rive  showing Stage1 [3/5]
[09:44:40.154] rive  viewport 240x240 @1x
[09:44:40.161] rive  wrote /Users/ibrar/Desktop/infinora.noworkspace/nestling-pip-v2/design/animations/rive/bolt/frames/s1_happy_6.png
[09:44:40.229] rive  compiling 6 markup files as one document: pipstage.rml, shared.rml, stage1.rml, stage2.rml, stage3.rml, stage4.rml
[09:44:40.767] rive  built /Users/ibrar/Desktop/infinora.noworkspace/nestling-pip-v2/tools/rive/bolt/build/pip_bolt.riv (159599 bytes, 541ms, 0 errors, 0 warnings)
[09:44:40.769] rive  data: mood = 2
[09:44:40.769] rive  showing Stage1 [3/5]
[09:44:40.769] rive  viewport 240x240 @1x
[09:44:40.776] rive  wrote /Users/ibrar/Desktop/infinora.noworkspace/nestling-pip-v2/design/animations/rive/bolt/frames/s1_eating_0.png
[09:44:40.841] rive  compiling 6 markup files as one document: pipstage.rml, shared.rml, stage1.rml, stage2.rml, stage3.rml, stage4.rml
[09:44:41.362] rive  built /Users/ibrar/Desktop/infinora.noworkspace/nestling-pip-v2/tools/rive/bolt/build/pip_bolt.riv (159599 bytes, 525ms, 0 errors, 0 warnings)
[09:44:41.364] rive  data: mood = 2
[09:44:41.364] rive  showing Stage1 [3/5]
[09:44:41.364] rive  viewport 240x240 @1x
[09:44:41.372] rive  wrote /Users/ibrar/Desktop/infinora.noworkspace/nestling-pip-v2/design/animations/rive/bolt/frames/s1_eating_1.png
[09:44:41.436] rive  compiling 6 markup files as one document: pipstage.rml, shared.rml, stage1.rml, stage2.rml, stage3.rml, stage4.rml
[09:44:41.954] rive  built /Users/ibrar/Desktop/infinora.noworkspace/nestling-pip-v2/tools/rive/bolt/build/pip_bolt.riv (159599 bytes, 521ms, 0 errors, 0 warnings)
[09:44:41.956] rive  data: mood = 2
[09:44:41.956] rive  showing Stage1 [3/5]
[09:44:41.956] rive  viewport 240x240 @1x
[09:44:41.963] rive  wrote /Users/ibrar/Desktop/infinora.noworkspace/nestling-pip-v2/design/animations/rive/bolt/frames/s1_eating_2.png
[09:44:42.029] rive  compiling 6 markup files as one document: pipstage.rml, shared.rml, stage1.rml, stage2.rml, stage3.rml, stage4.rml
[09:44:42.538] rive  built /Users/ibrar/Desktop/infinora.noworkspace/nestling-pip-v2/tools/rive/bolt/build/pip_bolt.riv (159599 bytes, 512ms, 0 errors, 0 warnings)
[09:44:42.540] rive  data: mood = 2
[09:44:42.540] rive  showing Stage1 [3/5]
[09:44:42.540] rive  viewport 240x240 @1x
[09:44:42.547] rive  wrote /Users/ibrar/Desktop/infinora.noworkspace/nestling-pip-v2/design/animations/rive/bolt/frames/s1_eating_3.png
[09:44:42.619] rive  compiling 6 markup files as one document: pipstage.rml, shared.rml, stage1.rml, stage2.rml, stage3.rml, stage4.rml
[09:44:43.133] rive  built /Users/ibrar/Desktop/infinora.noworkspace/nestling-pip-v2/tools/rive/bolt/build/pip_bolt.riv (159599 bytes, 520ms, 0 errors, 0 warnings)
[09:44:43.135] rive  data: mood = 2
[09:44:43.135] rive  showing Stage1 [3/5]
[09:44:43.135] rive  viewport 240x240 @1x
[09:44:43.143] rive  wrote /Users/ibrar/Desktop/infinora.noworkspace/nestling-pip-v2/design/animations/rive/bolt/frames/s1_eating_4.png
[09:44:43.211] rive  compiling 6 markup files as one document: pipstage.rml, shared.rml, stage1.rml, stage2.rml, stage3.rml, stage4.rml
[09:44:43.728] rive  built /Users/ibrar/Desktop/infinora.noworkspace/nestling-pip-v2/tools/rive/bolt/build/pip_bolt.riv (159599 bytes, 520ms, 0 errors, 0 warnings)
[09:44:43.730] rive  data: mood = 2
[09:44:43.730] rive  showing Stage1 [3/5]
[09:44:43.730] rive  viewport 240x240 @1x
[09:44:43.738] rive  wrote /Users/ibrar/Desktop/infinora.noworkspace/nestling-pip-v2/design/animations/rive/bolt/frames/s1_eating_5.png
[09:44:43.804] rive  compiling 6 markup files as one document: pipstage.rml, shared.rml, stage1.rml, stage2.rml, stage3.rml, stage4.rml
[09:44:44.325] rive  built /Users/ibrar/Desktop/infinora.noworkspace/nestling-pip-v2/tools/rive/bolt/build/pip_bolt.riv (159599 bytes, 524ms, 0 errors, 0 warnings)
[09:44:44.327] rive  data: mood = 2
[09:44:44.327] rive  showing Stage1 [3/5]
[09:44:44.328] rive  viewport 240x240 @1x
[09:44:44.336] rive  wrote /Users/ibrar/Desktop/infinora.noworkspace/nestling-pip-v2/design/animations/rive/bolt/frames/s1_eating_6.png
[09:44:44.404] rive  compiling 6 markup files as one document: pipstage.rml, shared.rml, stage1.rml, stage2.rml, stage3.rml, stage4.rml
[09:44:44.922] rive  built /Users/ibrar/Desktop/infinora.noworkspace/nestling-pip-v2/tools/rive/bolt/build/pip_bolt.riv (159599 bytes, 522ms, 0 errors, 0 warnings)
[09:44:44.924] rive  data: mood = 3
[09:44:44.925] rive  showing Stage1 [3/5]
[09:44:44.925] rive  viewport 240x240 @1x
[09:44:44.933] rive  wrote /Users/ibrar/Desktop/infinora.noworkspace/nestling-pip-v2/design/animations/rive/bolt/frames/s1_sleepy_0.png
[09:44:45.000] rive  compiling 6 markup files as one document: pipstage.rml, shared.rml, stage1.rml, stage2.rml, stage3.rml, stage4.rml
[09:44:45.512] rive  built /Users/ibrar/Desktop/infinora.noworkspace/nestling-pip-v2/tools/rive/bolt/build/pip_bolt.riv (159599 bytes, 517ms, 0 errors, 0 warnings)
[09:44:45.514] rive  data: mood = 3
[09:44:45.514] rive  showing Stage1 [3/5]
[09:44:45.514] rive  viewport 240x240 @1x
[09:44:45.529] rive  wrote /Users/ibrar/Desktop/infinora.noworkspace/nestling-pip-v2/design/animations/rive/bolt/frames/s1_sleepy_1.png
[09:44:45.598] rive  compiling 6 markup files as one document: pipstage.rml, shared.rml, stage1.rml, stage2.rml, stage3.rml, stage4.rml
[09:44:46.110] rive  built /Users/ibrar/Desktop/infinora.noworkspace/nestling-pip-v2/tools/rive/bolt/build/pip_bolt.riv (159599 bytes, 515ms, 0 errors, 0 warnings)
[09:44:46.112] rive  data: mood = 3
[09:44:46.112] rive  showing Stage1 [3/5]
[09:44:46.112] rive  viewport 240x240 @1x
[09:44:46.120] rive  wrote /Users/ibrar/Desktop/infinora.noworkspace/nestling-pip-v2/design/animations/rive/bolt/frames/s1_sleepy_2.png
[09:44:46.187] rive  compiling 6 markup files as one document: pipstage.rml, shared.rml, stage1.rml, stage2.rml, stage3.rml, stage4.rml
[09:44:46.696] rive  built /Users/ibrar/Desktop/infinora.noworkspace/nestling-pip-v2/tools/rive/bolt/build/pip_bolt.riv (159599 bytes, 512ms, 0 errors, 0 warnings)
[09:44:46.698] rive  data: mood = 3
[09:44:46.698] rive  showing Stage1 [3/5]
[09:44:46.698] rive  viewport 240x240 @1x
[09:44:46.705] rive  wrote /Users/ibrar/Desktop/infinora.noworkspace/nestling-pip-v2/design/animations/rive/bolt/frames/s1_sleepy_3.png
[09:44:46.774] rive  compiling 6 markup files as one document: pipstage.rml, shared.rml, stage1.rml, stage2.rml, stage3.rml, stage4.rml
[09:44:47.290] rive  built /Users/ibrar/Desktop/infinora.noworkspace/nestling-pip-v2/tools/rive/bolt/build/pip_bolt.riv (159599 bytes, 520ms, 0 errors, 0 warnings)
[09:44:47.293] rive  data: mood = 3
[09:44:47.293] rive  showing Stage1 [3/5]
[09:44:47.293] rive  viewport 240x240 @1x
[09:44:47.302] rive  wrote /Users/ibrar/Desktop/infinora.noworkspace/nestling-pip-v2/design/animations/rive/bolt/frames/s1_sleepy_4.png
[09:44:47.374] rive  compiling 6 markup files as one document: pipstage.rml, shared.rml, stage1.rml, stage2.rml, stage3.rml, stage4.rml
[09:44:47.904] rive  built /Users/ibrar/Desktop/infinora.noworkspace/nestling-pip-v2/tools/rive/bolt/build/pip_bolt.riv (159599 bytes, 534ms, 0 errors, 0 warnings)
[09:44:47.906] rive  data: mood = 3
[09:44:47.906] rive  showing Stage1 [3/5]
[09:44:47.907] rive  viewport 240x240 @1x
[09:44:47.914] rive  wrote /Users/ibrar/Desktop/infinora.noworkspace/nestling-pip-v2/design/animations/rive/bolt/frames/s1_sleepy_5.png
[09:44:47.982] rive  compiling 6 markup files as one document: pipstage.rml, shared.rml, stage1.rml, stage2.rml, stage3.rml, stage4.rml
[09:44:48.525] rive  built /Users/ibrar/Desktop/infinora.noworkspace/nestling-pip-v2/tools/rive/bolt/build/pip_bolt.riv (159599 bytes, 547ms, 0 errors, 0 warnings)
[09:44:48.527] rive  data: mood = 3
[09:44:48.527] rive  showing Stage1 [3/5]
[09:44:48.528] rive  viewport 240x240 @1x
[09:44:48.535] rive  wrote /Users/ibrar/Desktop/infinora.noworkspace/nestling-pip-v2/design/animations/rive/bolt/frames/s1_sleepy_6.png
[09:44:48.607] rive  compiling 6 markup files as one document: pipstage.rml, shared.rml, stage1.rml, stage2.rml, stage3.rml, stage4.rml
[09:44:49.142] rive  built /Users/ibrar/Desktop/infinora.noworkspace/nestling-pip-v2/tools/rive/bolt/build/pip_bolt.riv (159599 bytes, 538ms, 0 errors, 0 warnings)
[09:44:49.144] rive  data: mood = 4
[09:44:49.144] rive  showing Stage1 [3/5]
[09:44:49.144] rive  viewport 240x240 @1x
[09:44:49.151] rive  wrote /Users/ibrar/Desktop/infinora.noworkspace/nestling-pip-v2/design/animations/rive/bolt/frames/s1_surprised_0.png
[09:44:49.223] rive  compiling 6 markup files as one document: pipstage.rml, shared.rml, stage1.rml, stage2.rml, stage3.rml, stage4.rml
[09:44:49.735] rive  built /Users/ibrar/Desktop/infinora.noworkspace/nestling-pip-v2/tools/rive/bolt/build/pip_bolt.riv (159599 bytes, 516ms, 0 errors, 0 warnings)
[09:44:49.738] rive  data: mood = 4
[09:44:49.738] rive  showing Stage1 [3/5]
[09:44:49.738] rive  viewport 240x240 @1x
[09:44:49.745] rive  wrote /Users/ibrar/Desktop/infinora.noworkspace/nestling-pip-v2/design/animations/rive/bolt/frames/s1_surprised_1.png
[09:44:49.812] rive  compiling 6 markup files as one document: pipstage.rml, shared.rml, stage1.rml, stage2.rml, stage3.rml, stage4.rml
[09:44:50.329] rive  built /Users/ibrar/Desktop/infinora.noworkspace/nestling-pip-v2/tools/rive/bolt/build/pip_bolt.riv (159599 bytes, 521ms, 0 errors, 0 warnings)
[09:44:50.331] rive  data: mood = 4
[09:44:50.331] rive  showing Stage1 [3/5]
[09:44:50.331] rive  viewport 240x240 @1x
[09:44:50.338] rive  wrote /Users/ibrar/Desktop/infinora.noworkspace/nestling-pip-v2/design/animations/rive/bolt/frames/s1_surprised_2.png
[09:44:50.405] rive  compiling 6 markup files as one document: pipstage.rml, shared.rml, stage1.rml, stage2.rml, stage3.rml, stage4.rml
[09:44:50.921] rive  built /Users/ibrar/Desktop/infinora.noworkspace/nestling-pip-v2/tools/rive/bolt/build/pip_bolt.riv (159599 bytes, 520ms, 0 errors, 0 warnings)
[09:44:50.923] rive  data: mood = 4
[09:44:50.923] rive  showing Stage1 [3/5]
[09:44:50.923] rive  viewport 240x240 @1x
[09:44:50.930] rive  wrote /Users/ibrar/Desktop/infinora.noworkspace/nestling-pip-v2/design/animations/rive/bolt/frames/s1_surprised_3.png
[09:44:50.997] rive  compiling 6 markup files as one document: pipstage.rml, shared.rml, stage1.rml, stage2.rml, stage3.rml, stage4.rml
[09:44:51.543] rive  built /Users/ibrar/Desktop/infinora.noworkspace/nestling-pip-v2/tools/rive/bolt/build/pip_bolt.riv (159599 bytes, 550ms, 0 errors, 0 warnings)
[09:44:51.546] rive  data: mood = 4
[09:44:51.546] rive  showing Stage1 [3/5]
[09:44:51.546] rive  viewport 240x240 @1x
[09:44:51.553] rive  wrote /Users/ibrar/Desktop/infinora.noworkspace/nestling-pip-v2/design/animations/rive/bolt/frames/s1_surprised_4.png
[09:44:51.622] rive  compiling 6 markup files as one document: pipstage.rml, shared.rml, stage1.rml, stage2.rml, stage3.rml, stage4.rml
[09:44:52.164] rive  built /Users/ibrar/Desktop/infinora.noworkspace/nestling-pip-v2/tools/rive/bolt/build/pip_bolt.riv (159599 bytes, 546ms, 0 errors, 0 warnings)
[09:44:52.166] rive  data: mood = 4
[09:44:52.166] rive  showing Stage1 [3/5]
[09:44:52.166] rive  viewport 240x240 @1x
[09:44:52.173] rive  wrote /Users/ibrar/Desktop/infinora.noworkspace/nestling-pip-v2/design/animations/rive/bolt/frames/s1_surprised_5.png
[09:44:52.241] rive  compiling 6 markup files as one document: pipstage.rml, shared.rml, stage1.rml, stage2.rml, stage3.rml, stage4.rml
[09:44:52.780] rive  built /Users/ibrar/Desktop/infinora.noworkspace/nestling-pip-v2/tools/rive/bolt/build/pip_bolt.riv (159599 bytes, 543ms, 0 errors, 0 warnings)
[09:44:52.782] rive  data: mood = 4
[09:44:52.782] rive  showing Stage1 [3/5]
[09:44:52.782] rive  viewport 240x240 @1x
[09:44:52.789] rive  wrote /Users/ibrar/Desktop/infinora.noworkspace/nestling-pip-v2/design/animations/rive/bolt/frames/s1_surprised_6.png
[09:44:52.856] rive  compiling 6 markup files as one document: pipstage.rml, shared.rml, stage1.rml, stage2.rml, stage3.rml, stage4.rml
[09:44:53.383] rive  built /Users/ibrar/Desktop/infinora.noworkspace/nestling-pip-v2/tools/rive/bolt/build/pip_bolt.riv (159599 bytes, 531ms, 0 errors, 0 warnings)
[09:44:53.385] rive  data: mood = 5
[09:44:53.385] rive  showing Stage1 [3/5]
[09:44:53.385] rive  viewport 240x240 @1x
[09:44:53.392] rive  wrote /Users/ibrar/Desktop/infinora.noworkspace/nestling-pip-v2/design/animations/rive/bolt/frames/s1_proud_0.png
[09:44:53.460] rive  compiling 6 markup files as one document: pipstage.rml, shared.rml, stage1.rml, stage2.rml, stage3.rml, stage4.rml
[09:44:53.999] rive  built /Users/ibrar/Desktop/infinora.noworkspace/nestling-pip-v2/tools/rive/bolt/build/pip_bolt.riv (159599 bytes, 543ms, 0 errors, 0 warnings)
[09:44:54.001] rive  data: mood = 5
[09:44:54.001] rive  showing Stage1 [3/5]
[09:44:54.001] rive  viewport 240x240 @1x
[09:44:54.009] rive  wrote /Users/ibrar/Desktop/infinora.noworkspace/nestling-pip-v2/design/animations/rive/bolt/frames/s1_proud_1.png
[09:44:54.077] rive  compiling 6 markup files as one document: pipstage.rml, shared.rml, stage1.rml, stage2.rml, stage3.rml, stage4.rml
[09:44:54.605] rive  built /Users/ibrar/Desktop/infinora.noworkspace/nestling-pip-v2/tools/rive/bolt/build/pip_bolt.riv (159599 bytes, 531ms, 0 errors, 0 warnings)
[09:44:54.607] rive  data: mood = 5
[09:44:54.607] rive  showing Stage1 [3/5]
[09:44:54.607] rive  viewport 240x240 @1x
[09:44:54.614] rive  wrote /Users/ibrar/Desktop/infinora.noworkspace/nestling-pip-v2/design/animations/rive/bolt/frames/s1_proud_2.png
[09:44:54.679] rive  compiling 6 markup files as one document: pipstage.rml, shared.rml, stage1.rml, stage2.rml, stage3.rml, stage4.rml
[09:44:55.197] rive  built /Users/ibrar/Desktop/infinora.noworkspace/nestling-pip-v2/tools/rive/bolt/build/pip_bolt.riv (159599 bytes, 522ms, 0 errors, 0 warnings)
[09:44:55.199] rive  data: mood = 5
[09:44:55.199] rive  showing Stage1 [3/5]
[09:44:55.199] rive  viewport 240x240 @1x
[09:44:55.206] rive  wrote /Users/ibrar/Desktop/infinora.noworkspace/nestling-pip-v2/design/animations/rive/bolt/frames/s1_proud_3.png
[09:44:55.272] rive  compiling 6 markup files as one document: pipstage.rml, shared.rml, stage1.rml, stage2.rml, stage3.rml, stage4.rml
[09:44:55.777] rive  built /Users/ibrar/Desktop/infinora.noworkspace/nestling-pip-v2/tools/rive/bolt/build/pip_bolt.riv (159599 bytes, 510ms, 0 errors, 0 warnings)
[09:44:55.779] rive  data: mood = 5
[09:44:55.779] rive  showing Stage1 [3/5]
[09:44:55.779] rive  viewport 240x240 @1x
[09:44:55.788] rive  wrote /Users/ibrar/Desktop/infinora.noworkspace/nestling-pip-v2/design/animations/rive/bolt/frames/s1_proud_4.png
[09:44:55.854] rive  compiling 6 markup files as one document: pipstage.rml, shared.rml, stage1.rml, stage2.rml, stage3.rml, stage4.rml
[09:44:56.370] rive  built /Users/ibrar/Desktop/infinora.noworkspace/nestling-pip-v2/tools/rive/bolt/build/pip_bolt.riv (159599 bytes, 519ms, 0 errors, 0 warnings)
[09:44:56.372] rive  data: mood = 5
[09:44:56.372] rive  showing Stage1 [3/5]
[09:44:56.373] rive  viewport 240x240 @1x
[09:44:56.379] rive  wrote /Users/ibrar/Desktop/infinora.noworkspace/nestling-pip-v2/design/animations/rive/bolt/frames/s1_proud_5.png
[09:44:56.451] rive  compiling 6 markup files as one document: pipstage.rml, shared.rml, stage1.rml, stage2.rml, stage3.rml, stage4.rml
[09:44:56.999] rive  built /Users/ibrar/Desktop/infinora.noworkspace/nestling-pip-v2/tools/rive/bolt/build/pip_bolt.riv (159599 bytes, 552ms, 0 errors, 0 warnings)
[09:44:57.002] rive  data: mood = 5
[09:44:57.002] rive  showing Stage1 [3/5]
[09:44:57.002] rive  viewport 240x240 @1x
[09:44:57.009] rive  wrote /Users/ibrar/Desktop/infinora.noworkspace/nestling-pip-v2/design/animations/rive/bolt/frames/s1_proud_6.png
[09:44:57.077] rive  compiling 6 markup files as one document: pipstage.rml, shared.rml, stage1.rml, stage2.rml, stage3.rml, stage4.rml
[09:44:57.604] rive  built /Users/ibrar/Desktop/infinora.noworkspace/nestling-pip-v2/tools/rive/bolt/build/pip_bolt.riv (159599 bytes, 531ms, 0 errors, 0 warnings)
[09:44:57.606] rive  data: evolve = 1
[09:44:57.606] rive  showing Stage1 [3/5]
[09:44:57.606] rive  viewport 240x240 @1x
[09:44:57.613] rive  wrote /Users/ibrar/Desktop/infinora.noworkspace/nestling-pip-v2/design/animations/rive/bolt/frames/s1_evolve_0.png
[09:44:57.686] rive  compiling 6 markup files as one document: pipstage.rml, shared.rml, stage1.rml, stage2.rml, stage3.rml, stage4.rml
[09:44:58.225] rive  built /Users/ibrar/Desktop/infinora.noworkspace/nestling-pip-v2/tools/rive/bolt/build/pip_bolt.riv (159599 bytes, 543ms, 0 errors, 0 warnings)
[09:44:58.227] rive  data: evolve = 1
[09:44:58.227] rive  showing Stage1 [3/5]
[09:44:58.227] rive  viewport 240x240 @1x
[09:44:58.234] rive  wrote /Users/ibrar/Desktop/infinora.noworkspace/nestling-pip-v2/design/animations/rive/bolt/frames/s1_evolve_1.png
[09:44:58.306] rive  compiling 6 markup files as one document: pipstage.rml, shared.rml, stage1.rml, stage2.rml, stage3.rml, stage4.rml
[09:44:58.837] rive  built /Users/ibrar/Desktop/infinora.noworkspace/nestling-pip-v2/tools/rive/bolt/build/pip_bolt.riv (159599 bytes, 535ms, 0 errors, 0 warnings)
[09:44:58.840] rive  data: evolve = 1
[09:44:58.840] rive  showing Stage1 [3/5]
[09:44:58.840] rive  viewport 240x240 @1x
[09:44:58.848] rive  wrote /Users/ibrar/Desktop/infinora.noworkspace/nestling-pip-v2/design/animations/rive/bolt/frames/s1_evolve_2.png
[09:44:58.921] rive  compiling 6 markup files as one document: pipstage.rml, shared.rml, stage1.rml, stage2.rml, stage3.rml, stage4.rml
[09:44:59.459] rive  built /Users/ibrar/Desktop/infinora.noworkspace/nestling-pip-v2/tools/rive/bolt/build/pip_bolt.riv (159599 bytes, 543ms, 0 errors, 0 warnings)
[09:44:59.462] rive  data: evolve = 1
[09:44:59.462] rive  showing Stage1 [3/5]
[09:44:59.462] rive  viewport 240x240 @1x
[09:44:59.469] rive  wrote /Users/ibrar/Desktop/infinora.noworkspace/nestling-pip-v2/design/animations/rive/bolt/frames/s1_evolve_3.png
[09:44:59.537] rive  compiling 6 markup files as one document: pipstage.rml, shared.rml, stage1.rml, stage2.rml, stage3.rml, stage4.rml
[09:45:00.050] rive  built /Users/ibrar/Desktop/infinora.noworkspace/nestling-pip-v2/tools/rive/bolt/build/pip_bolt.riv (159599 bytes, 517ms, 0 errors, 0 warnings)
[09:45:00.052] rive  data: evolve = 1
[09:45:00.052] rive  showing Stage1 [3/5]
[09:45:00.052] rive  viewport 240x240 @1x
[09:45:00.060] rive  wrote /Users/ibrar/Desktop/infinora.noworkspace/nestling-pip-v2/design/animations/rive/bolt/frames/s1_evolve_4.png
[09:45:00.126] rive  compiling 6 markup files as one document: pipstage.rml, shared.rml, stage1.rml, stage2.rml, stage3.rml, stage4.rml
[09:45:00.647] rive  built /Users/ibrar/Desktop/infinora.noworkspace/nestling-pip-v2/tools/rive/bolt/build/pip_bolt.riv (159599 bytes, 525ms, 0 errors, 0 warnings)
[09:45:00.649] rive  data: evolve = 1
[09:45:00.649] rive  showing Stage1 [3/5]
[09:45:00.650] rive  viewport 240x240 @1x
[09:45:00.657] rive  wrote /Users/ibrar/Desktop/infinora.noworkspace/nestling-pip-v2/design/animations/rive/bolt/frames/s1_evolve_5.png
[09:45:00.723] rive  compiling 6 markup files as one document: pipstage.rml, shared.rml, stage1.rml, stage2.rml, stage3.rml, stage4.rml
[09:45:01.237] rive  built /Users/ibrar/Desktop/infinora.noworkspace/nestling-pip-v2/tools/rive/bolt/build/pip_bolt.riv (159599 bytes, 517ms, 0 errors, 0 warnings)
[09:45:01.239] rive  data: evolve = 1
[09:45:01.239] rive  showing Stage1 [3/5]
[09:45:01.239] rive  viewport 240x240 @1x
[09:45:01.246] rive  wrote /Users/ibrar/Desktop/infinora.noworkspace/nestling-pip-v2/design/animations/rive/bolt/frames/s1_evolve_6.png
[09:45:01.317] rive  compiling 6 markup files as one document: pipstage.rml, shared.rml, stage1.rml, stage2.rml, stage3.rml, stage4.rml
[09:45:01.843] rive  built /Users/ibrar/Desktop/infinora.noworkspace/nestling-pip-v2/tools/rive/bolt/build/pip_bolt.riv (159599 bytes, 529ms, 0 errors, 0 warnings)
[09:45:01.845] rive  data: mood = 0
[09:45:01.845] rive  showing Stage2 [4/5]
[09:45:01.845] rive  viewport 240x240 @1x
[09:45:01.852] rive  wrote /Users/ibrar/Desktop/infinora.noworkspace/nestling-pip-v2/design/animations/rive/bolt/frames/s2_idle_0.png
[09:45:01.920] rive  compiling 6 markup files as one document: pipstage.rml, shared.rml, stage1.rml, stage2.rml, stage3.rml, stage4.rml
[09:45:02.462] rive  built /Users/ibrar/Desktop/infinora.noworkspace/nestling-pip-v2/tools/rive/bolt/build/pip_bolt.riv (159599 bytes, 546ms, 0 errors, 0 warnings)
[09:45:02.464] rive  data: mood = 0
[09:45:02.464] rive  showing Stage2 [4/5]
[09:45:02.464] rive  viewport 240x240 @1x
[09:45:02.472] rive  wrote /Users/ibrar/Desktop/infinora.noworkspace/nestling-pip-v2/design/animations/rive/bolt/frames/s2_idle_1.png
[09:45:02.540] rive  compiling 6 markup files as one document: pipstage.rml, shared.rml, stage1.rml, stage2.rml, stage3.rml, stage4.rml
[09:45:03.061] rive  built /Users/ibrar/Desktop/infinora.noworkspace/nestling-pip-v2/tools/rive/bolt/build/pip_bolt.riv (159599 bytes, 524ms, 0 errors, 0 warnings)
[09:45:03.063] rive  data: mood = 0
[09:45:03.063] rive  showing Stage2 [4/5]
[09:45:03.063] rive  viewport 240x240 @1x
[09:45:03.071] rive  wrote /Users/ibrar/Desktop/infinora.noworkspace/nestling-pip-v2/design/animations/rive/bolt/frames/s2_idle_2.png
[09:45:03.143] rive  compiling 6 markup files as one document: pipstage.rml, shared.rml, stage1.rml, stage2.rml, stage3.rml, stage4.rml
[09:45:03.656] rive  built /Users/ibrar/Desktop/infinora.noworkspace/nestling-pip-v2/tools/rive/bolt/build/pip_bolt.riv (159599 bytes, 517ms, 0 errors, 0 warnings)
[09:45:03.659] rive  data: mood = 0
[09:45:03.659] rive  showing Stage2 [4/5]
[09:45:03.659] rive  viewport 240x240 @1x
[09:45:03.666] rive  wrote /Users/ibrar/Desktop/infinora.noworkspace/nestling-pip-v2/design/animations/rive/bolt/frames/s2_idle_3.png
[09:45:03.732] rive  compiling 6 markup files as one document: pipstage.rml, shared.rml, stage1.rml, stage2.rml, stage3.rml, stage4.rml
[09:45:04.254] rive  built /Users/ibrar/Desktop/infinora.noworkspace/nestling-pip-v2/tools/rive/bolt/build/pip_bolt.riv (159599 bytes, 525ms, 0 errors, 0 warnings)
[09:45:04.256] rive  data: mood = 0
[09:45:04.256] rive  showing Stage2 [4/5]
[09:45:04.257] rive  viewport 240x240 @1x
[09:45:04.265] rive  wrote /Users/ibrar/Desktop/infinora.noworkspace/nestling-pip-v2/design/animations/rive/bolt/frames/s2_idle_4.png
[09:45:04.331] rive  compiling 6 markup files as one document: pipstage.rml, shared.rml, stage1.rml, stage2.rml, stage3.rml, stage4.rml
[09:45:04.868] rive  built /Users/ibrar/Desktop/infinora.noworkspace/nestling-pip-v2/tools/rive/bolt/build/pip_bolt.riv (159599 bytes, 540ms, 0 errors, 0 warnings)
[09:45:04.870] rive  data: mood = 0
[09:45:04.870] rive  showing Stage2 [4/5]
[09:45:04.870] rive  viewport 240x240 @1x
[09:45:04.878] rive  wrote /Users/ibrar/Desktop/infinora.noworkspace/nestling-pip-v2/design/animations/rive/bolt/frames/s2_idle_5.png
[09:45:04.952] rive  compiling 6 markup files as one document: pipstage.rml, shared.rml, stage1.rml, stage2.rml, stage3.rml, stage4.rml
[09:45:05.466] rive  built /Users/ibrar/Desktop/infinora.noworkspace/nestling-pip-v2/tools/rive/bolt/build/pip_bolt.riv (159599 bytes, 517ms, 0 errors, 0 warnings)
[09:45:05.468] rive  data: mood = 0
[09:45:05.468] rive  showing Stage2 [4/5]
[09:45:05.469] rive  viewport 240x240 @1x
[09:45:05.476] rive  wrote /Users/ibrar/Desktop/infinora.noworkspace/nestling-pip-v2/design/animations/rive/bolt/frames/s2_idle_6.png
[09:45:05.542] rive  compiling 6 markup files as one document: pipstage.rml, shared.rml, stage1.rml, stage2.rml, stage3.rml, stage4.rml
[09:45:06.054] rive  built /Users/ibrar/Desktop/infinora.noworkspace/nestling-pip-v2/tools/rive/bolt/build/pip_bolt.riv (159599 bytes, 516ms, 0 errors, 0 warnings)
[09:45:06.057] rive  data: mood = 1
[09:45:06.057] rive  showing Stage2 [4/5]
[09:45:06.057] rive  viewport 240x240 @1x
[09:45:06.064] rive  wrote /Users/ibrar/Desktop/infinora.noworkspace/nestling-pip-v2/design/animations/rive/bolt/frames/s2_happy_0.png
[09:45:06.130] rive  compiling 6 markup files as one document: pipstage.rml, shared.rml, stage1.rml, stage2.rml, stage3.rml, stage4.rml
[09:45:06.653] rive  built /Users/ibrar/Desktop/infinora.noworkspace/nestling-pip-v2/tools/rive/bolt/build/pip_bolt.riv (159599 bytes, 526ms, 0 errors, 0 warnings)
[09:45:06.655] rive  data: mood = 1
[09:45:06.655] rive  showing Stage2 [4/5]
[09:45:06.655] rive  viewport 240x240 @1x
[09:45:06.663] rive  wrote /Users/ibrar/Desktop/infinora.noworkspace/nestling-pip-v2/design/animations/rive/bolt/frames/s2_happy_1.png
[09:45:06.729] rive  compiling 6 markup files as one document: pipstage.rml, shared.rml, stage1.rml, stage2.rml, stage3.rml, stage4.rml
[09:45:07.250] rive  built /Users/ibrar/Desktop/infinora.noworkspace/nestling-pip-v2/tools/rive/bolt/build/pip_bolt.riv (159599 bytes, 523ms, 0 errors, 0 warnings)
[09:45:07.252] rive  data: mood = 1
[09:45:07.252] rive  showing Stage2 [4/5]
[09:45:07.252] rive  viewport 240x240 @1x
[09:45:07.262] rive  wrote /Users/ibrar/Desktop/infinora.noworkspace/nestling-pip-v2/design/animations/rive/bolt/frames/s2_happy_2.png
[09:45:07.330] rive  compiling 6 markup files as one document: pipstage.rml, shared.rml, stage1.rml, stage2.rml, stage3.rml, stage4.rml
[09:45:07.848] rive  built /Users/ibrar/Desktop/infinora.noworkspace/nestling-pip-v2/tools/rive/bolt/build/pip_bolt.riv (159599 bytes, 521ms, 0 errors, 0 warnings)
[09:45:07.850] rive  data: mood = 1
[09:45:07.850] rive  showing Stage2 [4/5]
[09:45:07.850] rive  viewport 240x240 @1x
[09:45:07.859] rive  wrote /Users/ibrar/Desktop/infinora.noworkspace/nestling-pip-v2/design/animations/rive/bolt/frames/s2_happy_3.png
[09:45:07.926] rive  compiling 6 markup files as one document: pipstage.rml, shared.rml, stage1.rml, stage2.rml, stage3.rml, stage4.rml
[09:45:08.443] rive  built /Users/ibrar/Desktop/infinora.noworkspace/nestling-pip-v2/tools/rive/bolt/build/pip_bolt.riv (159599 bytes, 521ms, 0 errors, 0 warnings)
[09:45:08.445] rive  data: mood = 1
[09:45:08.446] rive  showing Stage2 [4/5]
[09:45:08.446] rive  viewport 240x240 @1x
[09:45:08.454] rive  wrote /Users/ibrar/Desktop/infinora.noworkspace/nestling-pip-v2/design/animations/rive/bolt/frames/s2_happy_4.png
[09:45:08.520] rive  compiling 6 markup files as one document: pipstage.rml, shared.rml, stage1.rml, stage2.rml, stage3.rml, stage4.rml
[09:45:09.044] rive  built /Users/ibrar/Desktop/infinora.noworkspace/nestling-pip-v2/tools/rive/bolt/build/pip_bolt.riv (159599 bytes, 527ms, 0 errors, 0 warnings)
[09:45:09.047] rive  data: mood = 1
[09:45:09.047] rive  showing Stage2 [4/5]
[09:45:09.047] rive  viewport 240x240 @1x
[09:45:09.056] rive  wrote /Users/ibrar/Desktop/infinora.noworkspace/nestling-pip-v2/design/animations/rive/bolt/frames/s2_happy_5.png
[09:45:09.127] rive  compiling 6 markup files as one document: pipstage.rml, shared.rml, stage1.rml, stage2.rml, stage3.rml, stage4.rml
[09:45:09.641] rive  built /Users/ibrar/Desktop/infinora.noworkspace/nestling-pip-v2/tools/rive/bolt/build/pip_bolt.riv (159599 bytes, 519ms, 0 errors, 0 warnings)
[09:45:09.643] rive  data: mood = 1
[09:45:09.643] rive  showing Stage2 [4/5]
[09:45:09.643] rive  viewport 240x240 @1x
[09:45:09.651] rive  wrote /Users/ibrar/Desktop/infinora.noworkspace/nestling-pip-v2/design/animations/rive/bolt/frames/s2_happy_6.png
[09:45:09.719] rive  compiling 6 markup files as one document: pipstage.rml, shared.rml, stage1.rml, stage2.rml, stage3.rml, stage4.rml
[09:45:10.238] rive  built /Users/ibrar/Desktop/infinora.noworkspace/nestling-pip-v2/tools/rive/bolt/build/pip_bolt.riv (159599 bytes, 522ms, 0 errors, 0 warnings)
[09:45:10.240] rive  data: mood = 2
[09:45:10.240] rive  showing Stage2 [4/5]
[09:45:10.240] rive  viewport 240x240 @1x
[09:45:10.249] rive  wrote /Users/ibrar/Desktop/infinora.noworkspace/nestling-pip-v2/design/animations/rive/bolt/frames/s2_eating_0.png
[09:45:10.322] rive  compiling 6 markup files as one document: pipstage.rml, shared.rml, stage1.rml, stage2.rml, stage3.rml, stage4.rml
[09:45:10.854] rive  built /Users/ibrar/Desktop/infinora.noworkspace/nestling-pip-v2/tools/rive/bolt/build/pip_bolt.riv (159599 bytes, 537ms, 0 errors, 0 warnings)
[09:45:10.857] rive  data: mood = 2
[09:45:10.857] rive  showing Stage2 [4/5]
[09:45:10.857] rive  viewport 240x240 @1x
[09:45:10.899] rive  wrote /Users/ibrar/Desktop/infinora.noworkspace/nestling-pip-v2/design/animations/rive/bolt/frames/s2_eating_1.png
[09:45:10.980] rive  compiling 6 markup files as one document: pipstage.rml, shared.rml, stage1.rml, stage2.rml, stage3.rml, stage4.rml
[09:45:11.508] rive  built /Users/ibrar/Desktop/infinora.noworkspace/nestling-pip-v2/tools/rive/bolt/build/pip_bolt.riv (159599 bytes, 534ms, 0 errors, 0 warnings)
[09:45:11.511] rive  data: mood = 2
[09:45:11.511] rive  showing Stage2 [4/5]
[09:45:11.511] rive  viewport 240x240 @1x
[09:45:11.520] rive  wrote /Users/ibrar/Desktop/infinora.noworkspace/nestling-pip-v2/design/animations/rive/bolt/frames/s2_eating_2.png
[09:45:11.595] rive  compiling 6 markup files as one document: pipstage.rml, shared.rml, stage1.rml, stage2.rml, stage3.rml, stage4.rml
[09:45:12.128] rive  built /Users/ibrar/Desktop/infinora.noworkspace/nestling-pip-v2/tools/rive/bolt/build/pip_bolt.riv (159599 bytes, 537ms, 0 errors, 0 warnings)
[09:45:12.130] rive  data: mood = 2
[09:45:12.130] rive  showing Stage2 [4/5]
[09:45:12.130] rive  viewport 240x240 @1x
[09:45:12.138] rive  wrote /Users/ibrar/Desktop/infinora.noworkspace/nestling-pip-v2/design/animations/rive/bolt/frames/s2_eating_3.png
[09:45:12.212] rive  compiling 6 markup files as one document: pipstage.rml, shared.rml, stage1.rml, stage2.rml, stage3.rml, stage4.rml
[09:45:12.735] rive  built /Users/ibrar/Desktop/infinora.noworkspace/nestling-pip-v2/tools/rive/bolt/build/pip_bolt.riv (159599 bytes, 527ms, 0 errors, 0 warnings)
[09:45:12.737] rive  data: mood = 2
[09:45:12.737] rive  showing Stage2 [4/5]
[09:45:12.738] rive  viewport 240x240 @1x
[09:45:12.746] rive  wrote /Users/ibrar/Desktop/infinora.noworkspace/nestling-pip-v2/design/animations/rive/bolt/frames/s2_eating_4.png
[09:45:12.817] rive  compiling 6 markup files as one document: pipstage.rml, shared.rml, stage1.rml, stage2.rml, stage3.rml, stage4.rml
[09:45:13.332] rive  built /Users/ibrar/Desktop/infinora.noworkspace/nestling-pip-v2/tools/rive/bolt/build/pip_bolt.riv (159599 bytes, 518ms, 0 errors, 0 warnings)
[09:45:13.334] rive  data: mood = 2
[09:45:13.334] rive  showing Stage2 [4/5]
[09:45:13.334] rive  viewport 240x240 @1x
[09:45:13.342] rive  wrote /Users/ibrar/Desktop/infinora.noworkspace/nestling-pip-v2/design/animations/rive/bolt/frames/s2_eating_5.png
[09:45:13.411] rive  compiling 6 markup files as one document: pipstage.rml, shared.rml, stage1.rml, stage2.rml, stage3.rml, stage4.rml
[09:45:13.939] rive  built /Users/ibrar/Desktop/infinora.noworkspace/nestling-pip-v2/tools/rive/bolt/build/pip_bolt.riv (159599 bytes, 531ms, 0 errors, 0 warnings)
[09:45:13.941] rive  data: mood = 2
[09:45:13.941] rive  showing Stage2 [4/5]
[09:45:13.942] rive  viewport 240x240 @1x
[09:45:13.949] rive  wrote /Users/ibrar/Desktop/infinora.noworkspace/nestling-pip-v2/design/animations/rive/bolt/frames/s2_eating_6.png
[09:45:14.017] rive  compiling 6 markup files as one document: pipstage.rml, shared.rml, stage1.rml, stage2.rml, stage3.rml, stage4.rml
[09:45:14.526] rive  built /Users/ibrar/Desktop/infinora.noworkspace/nestling-pip-v2/tools/rive/bolt/build/pip_bolt.riv (159599 bytes, 513ms, 0 errors, 0 warnings)
[09:45:14.528] rive  data: mood = 3
[09:45:14.529] rive  showing Stage2 [4/5]
[09:45:14.529] rive  viewport 240x240 @1x
[09:45:14.536] rive  wrote /Users/ibrar/Desktop/infinora.noworkspace/nestling-pip-v2/design/animations/rive/bolt/frames/s2_sleepy_0.png
[09:45:14.604] rive  compiling 6 markup files as one document: pipstage.rml, shared.rml, stage1.rml, stage2.rml, stage3.rml, stage4.rml
[09:45:15.145] rive  built /Users/ibrar/Desktop/infinora.noworkspace/nestling-pip-v2/tools/rive/bolt/build/pip_bolt.riv (159599 bytes, 544ms, 0 errors, 0 warnings)
[09:45:15.147] rive  data: mood = 3
[09:45:15.147] rive  showing Stage2 [4/5]
[09:45:15.147] rive  viewport 240x240 @1x
[09:45:15.155] rive  wrote /Users/ibrar/Desktop/infinora.noworkspace/nestling-pip-v2/design/animations/rive/bolt/frames/s2_sleepy_1.png
[09:45:15.222] rive  compiling 6 markup files as one document: pipstage.rml, shared.rml, stage1.rml, stage2.rml, stage3.rml, stage4.rml
[09:45:15.755] rive  built /Users/ibrar/Desktop/infinora.noworkspace/nestling-pip-v2/tools/rive/bolt/build/pip_bolt.riv (159599 bytes, 537ms, 0 errors, 0 warnings)
[09:45:15.758] rive  data: mood = 3
[09:45:15.758] rive  showing Stage2 [4/5]
[09:45:15.758] rive  viewport 240x240 @1x
[09:45:15.765] rive  wrote /Users/ibrar/Desktop/infinora.noworkspace/nestling-pip-v2/design/animations/rive/bolt/frames/s2_sleepy_2.png
[09:45:15.832] rive  compiling 6 markup files as one document: pipstage.rml, shared.rml, stage1.rml, stage2.rml, stage3.rml, stage4.rml
[09:45:16.379] rive  built /Users/ibrar/Desktop/infinora.noworkspace/nestling-pip-v2/tools/rive/bolt/build/pip_bolt.riv (159599 bytes, 551ms, 0 errors, 0 warnings)
[09:45:16.381] rive  data: mood = 3
[09:45:16.381] rive  showing Stage2 [4/5]
[09:45:16.382] rive  viewport 240x240 @1x
[09:45:16.390] rive  wrote /Users/ibrar/Desktop/infinora.noworkspace/nestling-pip-v2/design/animations/rive/bolt/frames/s2_sleepy_3.png
[09:45:16.455] rive  compiling 6 markup files as one document: pipstage.rml, shared.rml, stage1.rml, stage2.rml, stage3.rml, stage4.rml
[09:45:16.993] rive  built /Users/ibrar/Desktop/infinora.noworkspace/nestling-pip-v2/tools/rive/bolt/build/pip_bolt.riv (159599 bytes, 541ms, 0 errors, 0 warnings)
[09:45:16.995] rive  data: mood = 3
[09:45:16.995] rive  showing Stage2 [4/5]
[09:45:16.996] rive  viewport 240x240 @1x
[09:45:17.005] rive  wrote /Users/ibrar/Desktop/infinora.noworkspace/nestling-pip-v2/design/animations/rive/bolt/frames/s2_sleepy_4.png
[09:45:17.071] rive  compiling 6 markup files as one document: pipstage.rml, shared.rml, stage1.rml, stage2.rml, stage3.rml, stage4.rml
[09:45:17.598] rive  built /Users/ibrar/Desktop/infinora.noworkspace/nestling-pip-v2/tools/rive/bolt/build/pip_bolt.riv (159599 bytes, 530ms, 0 errors, 0 warnings)
[09:45:17.599] rive  data: mood = 3
[09:45:17.600] rive  showing Stage2 [4/5]
[09:45:17.600] rive  viewport 240x240 @1x
[09:45:17.608] rive  wrote /Users/ibrar/Desktop/infinora.noworkspace/nestling-pip-v2/design/animations/rive/bolt/frames/s2_sleepy_5.png
[09:45:17.675] rive  compiling 6 markup files as one document: pipstage.rml, shared.rml, stage1.rml, stage2.rml, stage3.rml, stage4.rml
[09:45:18.190] rive  built /Users/ibrar/Desktop/infinora.noworkspace/nestling-pip-v2/tools/rive/bolt/build/pip_bolt.riv (159599 bytes, 518ms, 0 errors, 0 warnings)
[09:45:18.192] rive  data: mood = 3
[09:45:18.192] rive  showing Stage2 [4/5]
[09:45:18.193] rive  viewport 240x240 @1x
[09:45:18.200] rive  wrote /Users/ibrar/Desktop/infinora.noworkspace/nestling-pip-v2/design/animations/rive/bolt/frames/s2_sleepy_6.png
[09:45:18.267] rive  compiling 6 markup files as one document: pipstage.rml, shared.rml, stage1.rml, stage2.rml, stage3.rml, stage4.rml
[09:45:18.794] rive  built /Users/ibrar/Desktop/infinora.noworkspace/nestling-pip-v2/tools/rive/bolt/build/pip_bolt.riv (159599 bytes, 531ms, 0 errors, 0 warnings)
[09:45:18.796] rive  data: mood = 4
[09:45:18.796] rive  showing Stage2 [4/5]
[09:45:18.796] rive  viewport 240x240 @1x
[09:45:18.803] rive  wrote /Users/ibrar/Desktop/infinora.noworkspace/nestling-pip-v2/design/animations/rive/bolt/frames/s2_surprised_0.png
[09:45:18.869] rive  compiling 6 markup files as one document: pipstage.rml, shared.rml, stage1.rml, stage2.rml, stage3.rml, stage4.rml
[09:45:19.398] rive  built /Users/ibrar/Desktop/infinora.noworkspace/nestling-pip-v2/tools/rive/bolt/build/pip_bolt.riv (159599 bytes, 532ms, 0 errors, 0 warnings)
[09:45:19.400] rive  data: mood = 4
[09:45:19.400] rive  showing Stage2 [4/5]
[09:45:19.400] rive  viewport 240x240 @1x
[09:45:19.407] rive  wrote /Users/ibrar/Desktop/infinora.noworkspace/nestling-pip-v2/design/animations/rive/bolt/frames/s2_surprised_1.png
[09:45:19.476] rive  compiling 6 markup files as one document: pipstage.rml, shared.rml, stage1.rml, stage2.rml, stage3.rml, stage4.rml
[09:45:20.022] rive  built /Users/ibrar/Desktop/infinora.noworkspace/nestling-pip-v2/tools/rive/bolt/build/pip_bolt.riv (159599 bytes, 549ms, 0 errors, 0 warnings)
[09:45:20.024] rive  data: mood = 4
[09:45:20.024] rive  showing Stage2 [4/5]
[09:45:20.024] rive  viewport 240x240 @1x
[09:45:20.031] rive  wrote /Users/ibrar/Desktop/infinora.noworkspace/nestling-pip-v2/design/animations/rive/bolt/frames/s2_surprised_2.png
[09:45:20.100] rive  compiling 6 markup files as one document: pipstage.rml, shared.rml, stage1.rml, stage2.rml, stage3.rml, stage4.rml
[09:45:20.645] rive  built /Users/ibrar/Desktop/infinora.noworkspace/nestling-pip-v2/tools/rive/bolt/build/pip_bolt.riv (159599 bytes, 550ms, 0 errors, 0 warnings)
[09:45:20.647] rive  data: mood = 4
[09:45:20.647] rive  showing Stage2 [4/5]
[09:45:20.648] rive  viewport 240x240 @1x
[09:45:20.655] rive  wrote /Users/ibrar/Desktop/infinora.noworkspace/nestling-pip-v2/design/animations/rive/bolt/frames/s2_surprised_3.png
[09:45:20.722] rive  compiling 6 markup files as one document: pipstage.rml, shared.rml, stage1.rml, stage2.rml, stage3.rml, stage4.rml
[09:45:21.266] rive  built /Users/ibrar/Desktop/infinora.noworkspace/nestling-pip-v2/tools/rive/bolt/build/pip_bolt.riv (159599 bytes, 547ms, 0 errors, 0 warnings)
[09:45:21.268] rive  data: mood = 4
[09:45:21.268] rive  showing Stage2 [4/5]
[09:45:21.268] rive  viewport 240x240 @1x
[09:45:21.275] rive  wrote /Users/ibrar/Desktop/infinora.noworkspace/nestling-pip-v2/design/animations/rive/bolt/frames/s2_surprised_4.png
[09:45:21.342] rive  compiling 6 markup files as one document: pipstage.rml, shared.rml, stage1.rml, stage2.rml, stage3.rml, stage4.rml
[09:45:21.877] rive  built /Users/ibrar/Desktop/infinora.noworkspace/nestling-pip-v2/tools/rive/bolt/build/pip_bolt.riv (159599 bytes, 539ms, 0 errors, 0 warnings)
[09:45:21.880] rive  data: mood = 4
[09:45:21.880] rive  showing Stage2 [4/5]
[09:45:21.880] rive  viewport 240x240 @1x
[09:45:21.887] rive  wrote /Users/ibrar/Desktop/infinora.noworkspace/nestling-pip-v2/design/animations/rive/bolt/frames/s2_surprised_5.png
[09:45:21.955] rive  compiling 6 markup files as one document: pipstage.rml, shared.rml, stage1.rml, stage2.rml, stage3.rml, stage4.rml
[09:45:22.500] rive  built /Users/ibrar/Desktop/infinora.noworkspace/nestling-pip-v2/tools/rive/bolt/build/pip_bolt.riv (159599 bytes, 548ms, 0 errors, 0 warnings)
[09:45:22.502] rive  data: mood = 4
[09:45:22.502] rive  showing Stage2 [4/5]
[09:45:22.502] rive  viewport 240x240 @1x
[09:45:22.510] rive  wrote /Users/ibrar/Desktop/infinora.noworkspace/nestling-pip-v2/design/animations/rive/bolt/frames/s2_surprised_6.png
[09:45:22.576] rive  compiling 6 markup files as one document: pipstage.rml, shared.rml, stage1.rml, stage2.rml, stage3.rml, stage4.rml
[09:45:23.118] rive  built /Users/ibrar/Desktop/infinora.noworkspace/nestling-pip-v2/tools/rive/bolt/build/pip_bolt.riv (159599 bytes, 547ms, 0 errors, 0 warnings)
[09:45:23.120] rive  data: mood = 5
[09:45:23.120] rive  showing Stage2 [4/5]
[09:45:23.120] rive  viewport 240x240 @1x
[09:45:23.128] rive  wrote /Users/ibrar/Desktop/infinora.noworkspace/nestling-pip-v2/design/animations/rive/bolt/frames/s2_proud_0.png
[09:45:23.193] rive  compiling 6 markup files as one document: pipstage.rml, shared.rml, stage1.rml, stage2.rml, stage3.rml, stage4.rml
[09:45:23.727] rive  built /Users/ibrar/Desktop/infinora.noworkspace/nestling-pip-v2/tools/rive/bolt/build/pip_bolt.riv (159599 bytes, 537ms, 0 errors, 0 warnings)
[09:45:23.729] rive  data: mood = 5
[09:45:23.729] rive  showing Stage2 [4/5]
[09:45:23.729] rive  viewport 240x240 @1x
[09:45:23.736] rive  wrote /Users/ibrar/Desktop/infinora.noworkspace/nestling-pip-v2/design/animations/rive/bolt/frames/s2_proud_1.png
[09:45:23.804] rive  compiling 6 markup files as one document: pipstage.rml, shared.rml, stage1.rml, stage2.rml, stage3.rml, stage4.rml
[09:45:24.340] rive  built /Users/ibrar/Desktop/infinora.noworkspace/nestling-pip-v2/tools/rive/bolt/build/pip_bolt.riv (159599 bytes, 540ms, 0 errors, 0 warnings)
[09:45:24.342] rive  data: mood = 5
[09:45:24.342] rive  showing Stage2 [4/5]
[09:45:24.343] rive  viewport 240x240 @1x
[09:45:24.350] rive  wrote /Users/ibrar/Desktop/infinora.noworkspace/nestling-pip-v2/design/animations/rive/bolt/frames/s2_proud_2.png
[09:45:24.417] rive  compiling 6 markup files as one document: pipstage.rml, shared.rml, stage1.rml, stage2.rml, stage3.rml, stage4.rml
[09:45:24.961] rive  built /Users/ibrar/Desktop/infinora.noworkspace/nestling-pip-v2/tools/rive/bolt/build/pip_bolt.riv (159599 bytes, 547ms, 0 errors, 0 warnings)
[09:45:24.963] rive  data: mood = 5
[09:45:24.963] rive  showing Stage2 [4/5]
[09:45:24.963] rive  viewport 240x240 @1x
[09:45:24.970] rive  wrote /Users/ibrar/Desktop/infinora.noworkspace/nestling-pip-v2/design/animations/rive/bolt/frames/s2_proud_3.png
[09:45:25.044] rive  compiling 6 markup files as one document: pipstage.rml, shared.rml, stage1.rml, stage2.rml, stage3.rml, stage4.rml
[09:45:25.581] rive  built /Users/ibrar/Desktop/infinora.noworkspace/nestling-pip-v2/tools/rive/bolt/build/pip_bolt.riv (159599 bytes, 541ms, 0 errors, 0 warnings)
[09:45:25.583] rive  data: mood = 5
[09:45:25.583] rive  showing Stage2 [4/5]
[09:45:25.583] rive  viewport 240x240 @1x
[09:45:25.590] rive  wrote /Users/ibrar/Desktop/infinora.noworkspace/nestling-pip-v2/design/animations/rive/bolt/frames/s2_proud_4.png
[09:45:25.657] rive  compiling 6 markup files as one document: pipstage.rml, shared.rml, stage1.rml, stage2.rml, stage3.rml, stage4.rml
[09:45:26.188] rive  built /Users/ibrar/Desktop/infinora.noworkspace/nestling-pip-v2/tools/rive/bolt/build/pip_bolt.riv (159599 bytes, 534ms, 0 errors, 0 warnings)
[09:45:26.190] rive  data: mood = 5
[09:45:26.190] rive  showing Stage2 [4/5]
[09:45:26.190] rive  viewport 240x240 @1x
[09:45:26.198] rive  wrote /Users/ibrar/Desktop/infinora.noworkspace/nestling-pip-v2/design/animations/rive/bolt/frames/s2_proud_5.png
[09:45:26.264] rive  compiling 6 markup files as one document: pipstage.rml, shared.rml, stage1.rml, stage2.rml, stage3.rml, stage4.rml
[09:45:26.809] rive  built /Users/ibrar/Desktop/infinora.noworkspace/nestling-pip-v2/tools/rive/bolt/build/pip_bolt.riv (159599 bytes, 548ms, 0 errors, 0 warnings)
[09:45:26.811] rive  data: mood = 5
[09:45:26.811] rive  showing Stage2 [4/5]
[09:45:26.811] rive  viewport 240x240 @1x
[09:45:26.819] rive  wrote /Users/ibrar/Desktop/infinora.noworkspace/nestling-pip-v2/design/animations/rive/bolt/frames/s2_proud_6.png
[09:45:26.884] rive  compiling 6 markup files as one document: pipstage.rml, shared.rml, stage1.rml, stage2.rml, stage3.rml, stage4.rml
[09:45:27.415] rive  built /Users/ibrar/Desktop/infinora.noworkspace/nestling-pip-v2/tools/rive/bolt/build/pip_bolt.riv (159599 bytes, 535ms, 0 errors, 0 warnings)
[09:45:27.418] rive  data: evolve = 1
[09:45:27.418] rive  showing Stage2 [4/5]
[09:45:27.418] rive  viewport 240x240 @1x
[09:45:27.426] rive  wrote /Users/ibrar/Desktop/infinora.noworkspace/nestling-pip-v2/design/animations/rive/bolt/frames/s2_evolve_0.png
[09:45:27.493] rive  compiling 6 markup files as one document: pipstage.rml, shared.rml, stage1.rml, stage2.rml, stage3.rml, stage4.rml
[09:45:28.034] rive  built /Users/ibrar/Desktop/infinora.noworkspace/nestling-pip-v2/tools/rive/bolt/build/pip_bolt.riv (159599 bytes, 544ms, 0 errors, 0 warnings)
[09:45:28.037] rive  data: evolve = 1
[09:45:28.037] rive  showing Stage2 [4/5]
[09:45:28.037] rive  viewport 240x240 @1x
[09:45:28.044] rive  wrote /Users/ibrar/Desktop/infinora.noworkspace/nestling-pip-v2/design/animations/rive/bolt/frames/s2_evolve_1.png
[09:45:28.111] rive  compiling 6 markup files as one document: pipstage.rml, shared.rml, stage1.rml, stage2.rml, stage3.rml, stage4.rml
[09:45:28.651] rive  built /Users/ibrar/Desktop/infinora.noworkspace/nestling-pip-v2/tools/rive/bolt/build/pip_bolt.riv (159599 bytes, 543ms, 0 errors, 0 warnings)
[09:45:28.653] rive  data: evolve = 1
[09:45:28.653] rive  showing Stage2 [4/5]
[09:45:28.653] rive  viewport 240x240 @1x
[09:45:28.661] rive  wrote /Users/ibrar/Desktop/infinora.noworkspace/nestling-pip-v2/design/animations/rive/bolt/frames/s2_evolve_2.png
[09:45:28.729] rive  compiling 6 markup files as one document: pipstage.rml, shared.rml, stage1.rml, stage2.rml, stage3.rml, stage4.rml
[09:45:29.273] rive  built /Users/ibrar/Desktop/infinora.noworkspace/nestling-pip-v2/tools/rive/bolt/build/pip_bolt.riv (159599 bytes, 548ms, 0 errors, 0 warnings)
[09:45:29.275] rive  data: evolve = 1
[09:45:29.276] rive  showing Stage2 [4/5]
[09:45:29.276] rive  viewport 240x240 @1x
[09:45:29.284] rive  wrote /Users/ibrar/Desktop/infinora.noworkspace/nestling-pip-v2/design/animations/rive/bolt/frames/s2_evolve_3.png
[09:45:29.352] rive  compiling 6 markup files as one document: pipstage.rml, shared.rml, stage1.rml, stage2.rml, stage3.rml, stage4.rml
[09:45:29.873] rive  built /Users/ibrar/Desktop/infinora.noworkspace/nestling-pip-v2/tools/rive/bolt/build/pip_bolt.riv (159599 bytes, 525ms, 0 errors, 0 warnings)
[09:45:29.875] rive  data: evolve = 1
[09:45:29.875] rive  showing Stage2 [4/5]
[09:45:29.876] rive  viewport 240x240 @1x
[09:45:29.884] rive  wrote /Users/ibrar/Desktop/infinora.noworkspace/nestling-pip-v2/design/animations/rive/bolt/frames/s2_evolve_4.png
[09:45:29.952] rive  compiling 6 markup files as one document: pipstage.rml, shared.rml, stage1.rml, stage2.rml, stage3.rml, stage4.rml
[09:45:30.464] rive  built /Users/ibrar/Desktop/infinora.noworkspace/nestling-pip-v2/tools/rive/bolt/build/pip_bolt.riv (159599 bytes, 516ms, 0 errors, 0 warnings)
[09:45:30.467] rive  data: evolve = 1
[09:45:30.467] rive  showing Stage2 [4/5]
[09:45:30.467] rive  viewport 240x240 @1x
[09:45:30.474] rive  wrote /Users/ibrar/Desktop/infinora.noworkspace/nestling-pip-v2/design/animations/rive/bolt/frames/s2_evolve_5.png
[09:45:30.547] rive  compiling 6 markup files as one document: pipstage.rml, shared.rml, stage1.rml, stage2.rml, stage3.rml, stage4.rml
[09:45:31.066] rive  built /Users/ibrar/Desktop/infinora.noworkspace/nestling-pip-v2/tools/rive/bolt/build/pip_bolt.riv (159599 bytes, 524ms, 0 errors, 0 warnings)
[09:45:31.068] rive  data: evolve = 1
[09:45:31.068] rive  showing Stage2 [4/5]
[09:45:31.068] rive  viewport 240x240 @1x
[09:45:31.076] rive  wrote /Users/ibrar/Desktop/infinora.noworkspace/nestling-pip-v2/design/animations/rive/bolt/frames/s2_evolve_6.png
[09:45:31.142] rive  compiling 6 markup files as one document: pipstage.rml, shared.rml, stage1.rml, stage2.rml, stage3.rml, stage4.rml
[09:45:31.658] rive  built /Users/ibrar/Desktop/infinora.noworkspace/nestling-pip-v2/tools/rive/bolt/build/pip_bolt.riv (159599 bytes, 519ms, 0 errors, 0 warnings)
[09:45:31.660] rive  data: mood = 0
[09:45:31.660] rive  showing Stage3 [1/5]
[09:45:31.660] rive  viewport 240x240 @1x
[09:45:31.668] rive  wrote /Users/ibrar/Desktop/infinora.noworkspace/nestling-pip-v2/design/animations/rive/bolt/frames/s3_idle_0.png
[09:45:31.735] rive  compiling 6 markup files as one document: pipstage.rml, shared.rml, stage1.rml, stage2.rml, stage3.rml, stage4.rml
[09:45:32.255] rive  built /Users/ibrar/Desktop/infinora.noworkspace/nestling-pip-v2/tools/rive/bolt/build/pip_bolt.riv (159599 bytes, 523ms, 0 errors, 0 warnings)
[09:45:32.257] rive  data: mood = 0
[09:45:32.257] rive  showing Stage3 [1/5]
[09:45:32.257] rive  viewport 240x240 @1x
[09:45:32.265] rive  wrote /Users/ibrar/Desktop/infinora.noworkspace/nestling-pip-v2/design/animations/rive/bolt/frames/s3_idle_1.png
[09:45:32.333] rive  compiling 6 markup files as one document: pipstage.rml, shared.rml, stage1.rml, stage2.rml, stage3.rml, stage4.rml
[09:45:32.853] rive  built /Users/ibrar/Desktop/infinora.noworkspace/nestling-pip-v2/tools/rive/bolt/build/pip_bolt.riv (159599 bytes, 524ms, 0 errors, 0 warnings)
[09:45:32.855] rive  data: mood = 0
[09:45:32.856] rive  showing Stage3 [1/5]
[09:45:32.856] rive  viewport 240x240 @1x
[09:45:32.864] rive  wrote /Users/ibrar/Desktop/infinora.noworkspace/nestling-pip-v2/design/animations/rive/bolt/frames/s3_idle_2.png
[09:45:32.928] rive  compiling 6 markup files as one document: pipstage.rml, shared.rml, stage1.rml, stage2.rml, stage3.rml, stage4.rml
[09:45:33.446] rive  built /Users/ibrar/Desktop/infinora.noworkspace/nestling-pip-v2/tools/rive/bolt/build/pip_bolt.riv (159599 bytes, 521ms, 0 errors, 0 warnings)
[09:45:33.448] rive  data: mood = 0
[09:45:33.448] rive  showing Stage3 [1/5]
[09:45:33.448] rive  viewport 240x240 @1x
[09:45:33.457] rive  wrote /Users/ibrar/Desktop/infinora.noworkspace/nestling-pip-v2/design/animations/rive/bolt/frames/s3_idle_3.png
[09:45:33.528] rive  compiling 6 markup files as one document: pipstage.rml, shared.rml, stage1.rml, stage2.rml, stage3.rml, stage4.rml
[09:45:34.043] rive  built /Users/ibrar/Desktop/infinora.noworkspace/nestling-pip-v2/tools/rive/bolt/build/pip_bolt.riv (159599 bytes, 519ms, 0 errors, 0 warnings)
[09:45:34.046] rive  data: mood = 0
[09:45:34.046] rive  showing Stage3 [1/5]
[09:45:34.046] rive  viewport 240x240 @1x
[09:45:34.055] rive  wrote /Users/ibrar/Desktop/infinora.noworkspace/nestling-pip-v2/design/animations/rive/bolt/frames/s3_idle_4.png
[09:45:34.122] rive  compiling 6 markup files as one document: pipstage.rml, shared.rml, stage1.rml, stage2.rml, stage3.rml, stage4.rml
[09:45:34.643] rive  built /Users/ibrar/Desktop/infinora.noworkspace/nestling-pip-v2/tools/rive/bolt/build/pip_bolt.riv (159599 bytes, 525ms, 0 errors, 0 warnings)
[09:45:34.645] rive  data: mood = 0
[09:45:34.645] rive  showing Stage3 [1/5]
[09:45:34.646] rive  viewport 240x240 @1x
[09:45:34.654] rive  wrote /Users/ibrar/Desktop/infinora.noworkspace/nestling-pip-v2/design/animations/rive/bolt/frames/s3_idle_5.png
[09:45:34.723] rive  compiling 6 markup files as one document: pipstage.rml, shared.rml, stage1.rml, stage2.rml, stage3.rml, stage4.rml
[09:45:35.240] rive  built /Users/ibrar/Desktop/infinora.noworkspace/nestling-pip-v2/tools/rive/bolt/build/pip_bolt.riv (159599 bytes, 520ms, 0 errors, 0 warnings)
[09:45:35.242] rive  data: mood = 0
[09:45:35.242] rive  showing Stage3 [1/5]
[09:45:35.243] rive  viewport 240x240 @1x
[09:45:35.251] rive  wrote /Users/ibrar/Desktop/infinora.noworkspace/nestling-pip-v2/design/animations/rive/bolt/frames/s3_idle_6.png
[09:45:35.320] rive  compiling 6 markup files as one document: pipstage.rml, shared.rml, stage1.rml, stage2.rml, stage3.rml, stage4.rml
[09:45:35.843] rive  built /Users/ibrar/Desktop/infinora.noworkspace/nestling-pip-v2/tools/rive/bolt/build/pip_bolt.riv (159599 bytes, 527ms, 0 errors, 0 warnings)
[09:45:35.845] rive  data: mood = 1
[09:45:35.845] rive  showing Stage3 [1/5]
[09:45:35.845] rive  viewport 240x240 @1x
[09:45:35.853] rive  wrote /Users/ibrar/Desktop/infinora.noworkspace/nestling-pip-v2/design/animations/rive/bolt/frames/s3_happy_0.png
[09:45:35.921] rive  compiling 6 markup files as one document: pipstage.rml, shared.rml, stage1.rml, stage2.rml, stage3.rml, stage4.rml
[09:45:36.460] rive  built /Users/ibrar/Desktop/infinora.noworkspace/nestling-pip-v2/tools/rive/bolt/build/pip_bolt.riv (159599 bytes, 543ms, 0 errors, 0 warnings)
[09:45:36.462] rive  data: mood = 1
[09:45:36.462] rive  showing Stage3 [1/5]
[09:45:36.462] rive  viewport 240x240 @1x
[09:45:36.470] rive  wrote /Users/ibrar/Desktop/infinora.noworkspace/nestling-pip-v2/design/animations/rive/bolt/frames/s3_happy_1.png
[09:45:36.536] rive  compiling 6 markup files as one document: pipstage.rml, shared.rml, stage1.rml, stage2.rml, stage3.rml, stage4.rml
[09:45:37.074] rive  built /Users/ibrar/Desktop/infinora.noworkspace/nestling-pip-v2/tools/rive/bolt/build/pip_bolt.riv (159599 bytes, 541ms, 0 errors, 0 warnings)
[09:45:37.076] rive  data: mood = 1
[09:45:37.076] rive  showing Stage3 [1/5]
[09:45:37.077] rive  viewport 240x240 @1x
[09:45:37.084] rive  wrote /Users/ibrar/Desktop/infinora.noworkspace/nestling-pip-v2/design/animations/rive/bolt/frames/s3_happy_2.png
[09:45:37.153] rive  compiling 6 markup files as one document: pipstage.rml, shared.rml, stage1.rml, stage2.rml, stage3.rml, stage4.rml
[09:45:37.687] rive  built /Users/ibrar/Desktop/infinora.noworkspace/nestling-pip-v2/tools/rive/bolt/build/pip_bolt.riv (159599 bytes, 538ms, 0 errors, 0 warnings)
[09:45:37.689] rive  data: mood = 1
[09:45:37.689] rive  showing Stage3 [1/5]
[09:45:37.689] rive  viewport 240x240 @1x
[09:45:37.696] rive  wrote /Users/ibrar/Desktop/infinora.noworkspace/nestling-pip-v2/design/animations/rive/bolt/frames/s3_happy_3.png
[09:45:37.764] rive  compiling 6 markup files as one document: pipstage.rml, shared.rml, stage1.rml, stage2.rml, stage3.rml, stage4.rml
[09:45:38.311] rive  built /Users/ibrar/Desktop/infinora.noworkspace/nestling-pip-v2/tools/rive/bolt/build/pip_bolt.riv (159599 bytes, 551ms, 0 errors, 0 warnings)
[09:45:38.313] rive  data: mood = 1
[09:45:38.313] rive  showing Stage3 [1/5]
[09:45:38.313] rive  viewport 240x240 @1x
[09:45:38.321] rive  wrote /Users/ibrar/Desktop/infinora.noworkspace/nestling-pip-v2/design/animations/rive/bolt/frames/s3_happy_4.png
[09:45:38.388] rive  compiling 6 markup files as one document: pipstage.rml, shared.rml, stage1.rml, stage2.rml, stage3.rml, stage4.rml
[09:45:38.926] rive  built /Users/ibrar/Desktop/infinora.noworkspace/nestling-pip-v2/tools/rive/bolt/build/pip_bolt.riv (159599 bytes, 541ms, 0 errors, 0 warnings)
[09:45:38.928] rive  data: mood = 1
[09:45:38.929] rive  showing Stage3 [1/5]
[09:45:38.930] rive  viewport 240x240 @1x
[09:45:38.937] rive  wrote /Users/ibrar/Desktop/infinora.noworkspace/nestling-pip-v2/design/animations/rive/bolt/frames/s3_happy_5.png
[09:45:39.009] rive  compiling 6 markup files as one document: pipstage.rml, shared.rml, stage1.rml, stage2.rml, stage3.rml, stage4.rml
[09:45:39.531] rive  built /Users/ibrar/Desktop/infinora.noworkspace/nestling-pip-v2/tools/rive/bolt/build/pip_bolt.riv (159599 bytes, 526ms, 0 errors, 0 warnings)
[09:45:39.533] rive  data: mood = 1
[09:45:39.533] rive  showing Stage3 [1/5]
[09:45:39.534] rive  viewport 240x240 @1x
[09:45:39.541] rive  wrote /Users/ibrar/Desktop/infinora.noworkspace/nestling-pip-v2/design/animations/rive/bolt/frames/s3_happy_6.png
[09:45:39.609] rive  compiling 6 markup files as one document: pipstage.rml, shared.rml, stage1.rml, stage2.rml, stage3.rml, stage4.rml
[09:45:40.132] rive  built /Users/ibrar/Desktop/infinora.noworkspace/nestling-pip-v2/tools/rive/bolt/build/pip_bolt.riv (159599 bytes, 527ms, 0 errors, 0 warnings)
[09:45:40.135] rive  data: mood = 2
[09:45:40.135] rive  showing Stage3 [1/5]
[09:45:40.135] rive  viewport 240x240 @1x
[09:45:40.142] rive  wrote /Users/ibrar/Desktop/infinora.noworkspace/nestling-pip-v2/design/animations/rive/bolt/frames/s3_eating_0.png
[09:45:40.210] rive  compiling 6 markup files as one document: pipstage.rml, shared.rml, stage1.rml, stage2.rml, stage3.rml, stage4.rml
[09:45:40.751] rive  built /Users/ibrar/Desktop/infinora.noworkspace/nestling-pip-v2/tools/rive/bolt/build/pip_bolt.riv (159599 bytes, 544ms, 0 errors, 0 warnings)
[09:45:40.753] rive  data: mood = 2
[09:45:40.753] rive  showing Stage3 [1/5]
[09:45:40.753] rive  viewport 240x240 @1x
[09:45:40.761] rive  wrote /Users/ibrar/Desktop/infinora.noworkspace/nestling-pip-v2/design/animations/rive/bolt/frames/s3_eating_1.png
[09:45:40.828] rive  compiling 6 markup files as one document: pipstage.rml, shared.rml, stage1.rml, stage2.rml, stage3.rml, stage4.rml
[09:45:41.351] rive  built /Users/ibrar/Desktop/infinora.noworkspace/nestling-pip-v2/tools/rive/bolt/build/pip_bolt.riv (159599 bytes, 527ms, 0 errors, 0 warnings)
[09:45:41.354] rive  data: mood = 2
[09:45:41.354] rive  showing Stage3 [1/5]
[09:45:41.354] rive  viewport 240x240 @1x
[09:45:41.362] rive  wrote /Users/ibrar/Desktop/infinora.noworkspace/nestling-pip-v2/design/animations/rive/bolt/frames/s3_eating_2.png
[09:45:41.429] rive  compiling 6 markup files as one document: pipstage.rml, shared.rml, stage1.rml, stage2.rml, stage3.rml, stage4.rml
[09:45:41.967] rive  built /Users/ibrar/Desktop/infinora.noworkspace/nestling-pip-v2/tools/rive/bolt/build/pip_bolt.riv (159599 bytes, 542ms, 0 errors, 0 warnings)
[09:45:41.969] rive  data: mood = 2
[09:45:41.969] rive  showing Stage3 [1/5]
[09:45:41.969] rive  viewport 240x240 @1x
[09:45:41.977] rive  wrote /Users/ibrar/Desktop/infinora.noworkspace/nestling-pip-v2/design/animations/rive/bolt/frames/s3_eating_3.png
[09:45:42.044] rive  compiling 6 markup files as one document: pipstage.rml, shared.rml, stage1.rml, stage2.rml, stage3.rml, stage4.rml
[09:45:42.593] rive  built /Users/ibrar/Desktop/infinora.noworkspace/nestling-pip-v2/tools/rive/bolt/build/pip_bolt.riv (159599 bytes, 552ms, 0 errors, 0 warnings)
[09:45:42.595] rive  data: mood = 2
[09:45:42.595] rive  showing Stage3 [1/5]
[09:45:42.595] rive  viewport 240x240 @1x
[09:45:42.603] rive  wrote /Users/ibrar/Desktop/infinora.noworkspace/nestling-pip-v2/design/animations/rive/bolt/frames/s3_eating_4.png
[09:45:42.670] rive  compiling 6 markup files as one document: pipstage.rml, shared.rml, stage1.rml, stage2.rml, stage3.rml, stage4.rml
[09:45:43.211] rive  built /Users/ibrar/Desktop/infinora.noworkspace/nestling-pip-v2/tools/rive/bolt/build/pip_bolt.riv (159599 bytes, 545ms, 0 errors, 0 warnings)
[09:45:43.213] rive  data: mood = 2
[09:45:43.213] rive  showing Stage3 [1/5]
[09:45:43.213] rive  viewport 240x240 @1x
[09:45:43.221] rive  wrote /Users/ibrar/Desktop/infinora.noworkspace/nestling-pip-v2/design/animations/rive/bolt/frames/s3_eating_5.png
[09:45:43.286] rive  compiling 6 markup files as one document: pipstage.rml, shared.rml, stage1.rml, stage2.rml, stage3.rml, stage4.rml
[09:45:43.811] rive  built /Users/ibrar/Desktop/infinora.noworkspace/nestling-pip-v2/tools/rive/bolt/build/pip_bolt.riv (159599 bytes, 528ms, 0 errors, 0 warnings)
[09:45:43.813] rive  data: mood = 2
[09:45:43.813] rive  showing Stage3 [1/5]
[09:45:43.813] rive  viewport 240x240 @1x
[09:45:43.821] rive  wrote /Users/ibrar/Desktop/infinora.noworkspace/nestling-pip-v2/design/animations/rive/bolt/frames/s3_eating_6.png
[09:45:43.887] rive  compiling 6 markup files as one document: pipstage.rml, shared.rml, stage1.rml, stage2.rml, stage3.rml, stage4.rml
[09:45:44.419] rive  built /Users/ibrar/Desktop/infinora.noworkspace/nestling-pip-v2/tools/rive/bolt/build/pip_bolt.riv (159599 bytes, 535ms, 0 errors, 0 warnings)
[09:45:44.421] rive  data: mood = 3
[09:45:44.421] rive  showing Stage3 [1/5]
[09:45:44.421] rive  viewport 240x240 @1x
[09:45:44.428] rive  wrote /Users/ibrar/Desktop/infinora.noworkspace/nestling-pip-v2/design/animations/rive/bolt/frames/s3_sleepy_0.png
[09:45:44.496] rive  compiling 6 markup files as one document: pipstage.rml, shared.rml, stage1.rml, stage2.rml, stage3.rml, stage4.rml
[09:45:45.029] rive  built /Users/ibrar/Desktop/infinora.noworkspace/nestling-pip-v2/tools/rive/bolt/build/pip_bolt.riv (159599 bytes, 537ms, 0 errors, 0 warnings)
[09:45:45.031] rive  data: mood = 3
[09:45:45.031] rive  showing Stage3 [1/5]
[09:45:45.031] rive  viewport 240x240 @1x
[09:45:45.038] rive  wrote /Users/ibrar/Desktop/infinora.noworkspace/nestling-pip-v2/design/animations/rive/bolt/frames/s3_sleepy_1.png
[09:45:45.108] rive  compiling 6 markup files as one document: pipstage.rml, shared.rml, stage1.rml, stage2.rml, stage3.rml, stage4.rml
[09:45:45.631] rive  built /Users/ibrar/Desktop/infinora.noworkspace/nestling-pip-v2/tools/rive/bolt/build/pip_bolt.riv (159599 bytes, 527ms, 0 errors, 0 warnings)
[09:45:45.633] rive  data: mood = 3
[09:45:45.633] rive  showing Stage3 [1/5]
[09:45:45.634] rive  viewport 240x240 @1x
[09:45:45.642] rive  wrote /Users/ibrar/Desktop/infinora.noworkspace/nestling-pip-v2/design/animations/rive/bolt/frames/s3_sleepy_2.png
[09:45:45.709] rive  compiling 6 markup files as one document: pipstage.rml, shared.rml, stage1.rml, stage2.rml, stage3.rml, stage4.rml
[09:45:46.230] rive  built /Users/ibrar/Desktop/infinora.noworkspace/nestling-pip-v2/tools/rive/bolt/build/pip_bolt.riv (159599 bytes, 524ms, 0 errors, 0 warnings)
[09:45:46.232] rive  data: mood = 3
[09:45:46.232] rive  showing Stage3 [1/5]
[09:45:46.232] rive  viewport 240x240 @1x
[09:45:46.240] rive  wrote /Users/ibrar/Desktop/infinora.noworkspace/nestling-pip-v2/design/animations/rive/bolt/frames/s3_sleepy_3.png
[09:45:46.309] rive  compiling 6 markup files as one document: pipstage.rml, shared.rml, stage1.rml, stage2.rml, stage3.rml, stage4.rml
[09:45:46.821] rive  built /Users/ibrar/Desktop/infinora.noworkspace/nestling-pip-v2/tools/rive/bolt/build/pip_bolt.riv (159599 bytes, 516ms, 0 errors, 0 warnings)
[09:45:46.824] rive  data: mood = 3
[09:45:46.824] rive  showing Stage3 [1/5]
[09:45:46.824] rive  viewport 240x240 @1x
[09:45:46.832] rive  wrote /Users/ibrar/Desktop/infinora.noworkspace/nestling-pip-v2/design/animations/rive/bolt/frames/s3_sleepy_4.png
[09:45:46.897] rive  compiling 6 markup files as one document: pipstage.rml, shared.rml, stage1.rml, stage2.rml, stage3.rml, stage4.rml
[09:45:47.413] rive  built /Users/ibrar/Desktop/infinora.noworkspace/nestling-pip-v2/tools/rive/bolt/build/pip_bolt.riv (159599 bytes, 520ms, 0 errors, 0 warnings)
[09:45:47.415] rive  data: mood = 3
[09:45:47.415] rive  showing Stage3 [1/5]
[09:45:47.416] rive  viewport 240x240 @1x
[09:45:47.424] rive  wrote /Users/ibrar/Desktop/infinora.noworkspace/nestling-pip-v2/design/animations/rive/bolt/frames/s3_sleepy_5.png
[09:45:47.492] rive  compiling 6 markup files as one document: pipstage.rml, shared.rml, stage1.rml, stage2.rml, stage3.rml, stage4.rml
[09:45:48.007] rive  built /Users/ibrar/Desktop/infinora.noworkspace/nestling-pip-v2/tools/rive/bolt/build/pip_bolt.riv (159599 bytes, 518ms, 0 errors, 0 warnings)
[09:45:48.009] rive  data: mood = 3
[09:45:48.009] rive  showing Stage3 [1/5]
[09:45:48.010] rive  viewport 240x240 @1x
[09:45:48.018] rive  wrote /Users/ibrar/Desktop/infinora.noworkspace/nestling-pip-v2/design/animations/rive/bolt/frames/s3_sleepy_6.png
[09:45:48.084] rive  compiling 6 markup files as one document: pipstage.rml, shared.rml, stage1.rml, stage2.rml, stage3.rml, stage4.rml
[09:45:48.602] rive  built /Users/ibrar/Desktop/infinora.noworkspace/nestling-pip-v2/tools/rive/bolt/build/pip_bolt.riv (159599 bytes, 522ms, 0 errors, 0 warnings)
[09:45:48.605] rive  data: mood = 4
[09:45:48.605] rive  showing Stage3 [1/5]
[09:45:48.605] rive  viewport 240x240 @1x
[09:45:48.612] rive  wrote /Users/ibrar/Desktop/infinora.noworkspace/nestling-pip-v2/design/animations/rive/bolt/frames/s3_surprised_0.png
[09:45:48.689] rive  compiling 6 markup files as one document: pipstage.rml, shared.rml, stage1.rml, stage2.rml, stage3.rml, stage4.rml
[09:45:49.220] rive  built /Users/ibrar/Desktop/infinora.noworkspace/nestling-pip-v2/tools/rive/bolt/build/pip_bolt.riv (159599 bytes, 535ms, 0 errors, 0 warnings)
[09:45:49.222] rive  data: mood = 4
[09:45:49.222] rive  showing Stage3 [1/5]
[09:45:49.222] rive  viewport 240x240 @1x
[09:45:49.231] rive  wrote /Users/ibrar/Desktop/infinora.noworkspace/nestling-pip-v2/design/animations/rive/bolt/frames/s3_surprised_1.png
[09:45:49.299] rive  compiling 6 markup files as one document: pipstage.rml, shared.rml, stage1.rml, stage2.rml, stage3.rml, stage4.rml
[09:45:49.811] rive  built /Users/ibrar/Desktop/infinora.noworkspace/nestling-pip-v2/tools/rive/bolt/build/pip_bolt.riv (159599 bytes, 516ms, 0 errors, 0 warnings)
[09:45:49.813] rive  data: mood = 4
[09:45:49.813] rive  showing Stage3 [1/5]
[09:45:49.813] rive  viewport 240x240 @1x
[09:45:49.822] rive  wrote /Users/ibrar/Desktop/infinora.noworkspace/nestling-pip-v2/design/animations/rive/bolt/frames/s3_surprised_2.png
[09:45:49.889] rive  compiling 6 markup files as one document: pipstage.rml, shared.rml, stage1.rml, stage2.rml, stage3.rml, stage4.rml
[09:45:50.403] rive  built /Users/ibrar/Desktop/infinora.noworkspace/nestling-pip-v2/tools/rive/bolt/build/pip_bolt.riv (159599 bytes, 518ms, 0 errors, 0 warnings)
[09:45:50.405] rive  data: mood = 4
[09:45:50.405] rive  showing Stage3 [1/5]
[09:45:50.405] rive  viewport 240x240 @1x
[09:45:50.414] rive  wrote /Users/ibrar/Desktop/infinora.noworkspace/nestling-pip-v2/design/animations/rive/bolt/frames/s3_surprised_3.png
[09:45:50.485] rive  compiling 6 markup files as one document: pipstage.rml, shared.rml, stage1.rml, stage2.rml, stage3.rml, stage4.rml
[09:45:50.999] rive  built /Users/ibrar/Desktop/infinora.noworkspace/nestling-pip-v2/tools/rive/bolt/build/pip_bolt.riv (159599 bytes, 519ms, 0 errors, 0 warnings)
[09:45:51.001] rive  data: mood = 4
[09:45:51.001] rive  showing Stage3 [1/5]
[09:45:51.001] rive  viewport 240x240 @1x
[09:45:51.009] rive  wrote /Users/ibrar/Desktop/infinora.noworkspace/nestling-pip-v2/design/animations/rive/bolt/frames/s3_surprised_4.png
[09:45:51.077] rive  compiling 6 markup files as one document: pipstage.rml, shared.rml, stage1.rml, stage2.rml, stage3.rml, stage4.rml
[09:45:51.596] rive  built /Users/ibrar/Desktop/infinora.noworkspace/nestling-pip-v2/tools/rive/bolt/build/pip_bolt.riv (159599 bytes, 522ms, 0 errors, 0 warnings)
[09:45:51.598] rive  data: mood = 4
[09:45:51.598] rive  showing Stage3 [1/5]
[09:45:51.598] rive  viewport 240x240 @1x
[09:45:51.606] rive  wrote /Users/ibrar/Desktop/infinora.noworkspace/nestling-pip-v2/design/animations/rive/bolt/frames/s3_surprised_5.png
[09:45:51.682] rive  compiling 6 markup files as one document: pipstage.rml, shared.rml, stage1.rml, stage2.rml, stage3.rml, stage4.rml
[09:45:52.222] rive  built /Users/ibrar/Desktop/infinora.noworkspace/nestling-pip-v2/tools/rive/bolt/build/pip_bolt.riv (159599 bytes, 544ms, 0 errors, 0 warnings)
[09:45:52.224] rive  data: mood = 4
[09:45:52.224] rive  showing Stage3 [1/5]
[09:45:52.224] rive  viewport 240x240 @1x
[09:45:52.232] rive  wrote /Users/ibrar/Desktop/infinora.noworkspace/nestling-pip-v2/design/animations/rive/bolt/frames/s3_surprised_6.png
[09:45:52.298] rive  compiling 6 markup files as one document: pipstage.rml, shared.rml, stage1.rml, stage2.rml, stage3.rml, stage4.rml
[09:45:52.834] rive  built /Users/ibrar/Desktop/infinora.noworkspace/nestling-pip-v2/tools/rive/bolt/build/pip_bolt.riv (159599 bytes, 540ms, 0 errors, 0 warnings)
[09:45:52.836] rive  data: mood = 5
[09:45:52.836] rive  showing Stage3 [1/5]
[09:45:52.836] rive  viewport 240x240 @1x
[09:45:52.844] rive  wrote /Users/ibrar/Desktop/infinora.noworkspace/nestling-pip-v2/design/animations/rive/bolt/frames/s3_proud_0.png
[09:45:52.912] rive  compiling 6 markup files as one document: pipstage.rml, shared.rml, stage1.rml, stage2.rml, stage3.rml, stage4.rml
[09:45:53.443] rive  built /Users/ibrar/Desktop/infinora.noworkspace/nestling-pip-v2/tools/rive/bolt/build/pip_bolt.riv (159599 bytes, 535ms, 0 errors, 0 warnings)
[09:45:53.445] rive  data: mood = 5
[09:45:53.445] rive  showing Stage3 [1/5]
[09:45:53.446] rive  viewport 240x240 @1x
[09:45:53.453] rive  wrote /Users/ibrar/Desktop/infinora.noworkspace/nestling-pip-v2/design/animations/rive/bolt/frames/s3_proud_1.png
[09:45:53.520] rive  compiling 6 markup files as one document: pipstage.rml, shared.rml, stage1.rml, stage2.rml, stage3.rml, stage4.rml
[09:45:54.050] rive  built /Users/ibrar/Desktop/infinora.noworkspace/nestling-pip-v2/tools/rive/bolt/build/pip_bolt.riv (159599 bytes, 533ms, 0 errors, 0 warnings)
[09:45:54.052] rive  data: mood = 5
[09:45:54.052] rive  showing Stage3 [1/5]
[09:45:54.052] rive  viewport 240x240 @1x
[09:45:54.060] rive  wrote /Users/ibrar/Desktop/infinora.noworkspace/nestling-pip-v2/design/animations/rive/bolt/frames/s3_proud_2.png
[09:45:54.130] rive  compiling 6 markup files as one document: pipstage.rml, shared.rml, stage1.rml, stage2.rml, stage3.rml, stage4.rml
[09:45:54.680] rive  built /Users/ibrar/Desktop/infinora.noworkspace/nestling-pip-v2/tools/rive/bolt/build/pip_bolt.riv (159599 bytes, 554ms, 0 errors, 0 warnings)
[09:45:54.683] rive  data: mood = 5
[09:45:54.683] rive  showing Stage3 [1/5]
[09:45:54.683] rive  viewport 240x240 @1x
[09:45:54.691] rive  wrote /Users/ibrar/Desktop/infinora.noworkspace/nestling-pip-v2/design/animations/rive/bolt/frames/s3_proud_3.png
[09:45:54.760] rive  compiling 6 markup files as one document: pipstage.rml, shared.rml, stage1.rml, stage2.rml, stage3.rml, stage4.rml
[09:45:55.297] rive  built /Users/ibrar/Desktop/infinora.noworkspace/nestling-pip-v2/tools/rive/bolt/build/pip_bolt.riv (159599 bytes, 541ms, 0 errors, 0 warnings)
[09:45:55.300] rive  data: mood = 5
[09:45:55.300] rive  showing Stage3 [1/5]
[09:45:55.300] rive  viewport 240x240 @1x
[09:45:55.307] rive  wrote /Users/ibrar/Desktop/infinora.noworkspace/nestling-pip-v2/design/animations/rive/bolt/frames/s3_proud_4.png
[09:45:55.376] rive  compiling 6 markup files as one document: pipstage.rml, shared.rml, stage1.rml, stage2.rml, stage3.rml, stage4.rml
[09:45:55.920] rive  built /Users/ibrar/Desktop/infinora.noworkspace/nestling-pip-v2/tools/rive/bolt/build/pip_bolt.riv (159599 bytes, 547ms, 0 errors, 0 warnings)
[09:45:55.922] rive  data: mood = 5
[09:45:55.922] rive  showing Stage3 [1/5]
[09:45:55.922] rive  viewport 240x240 @1x
[09:45:55.929] rive  wrote /Users/ibrar/Desktop/infinora.noworkspace/nestling-pip-v2/design/animations/rive/bolt/frames/s3_proud_5.png
[09:45:55.996] rive  compiling 6 markup files as one document: pipstage.rml, shared.rml, stage1.rml, stage2.rml, stage3.rml, stage4.rml
[09:45:56.528] rive  built /Users/ibrar/Desktop/infinora.noworkspace/nestling-pip-v2/tools/rive/bolt/build/pip_bolt.riv (159599 bytes, 536ms, 0 errors, 0 warnings)
[09:45:56.530] rive  data: mood = 5
[09:45:56.531] rive  showing Stage3 [1/5]
[09:45:56.531] rive  viewport 240x240 @1x
[09:45:56.538] rive  wrote /Users/ibrar/Desktop/infinora.noworkspace/nestling-pip-v2/design/animations/rive/bolt/frames/s3_proud_6.png
[09:45:56.611] rive  compiling 6 markup files as one document: pipstage.rml, shared.rml, stage1.rml, stage2.rml, stage3.rml, stage4.rml
[09:45:57.155] rive  built /Users/ibrar/Desktop/infinora.noworkspace/nestling-pip-v2/tools/rive/bolt/build/pip_bolt.riv (159599 bytes, 548ms, 0 errors, 0 warnings)
[09:45:57.157] rive  data: evolve = 1
[09:45:57.157] rive  showing Stage3 [1/5]
[09:45:57.157] rive  viewport 240x240 @1x
[09:45:57.164] rive  wrote /Users/ibrar/Desktop/infinora.noworkspace/nestling-pip-v2/design/animations/rive/bolt/frames/s3_evolve_0.png
[09:45:57.231] rive  compiling 6 markup files as one document: pipstage.rml, shared.rml, stage1.rml, stage2.rml, stage3.rml, stage4.rml
[09:45:57.763] rive  built /Users/ibrar/Desktop/infinora.noworkspace/nestling-pip-v2/tools/rive/bolt/build/pip_bolt.riv (159599 bytes, 536ms, 0 errors, 0 warnings)
[09:45:57.765] rive  data: evolve = 1
[09:45:57.765] rive  showing Stage3 [1/5]
[09:45:57.766] rive  viewport 240x240 @1x
[09:45:57.773] rive  wrote /Users/ibrar/Desktop/infinora.noworkspace/nestling-pip-v2/design/animations/rive/bolt/frames/s3_evolve_1.png
[09:45:57.842] rive  compiling 6 markup files as one document: pipstage.rml, shared.rml, stage1.rml, stage2.rml, stage3.rml, stage4.rml
[09:45:58.377] rive  built /Users/ibrar/Desktop/infinora.noworkspace/nestling-pip-v2/tools/rive/bolt/build/pip_bolt.riv (159599 bytes, 538ms, 0 errors, 0 warnings)
[09:45:58.379] rive  data: evolve = 1
[09:45:58.379] rive  showing Stage3 [1/5]
[09:45:58.379] rive  viewport 240x240 @1x
[09:45:58.387] rive  wrote /Users/ibrar/Desktop/infinora.noworkspace/nestling-pip-v2/design/animations/rive/bolt/frames/s3_evolve_2.png
[09:45:58.452] rive  compiling 6 markup files as one document: pipstage.rml, shared.rml, stage1.rml, stage2.rml, stage3.rml, stage4.rml
[09:45:58.981] rive  built /Users/ibrar/Desktop/infinora.noworkspace/nestling-pip-v2/tools/rive/bolt/build/pip_bolt.riv (159599 bytes, 533ms, 0 errors, 0 warnings)
[09:45:58.983] rive  data: evolve = 1
[09:45:58.984] rive  showing Stage3 [1/5]
[09:45:58.984] rive  viewport 240x240 @1x
[09:45:58.992] rive  wrote /Users/ibrar/Desktop/infinora.noworkspace/nestling-pip-v2/design/animations/rive/bolt/frames/s3_evolve_3.png
[09:45:59.061] rive  compiling 6 markup files as one document: pipstage.rml, shared.rml, stage1.rml, stage2.rml, stage3.rml, stage4.rml
[09:45:59.593] rive  built /Users/ibrar/Desktop/infinora.noworkspace/nestling-pip-v2/tools/rive/bolt/build/pip_bolt.riv (159599 bytes, 535ms, 0 errors, 0 warnings)
[09:45:59.595] rive  data: evolve = 1
[09:45:59.595] rive  showing Stage3 [1/5]
[09:45:59.595] rive  viewport 240x240 @1x
[09:45:59.603] rive  wrote /Users/ibrar/Desktop/infinora.noworkspace/nestling-pip-v2/design/animations/rive/bolt/frames/s3_evolve_4.png
[09:45:59.676] rive  compiling 6 markup files as one document: pipstage.rml, shared.rml, stage1.rml, stage2.rml, stage3.rml, stage4.rml
[09:46:00.213] rive  built /Users/ibrar/Desktop/infinora.noworkspace/nestling-pip-v2/tools/rive/bolt/build/pip_bolt.riv (159599 bytes, 540ms, 0 errors, 0 warnings)
[09:46:00.215] rive  data: evolve = 1
[09:46:00.215] rive  showing Stage3 [1/5]
[09:46:00.215] rive  viewport 240x240 @1x
[09:46:00.223] rive  wrote /Users/ibrar/Desktop/infinora.noworkspace/nestling-pip-v2/design/animations/rive/bolt/frames/s3_evolve_5.png
[09:46:00.294] rive  compiling 6 markup files as one document: pipstage.rml, shared.rml, stage1.rml, stage2.rml, stage3.rml, stage4.rml
[09:46:00.836] rive  built /Users/ibrar/Desktop/infinora.noworkspace/nestling-pip-v2/tools/rive/bolt/build/pip_bolt.riv (159599 bytes, 545ms, 0 errors, 0 warnings)
[09:46:00.838] rive  data: evolve = 1
[09:46:00.838] rive  showing Stage3 [1/5]
[09:46:00.838] rive  viewport 240x240 @1x
[09:46:00.846] rive  wrote /Users/ibrar/Desktop/infinora.noworkspace/nestling-pip-v2/design/animations/rive/bolt/frames/s3_evolve_6.png
[09:46:00.918] rive  compiling 6 markup files as one document: pipstage.rml, shared.rml, stage1.rml, stage2.rml, stage3.rml, stage4.rml
[09:46:01.429] rive  built /Users/ibrar/Desktop/infinora.noworkspace/nestling-pip-v2/tools/rive/bolt/build/pip_bolt.riv (159599 bytes, 514ms, 0 errors, 0 warnings)
[09:46:01.431] rive  data: mood = 0
[09:46:01.431] rive  showing Stage4 [5/5]
[09:46:01.431] rive  viewport 240x240 @1x
[09:46:01.440] rive  wrote /Users/ibrar/Desktop/infinora.noworkspace/nestling-pip-v2/design/animations/rive/bolt/frames/s4_idle_0.png
[09:46:01.507] rive  compiling 6 markup files as one document: pipstage.rml, shared.rml, stage1.rml, stage2.rml, stage3.rml, stage4.rml
[09:46:02.031] rive  built /Users/ibrar/Desktop/infinora.noworkspace/nestling-pip-v2/tools/rive/bolt/build/pip_bolt.riv (159599 bytes, 527ms, 0 errors, 0 warnings)
[09:46:02.033] rive  data: mood = 0
[09:46:02.033] rive  showing Stage4 [5/5]
[09:46:02.033] rive  viewport 240x240 @1x
[09:46:02.041] rive  wrote /Users/ibrar/Desktop/infinora.noworkspace/nestling-pip-v2/design/animations/rive/bolt/frames/s4_idle_1.png
[09:46:02.111] rive  compiling 6 markup files as one document: pipstage.rml, shared.rml, stage1.rml, stage2.rml, stage3.rml, stage4.rml
[09:46:02.626] rive  built /Users/ibrar/Desktop/infinora.noworkspace/nestling-pip-v2/tools/rive/bolt/build/pip_bolt.riv (159599 bytes, 518ms, 0 errors, 0 warnings)
[09:46:02.628] rive  data: mood = 0
[09:46:02.628] rive  showing Stage4 [5/5]
[09:46:02.628] rive  viewport 240x240 @1x
[09:46:02.636] rive  wrote /Users/ibrar/Desktop/infinora.noworkspace/nestling-pip-v2/design/animations/rive/bolt/frames/s4_idle_2.png
[09:46:02.702] rive  compiling 6 markup files as one document: pipstage.rml, shared.rml, stage1.rml, stage2.rml, stage3.rml, stage4.rml
[09:46:03.213] rive  built /Users/ibrar/Desktop/infinora.noworkspace/nestling-pip-v2/tools/rive/bolt/build/pip_bolt.riv (159599 bytes, 514ms, 0 errors, 0 warnings)
[09:46:03.215] rive  data: mood = 0
[09:46:03.215] rive  showing Stage4 [5/5]
[09:46:03.216] rive  viewport 240x240 @1x
[09:46:03.223] rive  wrote /Users/ibrar/Desktop/infinora.noworkspace/nestling-pip-v2/design/animations/rive/bolt/frames/s4_idle_3.png
[09:46:03.290] rive  compiling 6 markup files as one document: pipstage.rml, shared.rml, stage1.rml, stage2.rml, stage3.rml, stage4.rml
[09:46:03.806] rive  built /Users/ibrar/Desktop/infinora.noworkspace/nestling-pip-v2/tools/rive/bolt/build/pip_bolt.riv (159599 bytes, 519ms, 0 errors, 0 warnings)
[09:46:03.808] rive  data: mood = 0
[09:46:03.808] rive  showing Stage4 [5/5]
[09:46:03.808] rive  viewport 240x240 @1x
[09:46:03.817] rive  wrote /Users/ibrar/Desktop/infinora.noworkspace/nestling-pip-v2/design/animations/rive/bolt/frames/s4_idle_4.png
[09:46:03.884] rive  compiling 6 markup files as one document: pipstage.rml, shared.rml, stage1.rml, stage2.rml, stage3.rml, stage4.rml
[09:46:04.412] rive  built /Users/ibrar/Desktop/infinora.noworkspace/nestling-pip-v2/tools/rive/bolt/build/pip_bolt.riv (159599 bytes, 531ms, 0 errors, 0 warnings)
[09:46:04.414] rive  data: mood = 0
[09:46:04.414] rive  showing Stage4 [5/5]
[09:46:04.414] rive  viewport 240x240 @1x
[09:46:04.422] rive  wrote /Users/ibrar/Desktop/infinora.noworkspace/nestling-pip-v2/design/animations/rive/bolt/frames/s4_idle_5.png
[09:46:04.492] rive  compiling 6 markup files as one document: pipstage.rml, shared.rml, stage1.rml, stage2.rml, stage3.rml, stage4.rml
[09:46:05.005] rive  built /Users/ibrar/Desktop/infinora.noworkspace/nestling-pip-v2/tools/rive/bolt/build/pip_bolt.riv (159599 bytes, 516ms, 0 errors, 0 warnings)
[09:46:05.007] rive  data: mood = 0
[09:46:05.007] rive  showing Stage4 [5/5]
[09:46:05.008] rive  viewport 240x240 @1x
[09:46:05.016] rive  wrote /Users/ibrar/Desktop/infinora.noworkspace/nestling-pip-v2/design/animations/rive/bolt/frames/s4_idle_6.png
[09:46:05.082] rive  compiling 6 markup files as one document: pipstage.rml, shared.rml, stage1.rml, stage2.rml, stage3.rml, stage4.rml
[09:46:05.592] rive  built /Users/ibrar/Desktop/infinora.noworkspace/nestling-pip-v2/tools/rive/bolt/build/pip_bolt.riv (159599 bytes, 513ms, 0 errors, 0 warnings)
[09:46:05.594] rive  data: mood = 1
[09:46:05.594] rive  showing Stage4 [5/5]
[09:46:05.594] rive  viewport 240x240 @1x
[09:46:05.602] rive  wrote /Users/ibrar/Desktop/infinora.noworkspace/nestling-pip-v2/design/animations/rive/bolt/frames/s4_happy_0.png
[09:46:05.669] rive  compiling 6 markup files as one document: pipstage.rml, shared.rml, stage1.rml, stage2.rml, stage3.rml, stage4.rml
[09:46:06.182] rive  built /Users/ibrar/Desktop/infinora.noworkspace/nestling-pip-v2/tools/rive/bolt/build/pip_bolt.riv (159599 bytes, 516ms, 0 errors, 0 warnings)
[09:46:06.184] rive  data: mood = 1
[09:46:06.184] rive  showing Stage4 [5/5]
[09:46:06.184] rive  viewport 240x240 @1x
[09:46:06.192] rive  wrote /Users/ibrar/Desktop/infinora.noworkspace/nestling-pip-v2/design/animations/rive/bolt/frames/s4_happy_1.png
[09:46:06.260] rive  compiling 6 markup files as one document: pipstage.rml, shared.rml, stage1.rml, stage2.rml, stage3.rml, stage4.rml
[09:46:06.779] rive  built /Users/ibrar/Desktop/infinora.noworkspace/nestling-pip-v2/tools/rive/bolt/build/pip_bolt.riv (159599 bytes, 522ms, 0 errors, 0 warnings)
[09:46:06.781] rive  data: mood = 1
[09:46:06.781] rive  showing Stage4 [5/5]
[09:46:06.781] rive  viewport 240x240 @1x
[09:46:06.789] rive  wrote /Users/ibrar/Desktop/infinora.noworkspace/nestling-pip-v2/design/animations/rive/bolt/frames/s4_happy_2.png
[09:46:06.858] rive  compiling 6 markup files as one document: pipstage.rml, shared.rml, stage1.rml, stage2.rml, stage3.rml, stage4.rml
[09:46:07.385] rive  built /Users/ibrar/Desktop/infinora.noworkspace/nestling-pip-v2/tools/rive/bolt/build/pip_bolt.riv (159599 bytes, 531ms, 0 errors, 0 warnings)
[09:46:07.387] rive  data: mood = 1
[09:46:07.387] rive  showing Stage4 [5/5]
[09:46:07.387] rive  viewport 240x240 @1x
[09:46:07.395] rive  wrote /Users/ibrar/Desktop/infinora.noworkspace/nestling-pip-v2/design/animations/rive/bolt/frames/s4_happy_3.png
[09:46:07.462] rive  compiling 6 markup files as one document: pipstage.rml, shared.rml, stage1.rml, stage2.rml, stage3.rml, stage4.rml
[09:46:07.975] rive  built /Users/ibrar/Desktop/infinora.noworkspace/nestling-pip-v2/tools/rive/bolt/build/pip_bolt.riv (159599 bytes, 516ms, 0 errors, 0 warnings)
[09:46:07.978] rive  data: mood = 1
[09:46:07.978] rive  showing Stage4 [5/5]
[09:46:07.978] rive  viewport 240x240 @1x
[09:46:07.986] rive  wrote /Users/ibrar/Desktop/infinora.noworkspace/nestling-pip-v2/design/animations/rive/bolt/frames/s4_happy_4.png
[09:46:08.058] rive  compiling 6 markup files as one document: pipstage.rml, shared.rml, stage1.rml, stage2.rml, stage3.rml, stage4.rml
[09:46:08.585] rive  built /Users/ibrar/Desktop/infinora.noworkspace/nestling-pip-v2/tools/rive/bolt/build/pip_bolt.riv (159599 bytes, 530ms, 0 errors, 0 warnings)
[09:46:08.587] rive  data: mood = 1
[09:46:08.587] rive  showing Stage4 [5/5]
[09:46:08.588] rive  viewport 240x240 @1x
[09:46:08.595] rive  wrote /Users/ibrar/Desktop/infinora.noworkspace/nestling-pip-v2/design/animations/rive/bolt/frames/s4_happy_5.png
[09:46:08.665] rive  compiling 6 markup files as one document: pipstage.rml, shared.rml, stage1.rml, stage2.rml, stage3.rml, stage4.rml
[09:46:09.200] rive  built /Users/ibrar/Desktop/infinora.noworkspace/nestling-pip-v2/tools/rive/bolt/build/pip_bolt.riv (159599 bytes, 540ms, 0 errors, 0 warnings)
[09:46:09.203] rive  data: mood = 1
[09:46:09.203] rive  showing Stage4 [5/5]
[09:46:09.203] rive  viewport 240x240 @1x
[09:46:09.211] rive  wrote /Users/ibrar/Desktop/infinora.noworkspace/nestling-pip-v2/design/animations/rive/bolt/frames/s4_happy_6.png
[09:46:09.281] rive  compiling 6 markup files as one document: pipstage.rml, shared.rml, stage1.rml, stage2.rml, stage3.rml, stage4.rml
[09:46:09.818] rive  built /Users/ibrar/Desktop/infinora.noworkspace/nestling-pip-v2/tools/rive/bolt/build/pip_bolt.riv (159599 bytes, 541ms, 0 errors, 0 warnings)
[09:46:09.820] rive  data: mood = 2
[09:46:09.820] rive  showing Stage4 [5/5]
[09:46:09.820] rive  viewport 240x240 @1x
[09:46:09.827] rive  wrote /Users/ibrar/Desktop/infinora.noworkspace/nestling-pip-v2/design/animations/rive/bolt/frames/s4_eating_0.png
[09:46:09.894] rive  compiling 6 markup files as one document: pipstage.rml, shared.rml, stage1.rml, stage2.rml, stage3.rml, stage4.rml
[09:46:10.438] rive  built /Users/ibrar/Desktop/infinora.noworkspace/nestling-pip-v2/tools/rive/bolt/build/pip_bolt.riv (159599 bytes, 547ms, 0 errors, 0 warnings)
[09:46:10.440] rive  data: mood = 2
[09:46:10.440] rive  showing Stage4 [5/5]
[09:46:10.440] rive  viewport 240x240 @1x
[09:46:10.448] rive  wrote /Users/ibrar/Desktop/infinora.noworkspace/nestling-pip-v2/design/animations/rive/bolt/frames/s4_eating_1.png
[09:46:10.514] rive  compiling 6 markup files as one document: pipstage.rml, shared.rml, stage1.rml, stage2.rml, stage3.rml, stage4.rml
[09:46:11.046] rive  built /Users/ibrar/Desktop/infinora.noworkspace/nestling-pip-v2/tools/rive/bolt/build/pip_bolt.riv (159599 bytes, 536ms, 0 errors, 0 warnings)
[09:46:11.049] rive  data: mood = 2
[09:46:11.049] rive  showing Stage4 [5/5]
[09:46:11.049] rive  viewport 240x240 @1x
[09:46:11.056] rive  wrote /Users/ibrar/Desktop/infinora.noworkspace/nestling-pip-v2/design/animations/rive/bolt/frames/s4_eating_2.png
[09:46:11.126] rive  compiling 6 markup files as one document: pipstage.rml, shared.rml, stage1.rml, stage2.rml, stage3.rml, stage4.rml
[09:46:11.662] rive  built /Users/ibrar/Desktop/infinora.noworkspace/nestling-pip-v2/tools/rive/bolt/build/pip_bolt.riv (159599 bytes, 540ms, 0 errors, 0 warnings)
[09:46:11.664] rive  data: mood = 2
[09:46:11.664] rive  showing Stage4 [5/5]
[09:46:11.665] rive  viewport 240x240 @1x
[09:46:11.673] rive  wrote /Users/ibrar/Desktop/infinora.noworkspace/nestling-pip-v2/design/animations/rive/bolt/frames/s4_eating_3.png
[09:46:11.739] rive  compiling 6 markup files as one document: pipstage.rml, shared.rml, stage1.rml, stage2.rml, stage3.rml, stage4.rml
[09:46:12.276] rive  built /Users/ibrar/Desktop/infinora.noworkspace/nestling-pip-v2/tools/rive/bolt/build/pip_bolt.riv (159599 bytes, 540ms, 0 errors, 0 warnings)
[09:46:12.278] rive  data: mood = 2
[09:46:12.278] rive  showing Stage4 [5/5]
[09:46:12.278] rive  viewport 240x240 @1x
[09:46:12.286] rive  wrote /Users/ibrar/Desktop/infinora.noworkspace/nestling-pip-v2/design/animations/rive/bolt/frames/s4_eating_4.png
[09:46:12.353] rive  compiling 6 markup files as one document: pipstage.rml, shared.rml, stage1.rml, stage2.rml, stage3.rml, stage4.rml
[09:46:12.889] rive  built /Users/ibrar/Desktop/infinora.noworkspace/nestling-pip-v2/tools/rive/bolt/build/pip_bolt.riv (159599 bytes, 540ms, 0 errors, 0 warnings)
[09:46:12.891] rive  data: mood = 2
[09:46:12.891] rive  showing Stage4 [5/5]
[09:46:12.892] rive  viewport 240x240 @1x
[09:46:12.899] rive  wrote /Users/ibrar/Desktop/infinora.noworkspace/nestling-pip-v2/design/animations/rive/bolt/frames/s4_eating_5.png
[09:46:12.968] rive  compiling 6 markup files as one document: pipstage.rml, shared.rml, stage1.rml, stage2.rml, stage3.rml, stage4.rml
[09:46:13.485] rive  built /Users/ibrar/Desktop/infinora.noworkspace/nestling-pip-v2/tools/rive/bolt/build/pip_bolt.riv (159599 bytes, 521ms, 0 errors, 0 warnings)
[09:46:13.487] rive  data: mood = 2
[09:46:13.487] rive  showing Stage4 [5/5]
[09:46:13.488] rive  viewport 240x240 @1x
[09:46:13.495] rive  wrote /Users/ibrar/Desktop/infinora.noworkspace/nestling-pip-v2/design/animations/rive/bolt/frames/s4_eating_6.png
[09:46:13.568] rive  compiling 6 markup files as one document: pipstage.rml, shared.rml, stage1.rml, stage2.rml, stage3.rml, stage4.rml
[09:46:14.085] rive  built /Users/ibrar/Desktop/infinora.noworkspace/nestling-pip-v2/tools/rive/bolt/build/pip_bolt.riv (159599 bytes, 521ms, 0 errors, 0 warnings)
[09:46:14.087] rive  data: mood = 3
[09:46:14.087] rive  showing Stage4 [5/5]
[09:46:14.087] rive  viewport 240x240 @1x
[09:46:14.095] rive  wrote /Users/ibrar/Desktop/infinora.noworkspace/nestling-pip-v2/design/animations/rive/bolt/frames/s4_sleepy_0.png
[09:46:14.164] rive  compiling 6 markup files as one document: pipstage.rml, shared.rml, stage1.rml, stage2.rml, stage3.rml, stage4.rml
[09:46:14.685] rive  built /Users/ibrar/Desktop/infinora.noworkspace/nestling-pip-v2/tools/rive/bolt/build/pip_bolt.riv (159599 bytes, 524ms, 0 errors, 0 warnings)
[09:46:14.687] rive  data: mood = 3
[09:46:14.687] rive  showing Stage4 [5/5]
[09:46:14.687] rive  viewport 240x240 @1x
[09:46:14.695] rive  wrote /Users/ibrar/Desktop/infinora.noworkspace/nestling-pip-v2/design/animations/rive/bolt/frames/s4_sleepy_1.png
[09:46:14.761] rive  compiling 6 markup files as one document: pipstage.rml, shared.rml, stage1.rml, stage2.rml, stage3.rml, stage4.rml
[09:46:15.284] rive  built /Users/ibrar/Desktop/infinora.noworkspace/nestling-pip-v2/tools/rive/bolt/build/pip_bolt.riv (159599 bytes, 526ms, 0 errors, 0 warnings)
[09:46:15.286] rive  data: mood = 3
[09:46:15.286] rive  showing Stage4 [5/5]
[09:46:15.287] rive  viewport 240x240 @1x
[09:46:15.294] rive  wrote /Users/ibrar/Desktop/infinora.noworkspace/nestling-pip-v2/design/animations/rive/bolt/frames/s4_sleepy_2.png
[09:46:15.368] rive  compiling 6 markup files as one document: pipstage.rml, shared.rml, stage1.rml, stage2.rml, stage3.rml, stage4.rml
[09:46:15.883] rive  built /Users/ibrar/Desktop/infinora.noworkspace/nestling-pip-v2/tools/rive/bolt/build/pip_bolt.riv (159599 bytes, 519ms, 0 errors, 0 warnings)
[09:46:15.885] rive  data: mood = 3
[09:46:15.885] rive  showing Stage4 [5/5]
[09:46:15.886] rive  viewport 240x240 @1x
[09:46:15.894] rive  wrote /Users/ibrar/Desktop/infinora.noworkspace/nestling-pip-v2/design/animations/rive/bolt/frames/s4_sleepy_3.png
[09:46:15.960] rive  compiling 6 markup files as one document: pipstage.rml, shared.rml, stage1.rml, stage2.rml, stage3.rml, stage4.rml
[09:46:16.479] rive  built /Users/ibrar/Desktop/infinora.noworkspace/nestling-pip-v2/tools/rive/bolt/build/pip_bolt.riv (159599 bytes, 523ms, 0 errors, 0 warnings)
[09:46:16.481] rive  data: mood = 3
[09:46:16.481] rive  showing Stage4 [5/5]
[09:46:16.482] rive  viewport 240x240 @1x
[09:46:16.490] rive  wrote /Users/ibrar/Desktop/infinora.noworkspace/nestling-pip-v2/design/animations/rive/bolt/frames/s4_sleepy_4.png
[09:46:16.559] rive  compiling 6 markup files as one document: pipstage.rml, shared.rml, stage1.rml, stage2.rml, stage3.rml, stage4.rml
[09:46:17.072] rive  built /Users/ibrar/Desktop/infinora.noworkspace/nestling-pip-v2/tools/rive/bolt/build/pip_bolt.riv (159599 bytes, 517ms, 0 errors, 0 warnings)
[09:46:17.074] rive  data: mood = 3
[09:46:17.075] rive  showing Stage4 [5/5]
[09:46:17.075] rive  viewport 240x240 @1x
[09:46:17.086] rive  wrote /Users/ibrar/Desktop/infinora.noworkspace/nestling-pip-v2/design/animations/rive/bolt/frames/s4_sleepy_5.png
[09:46:17.154] rive  compiling 6 markup files as one document: pipstage.rml, shared.rml, stage1.rml, stage2.rml, stage3.rml, stage4.rml
[09:46:17.663] rive  built /Users/ibrar/Desktop/infinora.noworkspace/nestling-pip-v2/tools/rive/bolt/build/pip_bolt.riv (159599 bytes, 512ms, 0 errors, 0 warnings)
[09:46:17.665] rive  data: mood = 3
[09:46:17.665] rive  showing Stage4 [5/5]
[09:46:17.666] rive  viewport 240x240 @1x
[09:46:17.694] rive  wrote /Users/ibrar/Desktop/infinora.noworkspace/nestling-pip-v2/design/animations/rive/bolt/frames/s4_sleepy_6.png
[09:46:17.769] rive  compiling 6 markup files as one document: pipstage.rml, shared.rml, stage1.rml, stage2.rml, stage3.rml, stage4.rml
[09:46:18.287] rive  built /Users/ibrar/Desktop/infinora.noworkspace/nestling-pip-v2/tools/rive/bolt/build/pip_bolt.riv (159599 bytes, 521ms, 0 errors, 0 warnings)
[09:46:18.289] rive  data: mood = 4
[09:46:18.290] rive  showing Stage4 [5/5]
[09:46:18.290] rive  viewport 240x240 @1x
[09:46:18.297] rive  wrote /Users/ibrar/Desktop/infinora.noworkspace/nestling-pip-v2/design/animations/rive/bolt/frames/s4_surprised_0.png
[09:46:18.363] rive  compiling 6 markup files as one document: pipstage.rml, shared.rml, stage1.rml, stage2.rml, stage3.rml, stage4.rml
[09:46:18.875] rive  built /Users/ibrar/Desktop/infinora.noworkspace/nestling-pip-v2/tools/rive/bolt/build/pip_bolt.riv (159599 bytes, 516ms, 0 errors, 0 warnings)
[09:46:18.877] rive  data: mood = 4
[09:46:18.878] rive  showing Stage4 [5/5]
[09:46:18.878] rive  viewport 240x240 @1x
[09:46:18.885] rive  wrote /Users/ibrar/Desktop/infinora.noworkspace/nestling-pip-v2/design/animations/rive/bolt/frames/s4_surprised_1.png
[09:46:18.954] rive  compiling 6 markup files as one document: pipstage.rml, shared.rml, stage1.rml, stage2.rml, stage3.rml, stage4.rml
[09:46:19.463] rive  built /Users/ibrar/Desktop/infinora.noworkspace/nestling-pip-v2/tools/rive/bolt/build/pip_bolt.riv (159599 bytes, 512ms, 0 errors, 0 warnings)
[09:46:19.465] rive  data: mood = 4
[09:46:19.465] rive  showing Stage4 [5/5]
[09:46:19.466] rive  viewport 240x240 @1x
[09:46:19.474] rive  wrote /Users/ibrar/Desktop/infinora.noworkspace/nestling-pip-v2/design/animations/rive/bolt/frames/s4_surprised_2.png
[09:46:19.541] rive  compiling 6 markup files as one document: pipstage.rml, shared.rml, stage1.rml, stage2.rml, stage3.rml, stage4.rml
[09:46:20.081] rive  built /Users/ibrar/Desktop/infinora.noworkspace/nestling-pip-v2/tools/rive/bolt/build/pip_bolt.riv (159599 bytes, 543ms, 0 errors, 0 warnings)
[09:46:20.083] rive  data: mood = 4
[09:46:20.083] rive  showing Stage4 [5/5]
[09:46:20.083] rive  viewport 240x240 @1x
[09:46:20.092] rive  wrote /Users/ibrar/Desktop/infinora.noworkspace/nestling-pip-v2/design/animations/rive/bolt/frames/s4_surprised_3.png
[09:46:20.160] rive  compiling 6 markup files as one document: pipstage.rml, shared.rml, stage1.rml, stage2.rml, stage3.rml, stage4.rml
[09:46:20.703] rive  built /Users/ibrar/Desktop/infinora.noworkspace/nestling-pip-v2/tools/rive/bolt/build/pip_bolt.riv (159599 bytes, 546ms, 0 errors, 0 warnings)
[09:46:20.706] rive  data: mood = 4
[09:46:20.706] rive  showing Stage4 [5/5]
[09:46:20.706] rive  viewport 240x240 @1x
[09:46:20.714] rive  wrote /Users/ibrar/Desktop/infinora.noworkspace/nestling-pip-v2/design/animations/rive/bolt/frames/s4_surprised_4.png
[09:46:20.781] rive  compiling 6 markup files as one document: pipstage.rml, shared.rml, stage1.rml, stage2.rml, stage3.rml, stage4.rml
[09:46:21.319] rive  built /Users/ibrar/Desktop/infinora.noworkspace/nestling-pip-v2/tools/rive/bolt/build/pip_bolt.riv (159599 bytes, 541ms, 0 errors, 0 warnings)
[09:46:21.321] rive  data: mood = 4
[09:46:21.321] rive  showing Stage4 [5/5]
[09:46:21.321] rive  viewport 240x240 @1x
[09:46:21.328] rive  wrote /Users/ibrar/Desktop/infinora.noworkspace/nestling-pip-v2/design/animations/rive/bolt/frames/s4_surprised_5.png
[09:46:21.401] rive  compiling 6 markup files as one document: pipstage.rml, shared.rml, stage1.rml, stage2.rml, stage3.rml, stage4.rml
[09:46:21.939] rive  built /Users/ibrar/Desktop/infinora.noworkspace/nestling-pip-v2/tools/rive/bolt/build/pip_bolt.riv (159599 bytes, 541ms, 0 errors, 0 warnings)
[09:46:21.941] rive  data: mood = 4
[09:46:21.941] rive  showing Stage4 [5/5]
[09:46:21.942] rive  viewport 240x240 @1x
[09:46:21.949] rive  wrote /Users/ibrar/Desktop/infinora.noworkspace/nestling-pip-v2/design/animations/rive/bolt/frames/s4_surprised_6.png
[09:46:22.018] rive  compiling 6 markup files as one document: pipstage.rml, shared.rml, stage1.rml, stage2.rml, stage3.rml, stage4.rml
[09:46:22.556] rive  built /Users/ibrar/Desktop/infinora.noworkspace/nestling-pip-v2/tools/rive/bolt/build/pip_bolt.riv (159599 bytes, 541ms, 0 errors, 0 warnings)
[09:46:22.558] rive  data: mood = 5
[09:46:22.558] rive  showing Stage4 [5/5]
[09:46:22.558] rive  viewport 240x240 @1x
[09:46:22.565] rive  wrote /Users/ibrar/Desktop/infinora.noworkspace/nestling-pip-v2/design/animations/rive/bolt/frames/s4_proud_0.png
[09:46:22.635] rive  compiling 6 markup files as one document: pipstage.rml, shared.rml, stage1.rml, stage2.rml, stage3.rml, stage4.rml
[09:46:23.174] rive  built /Users/ibrar/Desktop/infinora.noworkspace/nestling-pip-v2/tools/rive/bolt/build/pip_bolt.riv (159599 bytes, 542ms, 0 errors, 0 warnings)
[09:46:23.176] rive  data: mood = 5
[09:46:23.176] rive  showing Stage4 [5/5]
[09:46:23.176] rive  viewport 240x240 @1x
[09:46:23.183] rive  wrote /Users/ibrar/Desktop/infinora.noworkspace/nestling-pip-v2/design/animations/rive/bolt/frames/s4_proud_1.png
[09:46:23.254] rive  compiling 6 markup files as one document: pipstage.rml, shared.rml, stage1.rml, stage2.rml, stage3.rml, stage4.rml
[09:46:23.792] rive  built /Users/ibrar/Desktop/infinora.noworkspace/nestling-pip-v2/tools/rive/bolt/build/pip_bolt.riv (159599 bytes, 543ms, 0 errors, 0 warnings)
[09:46:23.795] rive  data: mood = 5
[09:46:23.795] rive  showing Stage4 [5/5]
[09:46:23.795] rive  viewport 240x240 @1x
[09:46:23.802] rive  wrote /Users/ibrar/Desktop/infinora.noworkspace/nestling-pip-v2/design/animations/rive/bolt/frames/s4_proud_2.png
[09:46:23.869] rive  compiling 6 markup files as one document: pipstage.rml, shared.rml, stage1.rml, stage2.rml, stage3.rml, stage4.rml
[09:46:24.398] rive  built /Users/ibrar/Desktop/infinora.noworkspace/nestling-pip-v2/tools/rive/bolt/build/pip_bolt.riv (159599 bytes, 532ms, 0 errors, 0 warnings)
[09:46:24.400] rive  data: mood = 5
[09:46:24.400] rive  showing Stage4 [5/5]
[09:46:24.400] rive  viewport 240x240 @1x
[09:46:24.408] rive  wrote /Users/ibrar/Desktop/infinora.noworkspace/nestling-pip-v2/design/animations/rive/bolt/frames/s4_proud_3.png
[09:46:24.478] rive  compiling 6 markup files as one document: pipstage.rml, shared.rml, stage1.rml, stage2.rml, stage3.rml, stage4.rml
[09:46:25.026] rive  built /Users/ibrar/Desktop/infinora.noworkspace/nestling-pip-v2/tools/rive/bolt/build/pip_bolt.riv (159599 bytes, 552ms, 0 errors, 0 warnings)
[09:46:25.028] rive  data: mood = 5
[09:46:25.028] rive  showing Stage4 [5/5]
[09:46:25.029] rive  viewport 240x240 @1x
[09:46:25.036] rive  wrote /Users/ibrar/Desktop/infinora.noworkspace/nestling-pip-v2/design/animations/rive/bolt/frames/s4_proud_4.png
[09:46:25.101] rive  compiling 6 markup files as one document: pipstage.rml, shared.rml, stage1.rml, stage2.rml, stage3.rml, stage4.rml
[09:46:25.639] rive  built /Users/ibrar/Desktop/infinora.noworkspace/nestling-pip-v2/tools/rive/bolt/build/pip_bolt.riv (159599 bytes, 541ms, 0 errors, 0 warnings)
[09:46:25.641] rive  data: mood = 5
[09:46:25.641] rive  showing Stage4 [5/5]
[09:46:25.641] rive  viewport 240x240 @1x
[09:46:25.648] rive  wrote /Users/ibrar/Desktop/infinora.noworkspace/nestling-pip-v2/design/animations/rive/bolt/frames/s4_proud_5.png
[09:46:25.713] rive  compiling 6 markup files as one document: pipstage.rml, shared.rml, stage1.rml, stage2.rml, stage3.rml, stage4.rml
[09:46:26.254] rive  built /Users/ibrar/Desktop/infinora.noworkspace/nestling-pip-v2/tools/rive/bolt/build/pip_bolt.riv (159599 bytes, 545ms, 0 errors, 0 warnings)
[09:46:26.256] rive  data: mood = 5
[09:46:26.256] rive  showing Stage4 [5/5]
[09:46:26.256] rive  viewport 240x240 @1x
[09:46:26.264] rive  wrote /Users/ibrar/Desktop/infinora.noworkspace/nestling-pip-v2/design/animations/rive/bolt/frames/s4_proud_6.png
[09:46:26.335] rive  compiling 6 markup files as one document: pipstage.rml, shared.rml, stage1.rml, stage2.rml, stage3.rml, stage4.rml
[09:46:26.860] rive  built /Users/ibrar/Desktop/infinora.noworkspace/nestling-pip-v2/tools/rive/bolt/build/pip_bolt.riv (159599 bytes, 528ms, 0 errors, 0 warnings)
[09:46:26.862] rive  data: evolve = 1
[09:46:26.862] rive  showing Stage4 [5/5]
[09:46:26.862] rive  viewport 240x240 @1x
[09:46:26.869] rive  wrote /Users/ibrar/Desktop/infinora.noworkspace/nestling-pip-v2/design/animations/rive/bolt/frames/s4_evolve_0.png
[09:46:26.937] rive  compiling 6 markup files as one document: pipstage.rml, shared.rml, stage1.rml, stage2.rml, stage3.rml, stage4.rml
[09:46:27.476] rive  built /Users/ibrar/Desktop/infinora.noworkspace/nestling-pip-v2/tools/rive/bolt/build/pip_bolt.riv (159599 bytes, 543ms, 0 errors, 0 warnings)
[09:46:27.478] rive  data: evolve = 1
[09:46:27.479] rive  showing Stage4 [5/5]
[09:46:27.479] rive  viewport 240x240 @1x
[09:46:27.487] rive  wrote /Users/ibrar/Desktop/infinora.noworkspace/nestling-pip-v2/design/animations/rive/bolt/frames/s4_evolve_1.png
[09:46:27.554] rive  compiling 6 markup files as one document: pipstage.rml, shared.rml, stage1.rml, stage2.rml, stage3.rml, stage4.rml
[09:46:28.090] rive  built /Users/ibrar/Desktop/infinora.noworkspace/nestling-pip-v2/tools/rive/bolt/build/pip_bolt.riv (159599 bytes, 539ms, 0 errors, 0 warnings)
[09:46:28.092] rive  data: evolve = 1
[09:46:28.092] rive  showing Stage4 [5/5]
[09:46:28.093] rive  viewport 240x240 @1x
[09:46:28.101] rive  wrote /Users/ibrar/Desktop/infinora.noworkspace/nestling-pip-v2/design/animations/rive/bolt/frames/s4_evolve_2.png
[09:46:28.168] rive  compiling 6 markup files as one document: pipstage.rml, shared.rml, stage1.rml, stage2.rml, stage3.rml, stage4.rml
[09:46:28.713] rive  built /Users/ibrar/Desktop/infinora.noworkspace/nestling-pip-v2/tools/rive/bolt/build/pip_bolt.riv (159599 bytes, 548ms, 0 errors, 0 warnings)
[09:46:28.715] rive  data: evolve = 1
[09:46:28.715] rive  showing Stage4 [5/5]
[09:46:28.715] rive  viewport 240x240 @1x
[09:46:28.725] rive  wrote /Users/ibrar/Desktop/infinora.noworkspace/nestling-pip-v2/design/animations/rive/bolt/frames/s4_evolve_3.png
[09:46:28.793] rive  compiling 6 markup files as one document: pipstage.rml, shared.rml, stage1.rml, stage2.rml, stage3.rml, stage4.rml
[09:46:29.335] rive  built /Users/ibrar/Desktop/infinora.noworkspace/nestling-pip-v2/tools/rive/bolt/build/pip_bolt.riv (159599 bytes, 546ms, 0 errors, 0 warnings)
[09:46:29.338] rive  data: evolve = 1
[09:46:29.338] rive  showing Stage4 [5/5]
[09:46:29.338] rive  viewport 240x240 @1x
[09:46:29.346] rive  wrote /Users/ibrar/Desktop/infinora.noworkspace/nestling-pip-v2/design/animations/rive/bolt/frames/s4_evolve_4.png
[09:46:29.414] rive  compiling 6 markup files as one document: pipstage.rml, shared.rml, stage1.rml, stage2.rml, stage3.rml, stage4.rml
[09:46:29.945] rive  built /Users/ibrar/Desktop/infinora.noworkspace/nestling-pip-v2/tools/rive/bolt/build/pip_bolt.riv (159599 bytes, 534ms, 0 errors, 0 warnings)
[09:46:29.947] rive  data: evolve = 1
[09:46:29.947] rive  showing Stage4 [5/5]
[09:46:29.947] rive  viewport 240x240 @1x
[09:46:29.955] rive  wrote /Users/ibrar/Desktop/infinora.noworkspace/nestling-pip-v2/design/animations/rive/bolt/frames/s4_evolve_5.png
[09:46:30.024] rive  compiling 6 markup files as one document: pipstage.rml, shared.rml, stage1.rml, stage2.rml, stage3.rml, stage4.rml
[09:46:30.558] rive  built /Users/ibrar/Desktop/infinora.noworkspace/nestling-pip-v2/tools/rive/bolt/build/pip_bolt.riv (159599 bytes, 537ms, 0 errors, 0 warnings)
[09:46:30.560] rive  data: evolve = 1
[09:46:30.560] rive  showing Stage4 [5/5]
[09:46:30.560] rive  viewport 240x240 @1x
[09:46:30.568] rive  wrote /Users/ibrar/Desktop/infinora.noworkspace/nestling-pip-v2/design/animations/rive/bolt/frames/s4_evolve_6.png
[09:46:43.953] rive  compiling 6 markup files as one document: pipstage.rml, shared.rml, stage1.rml, stage2.rml, stage3.rml, stage4.rml
[09:46:44.462] rive  built tools/rive/bolt/build/pip_bolt.riv (159599 bytes, 513ms, 0 errors, 0 warnings)
[09:46:44.465] rive  data: mood = 5
[09:46:44.465] rive  showing Stage3 [1/5]
[09:46:44.465] rive  viewport 240x240 @1x
[09:46:44.472] rive  wrote design/animations/rive/bolt/frames/mp3_proud_001.png
[09:46:44.538] rive  compiling 6 markup files as one document: pipstage.rml, shared.rml, stage1.rml, stage2.rml, stage3.rml, stage4.rml
[09:46:45.067] rive  built tools/rive/bolt/build/pip_bolt.riv (159599 bytes, 532ms, 0 errors, 0 warnings)
[09:46:45.069] rive  data: mood = 5
[09:46:45.069] rive  showing Stage3 [1/5]
[09:46:45.069] rive  viewport 240x240 @1x
[09:46:45.077] rive  wrote design/animations/rive/bolt/frames/mp3_proud_003.png
[09:46:45.144] rive  compiling 6 markup files as one document: pipstage.rml, shared.rml, stage1.rml, stage2.rml, stage3.rml, stage4.rml
[09:46:45.662] rive  built tools/rive/bolt/build/pip_bolt.riv (159599 bytes, 522ms, 0 errors, 0 warnings)
[09:46:45.665] rive  data: mood = 5
[09:46:45.665] rive  showing Stage3 [1/5]
[09:46:45.665] rive  viewport 240x240 @1x
[09:46:45.672] rive  wrote design/animations/rive/bolt/frames/mp3_proud_005.png
[09:46:45.740] rive  compiling 6 markup files as one document: pipstage.rml, shared.rml, stage1.rml, stage2.rml, stage3.rml, stage4.rml
[09:46:46.277] rive  built tools/rive/bolt/build/pip_bolt.riv (159599 bytes, 541ms, 0 errors, 0 warnings)
[09:46:46.279] rive  data: mood = 5
[09:46:46.279] rive  showing Stage3 [1/5]
[09:46:46.279] rive  viewport 240x240 @1x
[09:46:46.287] rive  wrote design/animations/rive/bolt/frames/mp3_proud_007.png
[09:46:46.355] rive  compiling 6 markup files as one document: pipstage.rml, shared.rml, stage1.rml, stage2.rml, stage3.rml, stage4.rml
[09:46:46.893] rive  built tools/rive/bolt/build/pip_bolt.riv (159599 bytes, 542ms, 0 errors, 0 warnings)
[09:46:46.895] rive  data: mood = 5
[09:46:46.895] rive  showing Stage3 [1/5]
[09:46:46.895] rive  viewport 240x240 @1x
[09:46:46.903] rive  wrote design/animations/rive/bolt/frames/mp3_proud_009.png
[09:46:46.969] rive  compiling 6 markup files as one document: pipstage.rml, shared.rml, stage1.rml, stage2.rml, stage3.rml, stage4.rml
[09:46:47.518] rive  built tools/rive/bolt/build/pip_bolt.riv (159599 bytes, 552ms, 0 errors, 0 warnings)
[09:46:47.520] rive  data: mood = 5
[09:46:47.520] rive  showing Stage3 [1/5]
[09:46:47.520] rive  viewport 240x240 @1x
[09:46:47.528] rive  wrote design/animations/rive/bolt/frames/mp3_proud_011.png
[09:46:47.594] rive  compiling 6 markup files as one document: pipstage.rml, shared.rml, stage1.rml, stage2.rml, stage3.rml, stage4.rml
[09:46:48.135] rive  built tools/rive/bolt/build/pip_bolt.riv (159599 bytes, 544ms, 0 errors, 0 warnings)
[09:46:48.137] rive  data: mood = 5
[09:46:48.137] rive  showing Stage3 [1/5]
[09:46:48.137] rive  viewport 240x240 @1x
[09:46:48.145] rive  wrote design/animations/rive/bolt/frames/mp3_proud_013.png
[09:46:48.211] rive  compiling 6 markup files as one document: pipstage.rml, shared.rml, stage1.rml, stage2.rml, stage3.rml, stage4.rml
[09:46:48.752] rive  built tools/rive/bolt/build/pip_bolt.riv (159599 bytes, 545ms, 0 errors, 0 warnings)
[09:46:48.754] rive  data: mood = 5
[09:46:48.754] rive  showing Stage3 [1/5]
[09:46:48.755] rive  viewport 240x240 @1x
[09:46:48.762] rive  wrote design/animations/rive/bolt/frames/mp3_proud_015.png
[09:46:48.831] rive  compiling 6 markup files as one document: pipstage.rml, shared.rml, stage1.rml, stage2.rml, stage3.rml, stage4.rml
[09:46:49.357] rive  built tools/rive/bolt/build/pip_bolt.riv (159599 bytes, 529ms, 0 errors, 0 warnings)
[09:46:49.359] rive  data: mood = 5
[09:46:49.359] rive  showing Stage3 [1/5]
[09:46:49.359] rive  viewport 240x240 @1x
[09:46:49.367] rive  wrote design/animations/rive/bolt/frames/mp3_proud_017.png
[09:46:49.439] rive  compiling 6 markup files as one document: pipstage.rml, shared.rml, stage1.rml, stage2.rml, stage3.rml, stage4.rml
[09:46:49.973] rive  built tools/rive/bolt/build/pip_bolt.riv (159599 bytes, 538ms, 0 errors, 0 warnings)
[09:46:49.975] rive  data: mood = 5
[09:46:49.975] rive  showing Stage3 [1/5]
[09:46:49.976] rive  viewport 240x240 @1x
[09:46:49.983] rive  wrote design/animations/rive/bolt/frames/mp3_proud_019.png
[09:46:50.049] rive  compiling 6 markup files as one document: pipstage.rml, shared.rml, stage1.rml, stage2.rml, stage3.rml, stage4.rml
[09:46:50.587] rive  built tools/rive/bolt/build/pip_bolt.riv (159599 bytes, 541ms, 0 errors, 0 warnings)
[09:46:50.589] rive  data: mood = 5
[09:46:50.589] rive  showing Stage3 [1/5]
[09:46:50.589] rive  viewport 240x240 @1x
[09:46:50.597] rive  wrote design/animations/rive/bolt/frames/mp3_proud_021.png
[09:46:50.664] rive  compiling 6 markup files as one document: pipstage.rml, shared.rml, stage1.rml, stage2.rml, stage3.rml, stage4.rml
[09:46:51.199] rive  built tools/rive/bolt/build/pip_bolt.riv (159599 bytes, 539ms, 0 errors, 0 warnings)
[09:46:51.201] rive  data: mood = 5
[09:46:51.201] rive  showing Stage3 [1/5]
[09:46:51.202] rive  viewport 240x240 @1x
[09:46:51.209] rive  wrote design/animations/rive/bolt/frames/mp3_proud_023.png
[09:46:51.277] rive  compiling 6 markup files as one document: pipstage.rml, shared.rml, stage1.rml, stage2.rml, stage3.rml, stage4.rml
[09:46:51.819] rive  built tools/rive/bolt/build/pip_bolt.riv (159599 bytes, 545ms, 0 errors, 0 warnings)
[09:46:51.821] rive  data: mood = 5
[09:46:51.821] rive  showing Stage3 [1/5]
[09:46:51.821] rive  viewport 240x240 @1x
[09:46:51.829] rive  wrote design/animations/rive/bolt/frames/mp3_proud_025.png
[09:46:51.896] rive  compiling 6 markup files as one document: pipstage.rml, shared.rml, stage1.rml, stage2.rml, stage3.rml, stage4.rml
[09:46:52.442] rive  built tools/rive/bolt/build/pip_bolt.riv (159599 bytes, 549ms, 0 errors, 0 warnings)
[09:46:52.444] rive  data: mood = 5
[09:46:52.444] rive  showing Stage3 [1/5]
[09:46:52.444] rive  viewport 240x240 @1x
[09:46:52.452] rive  wrote design/animations/rive/bolt/frames/mp3_proud_027.png
[09:46:52.522] rive  compiling 6 markup files as one document: pipstage.rml, shared.rml, stage1.rml, stage2.rml, stage3.rml, stage4.rml
[09:46:53.072] rive  built tools/rive/bolt/build/pip_bolt.riv (159599 bytes, 554ms, 0 errors, 0 warnings)
[09:46:53.074] rive  data: mood = 5
[09:46:53.074] rive  showing Stage3 [1/5]
[09:46:53.074] rive  viewport 240x240 @1x
[09:46:53.082] rive  wrote design/animations/rive/bolt/frames/mp3_proud_029.png
[09:46:53.151] rive  compiling 6 markup files as one document: pipstage.rml, shared.rml, stage1.rml, stage2.rml, stage3.rml, stage4.rml
[09:46:53.698] rive  built tools/rive/bolt/build/pip_bolt.riv (159599 bytes, 551ms, 0 errors, 0 warnings)
[09:46:53.700] rive  data: mood = 5
[09:46:53.700] rive  showing Stage3 [1/5]
[09:46:53.701] rive  viewport 240x240 @1x
[09:46:53.708] rive  wrote design/animations/rive/bolt/frames/mp3_proud_031.png
[09:46:53.776] rive  compiling 6 markup files as one document: pipstage.rml, shared.rml, stage1.rml, stage2.rml, stage3.rml, stage4.rml
[09:46:54.306] rive  built tools/rive/bolt/build/pip_bolt.riv (159599 bytes, 535ms, 0 errors, 0 warnings)
[09:46:54.308] rive  data: mood = 5
[09:46:54.309] rive  showing Stage3 [1/5]
[09:46:54.309] rive  viewport 240x240 @1x
[09:46:54.316] rive  wrote design/animations/rive/bolt/frames/mp3_proud_033.png
[09:46:54.385] rive  compiling 6 markup files as one document: pipstage.rml, shared.rml, stage1.rml, stage2.rml, stage3.rml, stage4.rml
[09:46:54.906] rive  built tools/rive/bolt/build/pip_bolt.riv (159599 bytes, 525ms, 0 errors, 0 warnings)
[09:46:54.908] rive  data: mood = 5
[09:46:54.908] rive  showing Stage3 [1/5]
[09:46:54.908] rive  viewport 240x240 @1x
[09:46:54.915] rive  wrote design/animations/rive/bolt/frames/mp3_proud_035.png
[09:46:54.987] rive  compiling 6 markup files as one document: pipstage.rml, shared.rml, stage1.rml, stage2.rml, stage3.rml, stage4.rml
[09:46:55.517] rive  built tools/rive/bolt/build/pip_bolt.riv (159599 bytes, 535ms, 0 errors, 0 warnings)
[09:46:55.519] rive  data: mood = 5
[09:46:55.519] rive  showing Stage3 [1/5]
[09:46:55.519] rive  viewport 240x240 @1x
[09:46:55.527] rive  wrote design/animations/rive/bolt/frames/mp3_proud_037.png
[09:46:55.593] rive  compiling 6 markup files as one document: pipstage.rml, shared.rml, stage1.rml, stage2.rml, stage3.rml, stage4.rml
[09:46:56.109] rive  built tools/rive/bolt/build/pip_bolt.riv (159599 bytes, 520ms, 0 errors, 0 warnings)
[09:46:56.111] rive  data: mood = 5
[09:46:56.111] rive  showing Stage3 [1/5]
[09:46:56.111] rive  viewport 240x240 @1x
[09:46:56.126] rive  wrote design/animations/rive/bolt/frames/mp3_proud_039.png
[09:46:56.193] rive  compiling 6 markup files as one document: pipstage.rml, shared.rml, stage1.rml, stage2.rml, stage3.rml, stage4.rml
[09:46:56.709] rive  built tools/rive/bolt/build/pip_bolt.riv (159599 bytes, 520ms, 0 errors, 0 warnings)
[09:46:56.711] rive  data: mood = 5
[09:46:56.712] rive  showing Stage3 [1/5]
[09:46:56.712] rive  viewport 240x240 @1x
[09:46:56.720] rive  wrote design/animations/rive/bolt/frames/mp3_proud_041.png
[09:46:56.787] rive  compiling 6 markup files as one document: pipstage.rml, shared.rml, stage1.rml, stage2.rml, stage3.rml, stage4.rml
[09:46:57.299] rive  built tools/rive/bolt/build/pip_bolt.riv (159599 bytes, 516ms, 0 errors, 0 warnings)
[09:46:57.300] rive  data: mood = 5
[09:46:57.300] rive  showing Stage3 [1/5]
[09:46:57.301] rive  viewport 240x240 @1x
[09:46:57.308] rive  wrote design/animations/rive/bolt/frames/mp3_proud_043.png
[09:46:57.375] rive  compiling 6 markup files as one document: pipstage.rml, shared.rml, stage1.rml, stage2.rml, stage3.rml, stage4.rml
[09:46:57.900] rive  built tools/rive/bolt/build/pip_bolt.riv (159599 bytes, 529ms, 0 errors, 0 warnings)
[09:46:57.902] rive  data: mood = 5
[09:46:57.902] rive  showing Stage3 [1/5]
[09:46:57.902] rive  viewport 240x240 @1x
[09:46:57.911] rive  wrote design/animations/rive/bolt/frames/mp3_proud_045.png
[09:46:57.977] rive  compiling 6 markup files as one document: pipstage.rml, shared.rml, stage1.rml, stage2.rml, stage3.rml, stage4.rml
[09:46:58.493] rive  built tools/rive/bolt/build/pip_bolt.riv (159599 bytes, 520ms, 0 errors, 0 warnings)
[09:46:58.495] rive  data: mood = 5
[09:46:58.495] rive  showing Stage3 [1/5]
[09:46:58.495] rive  viewport 240x240 @1x
[09:46:58.503] rive  wrote design/animations/rive/bolt/frames/mp3_proud_047.png
[09:46:58.570] rive  compiling 6 markup files as one document: pipstage.rml, shared.rml, stage1.rml, stage2.rml, stage3.rml, stage4.rml
[09:46:59.079] rive  built tools/rive/bolt/build/pip_bolt.riv (159599 bytes, 514ms, 0 errors, 0 warnings)
[09:46:59.081] rive  data: mood = 5
[09:46:59.081] rive  showing Stage3 [1/5]
[09:46:59.081] rive  viewport 240x240 @1x
[09:46:59.089] rive  wrote design/animations/rive/bolt/frames/mp3_proud_049.png
[09:46:59.160] rive  compiling 6 markup files as one document: pipstage.rml, shared.rml, stage1.rml, stage2.rml, stage3.rml, stage4.rml
[09:46:59.675] rive  built tools/rive/bolt/build/pip_bolt.riv (159599 bytes, 519ms, 0 errors, 0 warnings)
[09:46:59.677] rive  data: mood = 5
[09:46:59.677] rive  showing Stage3 [1/5]
[09:46:59.678] rive  viewport 240x240 @1x
[09:46:59.685] rive  wrote design/animations/rive/bolt/frames/mp3_proud_051.png
[09:46:59.753] rive  compiling 6 markup files as one document: pipstage.rml, shared.rml, stage1.rml, stage2.rml, stage3.rml, stage4.rml
[09:47:00.282] rive  built tools/rive/bolt/build/pip_bolt.riv (159599 bytes, 532ms, 0 errors, 0 warnings)
[09:47:00.284] rive  data: mood = 5
[09:47:00.284] rive  showing Stage3 [1/5]
[09:47:00.284] rive  viewport 240x240 @1x
[09:47:00.292] rive  wrote design/animations/rive/bolt/frames/mp3_proud_053.png
[09:47:00.357] rive  compiling 6 markup files as one document: pipstage.rml, shared.rml, stage1.rml, stage2.rml, stage3.rml, stage4.rml
[09:47:00.875] rive  built tools/rive/bolt/build/pip_bolt.riv (159599 bytes, 522ms, 0 errors, 0 warnings)
[09:47:00.877] rive  data: mood = 5
[09:47:00.877] rive  showing Stage3 [1/5]
[09:47:00.877] rive  viewport 240x240 @1x
[09:47:00.885] rive  wrote design/animations/rive/bolt/frames/mp3_proud_055.png
[09:47:00.955] rive  compiling 6 markup files as one document: pipstage.rml, shared.rml, stage1.rml, stage2.rml, stage3.rml, stage4.rml
[09:47:01.477] rive  built tools/rive/bolt/build/pip_bolt.riv (159599 bytes, 525ms, 0 errors, 0 warnings)
[09:47:01.479] rive  data: mood = 5
[09:47:01.479] rive  showing Stage3 [1/5]
[09:47:01.479] rive  viewport 240x240 @1x
[09:47:01.487] rive  wrote design/animations/rive/bolt/frames/mp3_proud_057.png
[09:47:01.552] rive  compiling 6 markup files as one document: pipstage.rml, shared.rml, stage1.rml, stage2.rml, stage3.rml, stage4.rml
[09:47:02.065] rive  built tools/rive/bolt/build/pip_bolt.riv (159599 bytes, 517ms, 0 errors, 0 warnings)
[09:47:02.068] rive  data: mood = 5
[09:47:02.068] rive  showing Stage3 [1/5]
[09:47:02.068] rive  viewport 240x240 @1x
[09:47:02.076] rive  wrote design/animations/rive/bolt/frames/mp3_proud_059.png
[09:47:02.140] rive  compiling 6 markup files as one document: pipstage.rml, shared.rml, stage1.rml, stage2.rml, stage3.rml, stage4.rml
[09:47:02.674] rive  built tools/rive/bolt/build/pip_bolt.riv (159599 bytes, 537ms, 0 errors, 0 warnings)
[09:47:02.676] rive  data: mood = 5
[09:47:02.676] rive  showing Stage3 [1/5]
[09:47:02.676] rive  viewport 240x240 @1x
[09:47:02.684] rive  wrote design/animations/rive/bolt/frames/mp3_proud_061.png
[09:47:02.754] rive  compiling 6 markup files as one document: pipstage.rml, shared.rml, stage1.rml, stage2.rml, stage3.rml, stage4.rml
[09:47:03.283] rive  built tools/rive/bolt/build/pip_bolt.riv (159599 bytes, 533ms, 0 errors, 0 warnings)
[09:47:03.285] rive  data: mood = 5
[09:47:03.286] rive  showing Stage3 [1/5]
[09:47:03.286] rive  viewport 240x240 @1x
[09:47:03.294] rive  wrote design/animations/rive/bolt/frames/mp3_proud_063.png
[09:47:03.366] rive  compiling 6 markup files as one document: pipstage.rml, shared.rml, stage1.rml, stage2.rml, stage3.rml, stage4.rml
[09:47:03.909] rive  built tools/rive/bolt/build/pip_bolt.riv (159599 bytes, 547ms, 0 errors, 0 warnings)
[09:47:03.911] rive  data: mood = 5
[09:47:03.911] rive  showing Stage3 [1/5]
[09:47:03.911] rive  viewport 240x240 @1x
[09:47:03.919] rive  wrote design/animations/rive/bolt/frames/mp3_proud_065.png
[09:47:03.989] rive  compiling 6 markup files as one document: pipstage.rml, shared.rml, stage1.rml, stage2.rml, stage3.rml, stage4.rml
[09:47:04.526] rive  built tools/rive/bolt/build/pip_bolt.riv (159599 bytes, 540ms, 0 errors, 0 warnings)
[09:47:04.528] rive  data: mood = 5
[09:47:04.528] rive  showing Stage3 [1/5]
[09:47:04.528] rive  viewport 240x240 @1x
[09:47:04.536] rive  wrote design/animations/rive/bolt/frames/mp3_proud_067.png
[09:47:04.605] rive  compiling 6 markup files as one document: pipstage.rml, shared.rml, stage1.rml, stage2.rml, stage3.rml, stage4.rml
[09:47:05.129] rive  built tools/rive/bolt/build/pip_bolt.riv (159599 bytes, 528ms, 0 errors, 0 warnings)
[09:47:05.132] rive  data: mood = 5
[09:47:05.132] rive  showing Stage3 [1/5]
[09:47:05.132] rive  viewport 240x240 @1x
[09:47:05.140] rive  wrote design/animations/rive/bolt/frames/mp3_proud_069.png
[09:47:05.207] rive  compiling 6 markup files as one document: pipstage.rml, shared.rml, stage1.rml, stage2.rml, stage3.rml, stage4.rml
[09:47:05.750] rive  built tools/rive/bolt/build/pip_bolt.riv (159599 bytes, 547ms, 0 errors, 0 warnings)
[09:47:05.752] rive  data: mood = 5
[09:47:05.752] rive  showing Stage3 [1/5]
[09:47:05.753] rive  viewport 240x240 @1x
[09:47:05.760] rive  wrote design/animations/rive/bolt/frames/mp3_proud_071.png
[13:12:11.426] rive  compiling 6 markup files as one document: pipstage.rml, shared.rml, stage1.rml, stage2.rml, stage3.rml, stage4.rml
[13:12:12.320] rive  verified (0 bytes, 904ms, 0 errors, 0 warnings)
[13:12:52.564] rive  compiling 6 markup files as one document: pipstage.rml, shared.rml, stage1.rml, stage2.rml, stage3.rml, stage4.rml
[13:12:53.385] rive  built tools/rive/bolt/build/pip_bolt.riv (161033 bytes, 843ms, 0 errors, 0 warnings)
[13:12:53.861] rive  compiling 6 markup files as one document: pipstage.rml, shared.rml, stage1.rml, stage2.rml, stage3.rml, stage4.rml
[13:12:54.732] rive  built tools/rive/bolt/build/pip_bolt.riv (161033 bytes, 877ms, 0 errors, 0 warnings)
[13:12:54.737] rive  data: mood = 4
[13:12:54.738] rive  showing Stage3 [1/5]
[13:12:54.738] rive  viewport 240x240 @1x
[13:12:54.751] rive  wrote /tmp/bolt_fix/sur14.png
[13:12:54.864] rive  compiling 6 markup files as one document: pipstage.rml, shared.rml, stage1.rml, stage2.rml, stage3.rml, stage4.rml
[13:12:55.667] rive  built tools/rive/bolt/build/pip_bolt.riv (161033 bytes, 811ms, 0 errors, 0 warnings)
[13:12:55.674] rive  data: mood = 4
[13:12:55.674] rive  showing Stage3 [1/5]
[13:12:55.675] rive  viewport 240x240 @1x
[13:12:55.685] rive  wrote /tmp/bolt_fix/sur24.png
[13:12:55.794] rive  compiling 6 markup files as one document: pipstage.rml, shared.rml, stage1.rml, stage2.rml, stage3.rml, stage4.rml
[13:12:56.653] rive  built tools/rive/bolt/build/pip_bolt.riv (161033 bytes, 864ms, 0 errors, 0 warnings)
[13:12:56.656] rive  data: mood = 3
[13:12:56.656] rive  showing Stage3 [1/5]
[13:12:56.658] rive  viewport 240x240 @1x
[13:12:56.667] rive  wrote /tmp/bolt_fix/sl120.png
[13:12:56.775] rive  compiling 6 markup files as one document: pipstage.rml, shared.rml, stage1.rml, stage2.rml, stage3.rml, stage4.rml
[13:12:57.623] rive  built tools/rive/bolt/build/pip_bolt.riv (161033 bytes, 855ms, 0 errors, 0 warnings)
[13:12:57.626] rive  data: evolve = 1
[13:12:57.627] rive  showing Stage3 [1/5]
[13:12:57.627] rive  viewport 240x240 @1x
[13:12:57.638] rive  wrote /tmp/bolt_fix/ev36.png
[13:14:16.502] rive  compiling 6 markup files as one document: pipstage.rml, shared.rml, stage1.rml, stage2.rml, stage3.rml, stage4.rml
[13:14:17.023] rive  verified (0 bytes, 525ms, 0 errors, 0 warnings)
[13:14:17.055] rive  compiling 6 markup files as one document: pipstage.rml, shared.rml, stage1.rml, stage2.rml, stage3.rml, stage4.rml
[13:14:17.592] rive  built tools/rive/bolt/build/pip_bolt.riv (161033 bytes, 541ms, 0 errors, 0 warnings)
[13:14:36.794] rive  compiling 6 markup files as one document: pipstage.rml, shared.rml, stage1.rml, stage2.rml, stage3.rml, stage4.rml
[13:14:37.334] rive  built tools/rive/bolt/build/pip_bolt.riv (161033 bytes, 547ms, 0 errors, 0 warnings)
[13:14:37.336] rive  data: mood = 4
[13:14:37.337] rive  showing Stage3 [1/5]
[13:14:37.337] rive  viewport 240x240 @1x
[13:14:37.369] rive  wrote /tmp/bolt_fix/sur20.png
[13:14:37.444] rive  compiling 6 markup files as one document: pipstage.rml, shared.rml, stage1.rml, stage2.rml, stage3.rml, stage4.rml
[13:14:37.963] rive  built tools/rive/bolt/build/pip_bolt.riv (161033 bytes, 523ms, 0 errors, 0 warnings)
[13:14:37.965] rive  data: mood = 3
[13:14:37.965] rive  showing Stage3 [1/5]
[13:14:37.966] rive  viewport 240x240 @1x
[13:14:37.975] rive  wrote /tmp/bolt_fix/sl120b.png
[13:15:05.560] rive  compiling 6 markup files as one document: pipstage.rml, shared.rml, stage1.rml, stage2.rml, stage3.rml, stage4.rml
[13:15:06.105] rive  verified (0 bytes, 549ms, 0 errors, 0 warnings)
[13:15:06.137] rive  compiling 6 markup files as one document: pipstage.rml, shared.rml, stage1.rml, stage2.rml, stage3.rml, stage4.rml
[13:15:06.670] rive  built tools/rive/bolt/build/pip_bolt.riv (161033 bytes, 537ms, 0 errors, 0 warnings)
[13:15:06.735] rive  compiling 6 markup files as one document: pipstage.rml, shared.rml, stage1.rml, stage2.rml, stage3.rml, stage4.rml
[13:15:07.253] rive  built tools/rive/bolt/build/pip_bolt.riv (161033 bytes, 521ms, 0 errors, 0 warnings)
[13:15:07.255] rive  data: mood = 4
[13:15:07.256] rive  showing Stage3 [1/5]
[13:15:07.257] rive  viewport 240x240 @1x
[13:15:07.265] rive  wrote /tmp/bolt_fix/sur20b.png
[13:15:50.314] rive  compiling 6 markup files as one document: pipstage.rml, shared.rml, stage1.rml, stage2.rml, stage3.rml, stage4.rml
[13:15:50.838] rive  built /Users/ibrar/Desktop/infinora.noworkspace/nestling-pip-v2/tools/rive/bolt/build/pip_bolt.riv (161033 bytes, 531ms, 0 errors, 0 warnings)
[13:15:50.840] rive  data: mood = 0
[13:15:50.841] rive  showing Stage1 [3/5]
[13:15:50.841] rive  viewport 240x240 @1x
[13:15:50.848] rive  wrote /Users/ibrar/Desktop/infinora.noworkspace/nestling-pip-v2/design/animations/rive/bolt/frames/s1_idle_0.png
[13:15:50.918] rive  compiling 6 markup files as one document: pipstage.rml, shared.rml, stage1.rml, stage2.rml, stage3.rml, stage4.rml
[13:15:51.446] rive  built /Users/ibrar/Desktop/infinora.noworkspace/nestling-pip-v2/tools/rive/bolt/build/pip_bolt.riv (161033 bytes, 530ms, 0 errors, 0 warnings)
[13:15:51.448] rive  data: mood = 0
[13:15:51.448] rive  showing Stage1 [3/5]
[13:15:51.448] rive  viewport 240x240 @1x
[13:15:51.456] rive  wrote /Users/ibrar/Desktop/infinora.noworkspace/nestling-pip-v2/design/animations/rive/bolt/frames/s1_idle_1.png
[13:15:51.524] rive  compiling 6 markup files as one document: pipstage.rml, shared.rml, stage1.rml, stage2.rml, stage3.rml, stage4.rml
[13:15:52.051] rive  built /Users/ibrar/Desktop/infinora.noworkspace/nestling-pip-v2/tools/rive/bolt/build/pip_bolt.riv (161033 bytes, 530ms, 0 errors, 0 warnings)
[13:15:52.053] rive  data: mood = 0
[13:15:52.053] rive  showing Stage1 [3/5]
[13:15:52.053] rive  viewport 240x240 @1x
[13:15:52.061] rive  wrote /Users/ibrar/Desktop/infinora.noworkspace/nestling-pip-v2/design/animations/rive/bolt/frames/s1_idle_2.png
[13:15:52.127] rive  compiling 6 markup files as one document: pipstage.rml, shared.rml, stage1.rml, stage2.rml, stage3.rml, stage4.rml
[13:15:52.646] rive  built /Users/ibrar/Desktop/infinora.noworkspace/nestling-pip-v2/tools/rive/bolt/build/pip_bolt.riv (161033 bytes, 523ms, 0 errors, 0 warnings)
[13:15:52.649] rive  data: mood = 0
[13:15:52.649] rive  showing Stage1 [3/5]
[13:15:52.649] rive  viewport 240x240 @1x
[13:15:52.657] rive  wrote /Users/ibrar/Desktop/infinora.noworkspace/nestling-pip-v2/design/animations/rive/bolt/frames/s1_idle_3.png
[13:15:52.736] rive  compiling 6 markup files as one document: pipstage.rml, shared.rml, stage1.rml, stage2.rml, stage3.rml, stage4.rml
[13:15:53.275] rive  built /Users/ibrar/Desktop/infinora.noworkspace/nestling-pip-v2/tools/rive/bolt/build/pip_bolt.riv (161033 bytes, 543ms, 0 errors, 0 warnings)
[13:15:53.277] rive  data: mood = 0
[13:15:53.278] rive  showing Stage1 [3/5]
[13:15:53.278] rive  viewport 240x240 @1x
[13:15:53.286] rive  wrote /Users/ibrar/Desktop/infinora.noworkspace/nestling-pip-v2/design/animations/rive/bolt/frames/s1_idle_4.png
[13:15:53.353] rive  compiling 6 markup files as one document: pipstage.rml, shared.rml, stage1.rml, stage2.rml, stage3.rml, stage4.rml
[13:15:53.858] rive  built /Users/ibrar/Desktop/infinora.noworkspace/nestling-pip-v2/tools/rive/bolt/build/pip_bolt.riv (161033 bytes, 509ms, 0 errors, 0 warnings)
[13:15:53.860] rive  data: mood = 0
[13:15:53.860] rive  showing Stage1 [3/5]
[13:15:53.861] rive  viewport 240x240 @1x
[13:15:53.869] rive  wrote /Users/ibrar/Desktop/infinora.noworkspace/nestling-pip-v2/design/animations/rive/bolt/frames/s1_idle_5.png
[13:15:53.947] rive  compiling 6 markup files as one document: pipstage.rml, shared.rml, stage1.rml, stage2.rml, stage3.rml, stage4.rml
[13:15:54.496] rive  built /Users/ibrar/Desktop/infinora.noworkspace/nestling-pip-v2/tools/rive/bolt/build/pip_bolt.riv (161033 bytes, 553ms, 0 errors, 0 warnings)
[13:15:54.498] rive  data: mood = 0
[13:15:54.498] rive  showing Stage1 [3/5]
[13:15:54.499] rive  viewport 240x240 @1x
[13:15:54.543] rive  wrote /Users/ibrar/Desktop/infinora.noworkspace/nestling-pip-v2/design/animations/rive/bolt/frames/s1_idle_6.png
[13:15:54.622] rive  compiling 6 markup files as one document: pipstage.rml, shared.rml, stage1.rml, stage2.rml, stage3.rml, stage4.rml
[13:15:55.177] rive  built /Users/ibrar/Desktop/infinora.noworkspace/nestling-pip-v2/tools/rive/bolt/build/pip_bolt.riv (161033 bytes, 558ms, 0 errors, 0 warnings)
[13:15:55.179] rive  data: mood = 1
[13:15:55.179] rive  showing Stage1 [3/5]
[13:15:55.179] rive  viewport 240x240 @1x
[13:15:55.208] rive  wrote /Users/ibrar/Desktop/infinora.noworkspace/nestling-pip-v2/design/animations/rive/bolt/frames/s1_happy_0.png
[13:15:55.288] rive  compiling 6 markup files as one document: pipstage.rml, shared.rml, stage1.rml, stage2.rml, stage3.rml, stage4.rml
[13:15:55.818] rive  built /Users/ibrar/Desktop/infinora.noworkspace/nestling-pip-v2/tools/rive/bolt/build/pip_bolt.riv (161033 bytes, 534ms, 0 errors, 0 warnings)
[13:15:55.820] rive  data: mood = 1
[13:15:55.821] rive  showing Stage1 [3/5]
[13:15:55.821] rive  viewport 240x240 @1x
[13:15:55.852] rive  wrote /Users/ibrar/Desktop/infinora.noworkspace/nestling-pip-v2/design/animations/rive/bolt/frames/s1_happy_1.png
[13:15:55.935] rive  compiling 6 markup files as one document: pipstage.rml, shared.rml, stage1.rml, stage2.rml, stage3.rml, stage4.rml
[13:15:56.465] rive  built /Users/ibrar/Desktop/infinora.noworkspace/nestling-pip-v2/tools/rive/bolt/build/pip_bolt.riv (161033 bytes, 532ms, 0 errors, 0 warnings)
[13:15:56.467] rive  data: mood = 1
[13:15:56.467] rive  showing Stage1 [3/5]
[13:15:56.467] rive  viewport 240x240 @1x
[13:15:56.486] rive  wrote /Users/ibrar/Desktop/infinora.noworkspace/nestling-pip-v2/design/animations/rive/bolt/frames/s1_happy_2.png
[13:15:56.556] rive  compiling 6 markup files as one document: pipstage.rml, shared.rml, stage1.rml, stage2.rml, stage3.rml, stage4.rml
[13:15:57.092] rive  built /Users/ibrar/Desktop/infinora.noworkspace/nestling-pip-v2/tools/rive/bolt/build/pip_bolt.riv (161033 bytes, 540ms, 0 errors, 0 warnings)
[13:15:57.094] rive  data: mood = 1
[13:15:57.095] rive  showing Stage1 [3/5]
[13:15:57.095] rive  viewport 240x240 @1x
[13:15:57.118] rive  wrote /Users/ibrar/Desktop/infinora.noworkspace/nestling-pip-v2/design/animations/rive/bolt/frames/s1_happy_3.png
[13:15:57.198] rive  compiling 6 markup files as one document: pipstage.rml, shared.rml, stage1.rml, stage2.rml, stage3.rml, stage4.rml
[13:15:57.832] rive  built /Users/ibrar/Desktop/infinora.noworkspace/nestling-pip-v2/tools/rive/bolt/build/pip_bolt.riv (161033 bytes, 637ms, 0 errors, 0 warnings)
[13:15:57.834] rive  data: mood = 1
[13:15:57.834] rive  showing Stage1 [3/5]
[13:15:57.834] rive  viewport 240x240 @1x
[13:15:57.845] rive  wrote /Users/ibrar/Desktop/infinora.noworkspace/nestling-pip-v2/design/animations/rive/bolt/frames/s1_happy_4.png
[13:15:57.922] rive  compiling 6 markup files as one document: pipstage.rml, shared.rml, stage1.rml, stage2.rml, stage3.rml, stage4.rml
[13:15:58.534] rive  built /Users/ibrar/Desktop/infinora.noworkspace/nestling-pip-v2/tools/rive/bolt/build/pip_bolt.riv (161033 bytes, 617ms, 0 errors, 0 warnings)
[13:15:58.540] rive  data: mood = 1
[13:15:58.540] rive  showing Stage1 [3/5]
[13:15:58.546] rive  viewport 240x240 @1x
[13:15:58.599] rive  wrote /Users/ibrar/Desktop/infinora.noworkspace/nestling-pip-v2/design/animations/rive/bolt/frames/s1_happy_5.png
[13:15:58.696] rive  compiling 6 markup files as one document: pipstage.rml, shared.rml, stage1.rml, stage2.rml, stage3.rml, stage4.rml
[13:15:59.252] rive  built /Users/ibrar/Desktop/infinora.noworkspace/nestling-pip-v2/tools/rive/bolt/build/pip_bolt.riv (161033 bytes, 560ms, 0 errors, 0 warnings)
[13:15:59.254] rive  data: mood = 1
[13:15:59.254] rive  showing Stage1 [3/5]
[13:15:59.254] rive  viewport 240x240 @1x
[13:15:59.266] rive  wrote /Users/ibrar/Desktop/infinora.noworkspace/nestling-pip-v2/design/animations/rive/bolt/frames/s1_happy_6.png
[13:15:59.341] rive  compiling 6 markup files as one document: pipstage.rml, shared.rml, stage1.rml, stage2.rml, stage3.rml, stage4.rml
[13:15:59.868] rive  built /Users/ibrar/Desktop/infinora.noworkspace/nestling-pip-v2/tools/rive/bolt/build/pip_bolt.riv (161033 bytes, 531ms, 0 errors, 0 warnings)
[13:15:59.871] rive  data: mood = 2
[13:15:59.871] rive  showing Stage1 [3/5]
[13:15:59.871] rive  viewport 240x240 @1x
[13:15:59.885] rive  wrote /Users/ibrar/Desktop/infinora.noworkspace/nestling-pip-v2/design/animations/rive/bolt/frames/s1_eating_0.png
[13:15:59.965] rive  compiling 6 markup files as one document: pipstage.rml, shared.rml, stage1.rml, stage2.rml, stage3.rml, stage4.rml
[13:16:00.499] rive  built /Users/ibrar/Desktop/infinora.noworkspace/nestling-pip-v2/tools/rive/bolt/build/pip_bolt.riv (161033 bytes, 538ms, 0 errors, 0 warnings)
[13:16:00.501] rive  data: mood = 2
[13:16:00.501] rive  showing Stage1 [3/5]
[13:16:00.501] rive  viewport 240x240 @1x
[13:16:00.509] rive  wrote /Users/ibrar/Desktop/infinora.noworkspace/nestling-pip-v2/design/animations/rive/bolt/frames/s1_eating_1.png
[13:16:00.582] rive  compiling 6 markup files as one document: pipstage.rml, shared.rml, stage1.rml, stage2.rml, stage3.rml, stage4.rml
[13:16:01.113] rive  built /Users/ibrar/Desktop/infinora.noworkspace/nestling-pip-v2/tools/rive/bolt/build/pip_bolt.riv (161033 bytes, 535ms, 0 errors, 0 warnings)
[13:16:01.116] rive  data: mood = 2
[13:16:01.116] rive  showing Stage1 [3/5]
[13:16:01.116] rive  viewport 240x240 @1x
[13:16:01.124] rive  wrote /Users/ibrar/Desktop/infinora.noworkspace/nestling-pip-v2/design/animations/rive/bolt/frames/s1_eating_2.png
[13:16:01.195] rive  compiling 6 markup files as one document: pipstage.rml, shared.rml, stage1.rml, stage2.rml, stage3.rml, stage4.rml
[13:16:01.715] rive  built /Users/ibrar/Desktop/infinora.noworkspace/nestling-pip-v2/tools/rive/bolt/build/pip_bolt.riv (161033 bytes, 524ms, 0 errors, 0 warnings)
[13:16:01.717] rive  data: mood = 2
[13:16:01.717] rive  showing Stage1 [3/5]
[13:16:01.718] rive  viewport 240x240 @1x
[13:16:01.726] rive  wrote /Users/ibrar/Desktop/infinora.noworkspace/nestling-pip-v2/design/animations/rive/bolt/frames/s1_eating_3.png
[13:16:01.794] rive  compiling 6 markup files as one document: pipstage.rml, shared.rml, stage1.rml, stage2.rml, stage3.rml, stage4.rml
[13:16:02.327] rive  built /Users/ibrar/Desktop/infinora.noworkspace/nestling-pip-v2/tools/rive/bolt/build/pip_bolt.riv (161033 bytes, 538ms, 0 errors, 0 warnings)
[13:16:02.329] rive  data: mood = 2
[13:16:02.329] rive  showing Stage1 [3/5]
[13:16:02.330] rive  viewport 240x240 @1x
[13:16:02.338] rive  wrote /Users/ibrar/Desktop/infinora.noworkspace/nestling-pip-v2/design/animations/rive/bolt/frames/s1_eating_4.png
[13:16:02.407] rive  compiling 6 markup files as one document: pipstage.rml, shared.rml, stage1.rml, stage2.rml, stage3.rml, stage4.rml
[13:16:02.930] rive  built /Users/ibrar/Desktop/infinora.noworkspace/nestling-pip-v2/tools/rive/bolt/build/pip_bolt.riv (161033 bytes, 526ms, 0 errors, 0 warnings)
[13:16:02.932] rive  data: mood = 2
[13:16:02.932] rive  showing Stage1 [3/5]
[13:16:02.932] rive  viewport 240x240 @1x
[13:16:02.942] rive  wrote /Users/ibrar/Desktop/infinora.noworkspace/nestling-pip-v2/design/animations/rive/bolt/frames/s1_eating_5.png
[13:16:03.026] rive  compiling 6 markup files as one document: pipstage.rml, shared.rml, stage1.rml, stage2.rml, stage3.rml, stage4.rml
[13:16:03.547] rive  built /Users/ibrar/Desktop/infinora.noworkspace/nestling-pip-v2/tools/rive/bolt/build/pip_bolt.riv (161033 bytes, 524ms, 0 errors, 0 warnings)
[13:16:03.549] rive  data: mood = 2
[13:16:03.549] rive  showing Stage1 [3/5]
[13:16:03.549] rive  viewport 240x240 @1x
[13:16:03.557] rive  wrote /Users/ibrar/Desktop/infinora.noworkspace/nestling-pip-v2/design/animations/rive/bolt/frames/s1_eating_6.png
[13:16:03.626] rive  compiling 6 markup files as one document: pipstage.rml, shared.rml, stage1.rml, stage2.rml, stage3.rml, stage4.rml
[13:16:04.141] rive  built /Users/ibrar/Desktop/infinora.noworkspace/nestling-pip-v2/tools/rive/bolt/build/pip_bolt.riv (161033 bytes, 519ms, 0 errors, 0 warnings)
[13:16:04.143] rive  data: mood = 3
[13:16:04.143] rive  showing Stage1 [3/5]
[13:16:04.143] rive  viewport 240x240 @1x
[13:16:04.152] rive  wrote /Users/ibrar/Desktop/infinora.noworkspace/nestling-pip-v2/design/animations/rive/bolt/frames/s1_sleepy_0.png
[13:16:04.221] rive  compiling 6 markup files as one document: pipstage.rml, shared.rml, stage1.rml, stage2.rml, stage3.rml, stage4.rml
[13:16:04.915] rive  built /Users/ibrar/Desktop/infinora.noworkspace/nestling-pip-v2/tools/rive/bolt/build/pip_bolt.riv (161033 bytes, 697ms, 0 errors, 0 warnings)
[13:16:04.917] rive  data: mood = 3
[13:16:04.917] rive  showing Stage1 [3/5]
[13:16:04.918] rive  viewport 240x240 @1x
[13:16:04.925] rive  wrote /Users/ibrar/Desktop/infinora.noworkspace/nestling-pip-v2/design/animations/rive/bolt/frames/s1_sleepy_1.png
[13:16:04.993] rive  compiling 6 markup files as one document: pipstage.rml, shared.rml, stage1.rml, stage2.rml, stage3.rml, stage4.rml
[13:16:05.524] rive  built /Users/ibrar/Desktop/infinora.noworkspace/nestling-pip-v2/tools/rive/bolt/build/pip_bolt.riv (161033 bytes, 535ms, 0 errors, 0 warnings)
[13:16:05.527] rive  data: mood = 3
[13:16:05.527] rive  showing Stage1 [3/5]
[13:16:05.527] rive  viewport 240x240 @1x
[13:16:05.535] rive  wrote /Users/ibrar/Desktop/infinora.noworkspace/nestling-pip-v2/design/animations/rive/bolt/frames/s1_sleepy_2.png
[13:16:05.600] rive  compiling 6 markup files as one document: pipstage.rml, shared.rml, stage1.rml, stage2.rml, stage3.rml, stage4.rml
[13:16:06.114] rive  built /Users/ibrar/Desktop/infinora.noworkspace/nestling-pip-v2/tools/rive/bolt/build/pip_bolt.riv (161033 bytes, 517ms, 0 errors, 0 warnings)
[13:16:06.116] rive  data: mood = 3
[13:16:06.116] rive  showing Stage1 [3/5]
[13:16:06.116] rive  viewport 240x240 @1x
[13:16:06.123] rive  wrote /Users/ibrar/Desktop/infinora.noworkspace/nestling-pip-v2/design/animations/rive/bolt/frames/s1_sleepy_3.png
[13:16:06.190] rive  compiling 6 markup files as one document: pipstage.rml, shared.rml, stage1.rml, stage2.rml, stage3.rml, stage4.rml
[13:16:06.705] rive  built /Users/ibrar/Desktop/infinora.noworkspace/nestling-pip-v2/tools/rive/bolt/build/pip_bolt.riv (161033 bytes, 518ms, 0 errors, 0 warnings)
[13:16:06.708] rive  data: mood = 3
[13:16:06.708] rive  showing Stage1 [3/5]
[13:16:06.708] rive  viewport 240x240 @1x
[13:16:06.715] rive  wrote /Users/ibrar/Desktop/infinora.noworkspace/nestling-pip-v2/design/animations/rive/bolt/frames/s1_sleepy_4.png
[13:16:06.781] rive  compiling 6 markup files as one document: pipstage.rml, shared.rml, stage1.rml, stage2.rml, stage3.rml, stage4.rml
[13:16:07.298] rive  built /Users/ibrar/Desktop/infinora.noworkspace/nestling-pip-v2/tools/rive/bolt/build/pip_bolt.riv (161033 bytes, 522ms, 0 errors, 0 warnings)
[13:16:07.301] rive  data: mood = 3
[13:16:07.301] rive  showing Stage1 [3/5]
[13:16:07.302] rive  viewport 240x240 @1x
[13:16:07.308] rive  wrote /Users/ibrar/Desktop/infinora.noworkspace/nestling-pip-v2/design/animations/rive/bolt/frames/s1_sleepy_5.png
[13:16:07.375] rive  compiling 6 markup files as one document: pipstage.rml, shared.rml, stage1.rml, stage2.rml, stage3.rml, stage4.rml
[13:16:07.892] rive  built /Users/ibrar/Desktop/infinora.noworkspace/nestling-pip-v2/tools/rive/bolt/build/pip_bolt.riv (161033 bytes, 521ms, 0 errors, 0 warnings)
[13:16:07.895] rive  data: mood = 3
[13:16:07.895] rive  showing Stage1 [3/5]
[13:16:07.896] rive  viewport 240x240 @1x
[13:16:07.903] rive  wrote /Users/ibrar/Desktop/infinora.noworkspace/nestling-pip-v2/design/animations/rive/bolt/frames/s1_sleepy_6.png
[13:16:07.977] rive  compiling 6 markup files as one document: pipstage.rml, shared.rml, stage1.rml, stage2.rml, stage3.rml, stage4.rml
[13:16:08.497] rive  built /Users/ibrar/Desktop/infinora.noworkspace/nestling-pip-v2/tools/rive/bolt/build/pip_bolt.riv (161033 bytes, 524ms, 0 errors, 0 warnings)
[13:16:08.500] rive  data: mood = 4
[13:16:08.500] rive  showing Stage1 [3/5]
[13:16:08.500] rive  viewport 240x240 @1x
[13:16:08.506] rive  wrote /Users/ibrar/Desktop/infinora.noworkspace/nestling-pip-v2/design/animations/rive/bolt/frames/s1_surprised_0.png
[13:16:08.574] rive  compiling 6 markup files as one document: pipstage.rml, shared.rml, stage1.rml, stage2.rml, stage3.rml, stage4.rml
[13:16:09.083] rive  built /Users/ibrar/Desktop/infinora.noworkspace/nestling-pip-v2/tools/rive/bolt/build/pip_bolt.riv (161033 bytes, 513ms, 0 errors, 0 warnings)
[13:16:09.085] rive  data: mood = 4
[13:16:09.085] rive  showing Stage1 [3/5]
[13:16:09.085] rive  viewport 240x240 @1x
[13:16:09.092] rive  wrote /Users/ibrar/Desktop/infinora.noworkspace/nestling-pip-v2/design/animations/rive/bolt/frames/s1_surprised_1.png
[13:16:09.158] rive  compiling 6 markup files as one document: pipstage.rml, shared.rml, stage1.rml, stage2.rml, stage3.rml, stage4.rml
[13:16:09.681] rive  built /Users/ibrar/Desktop/infinora.noworkspace/nestling-pip-v2/tools/rive/bolt/build/pip_bolt.riv (161033 bytes, 527ms, 0 errors, 0 warnings)
[13:16:09.684] rive  data: mood = 4
[13:16:09.684] rive  showing Stage1 [3/5]
[13:16:09.684] rive  viewport 240x240 @1x
[13:16:09.692] rive  wrote /Users/ibrar/Desktop/infinora.noworkspace/nestling-pip-v2/design/animations/rive/bolt/frames/s1_surprised_2.png
[13:16:09.757] rive  compiling 6 markup files as one document: pipstage.rml, shared.rml, stage1.rml, stage2.rml, stage3.rml, stage4.rml
[13:16:10.272] rive  built /Users/ibrar/Desktop/infinora.noworkspace/nestling-pip-v2/tools/rive/bolt/build/pip_bolt.riv (161033 bytes, 518ms, 0 errors, 0 warnings)
[13:16:10.274] rive  data: mood = 4
[13:16:10.274] rive  showing Stage1 [3/5]
[13:16:10.274] rive  viewport 240x240 @1x
[13:16:10.281] rive  wrote /Users/ibrar/Desktop/infinora.noworkspace/nestling-pip-v2/design/animations/rive/bolt/frames/s1_surprised_3.png
[13:16:10.346] rive  compiling 6 markup files as one document: pipstage.rml, shared.rml, stage1.rml, stage2.rml, stage3.rml, stage4.rml
[13:16:10.865] rive  built /Users/ibrar/Desktop/infinora.noworkspace/nestling-pip-v2/tools/rive/bolt/build/pip_bolt.riv (161033 bytes, 521ms, 0 errors, 0 warnings)
[13:16:10.867] rive  data: mood = 4
[13:16:10.867] rive  showing Stage1 [3/5]
[13:16:10.868] rive  viewport 240x240 @1x
[13:16:10.874] rive  wrote /Users/ibrar/Desktop/infinora.noworkspace/nestling-pip-v2/design/animations/rive/bolt/frames/s1_surprised_4.png
[13:16:10.942] rive  compiling 6 markup files as one document: pipstage.rml, shared.rml, stage1.rml, stage2.rml, stage3.rml, stage4.rml
[13:16:11.461] rive  built /Users/ibrar/Desktop/infinora.noworkspace/nestling-pip-v2/tools/rive/bolt/build/pip_bolt.riv (161033 bytes, 522ms, 0 errors, 0 warnings)
[13:16:11.463] rive  data: mood = 4
[13:16:11.463] rive  showing Stage1 [3/5]
[13:16:11.463] rive  viewport 240x240 @1x
[13:16:11.470] rive  wrote /Users/ibrar/Desktop/infinora.noworkspace/nestling-pip-v2/design/animations/rive/bolt/frames/s1_surprised_5.png
[13:16:11.536] rive  compiling 6 markup files as one document: pipstage.rml, shared.rml, stage1.rml, stage2.rml, stage3.rml, stage4.rml
[13:16:12.050] rive  built /Users/ibrar/Desktop/infinora.noworkspace/nestling-pip-v2/tools/rive/bolt/build/pip_bolt.riv (161033 bytes, 518ms, 0 errors, 0 warnings)
[13:16:12.052] rive  data: mood = 4
[13:16:12.052] rive  showing Stage1 [3/5]
[13:16:12.053] rive  viewport 240x240 @1x
[13:16:12.060] rive  wrote /Users/ibrar/Desktop/infinora.noworkspace/nestling-pip-v2/design/animations/rive/bolt/frames/s1_surprised_6.png
[13:16:12.126] rive  compiling 6 markup files as one document: pipstage.rml, shared.rml, stage1.rml, stage2.rml, stage3.rml, stage4.rml
[13:16:12.644] rive  built /Users/ibrar/Desktop/infinora.noworkspace/nestling-pip-v2/tools/rive/bolt/build/pip_bolt.riv (161033 bytes, 522ms, 0 errors, 0 warnings)
[13:16:12.646] rive  data: mood = 5
[13:16:12.646] rive  showing Stage1 [3/5]
[13:16:12.646] rive  viewport 240x240 @1x
[13:16:12.653] rive  wrote /Users/ibrar/Desktop/infinora.noworkspace/nestling-pip-v2/design/animations/rive/bolt/frames/s1_proud_0.png
[13:16:12.719] rive  compiling 6 markup files as one document: pipstage.rml, shared.rml, stage1.rml, stage2.rml, stage3.rml, stage4.rml
[13:16:13.234] rive  built /Users/ibrar/Desktop/infinora.noworkspace/nestling-pip-v2/tools/rive/bolt/build/pip_bolt.riv (161033 bytes, 518ms, 0 errors, 0 warnings)
[13:16:13.236] rive  data: mood = 5
[13:16:13.236] rive  showing Stage1 [3/5]
[13:16:13.236] rive  viewport 240x240 @1x
[13:16:13.244] rive  wrote /Users/ibrar/Desktop/infinora.noworkspace/nestling-pip-v2/design/animations/rive/bolt/frames/s1_proud_1.png
[13:16:13.314] rive  compiling 6 markup files as one document: pipstage.rml, shared.rml, stage1.rml, stage2.rml, stage3.rml, stage4.rml
[13:16:13.844] rive  built /Users/ibrar/Desktop/infinora.noworkspace/nestling-pip-v2/tools/rive/bolt/build/pip_bolt.riv (161033 bytes, 533ms, 0 errors, 0 warnings)
[13:16:13.846] rive  data: mood = 5
[13:16:13.846] rive  showing Stage1 [3/5]
[13:16:13.846] rive  viewport 240x240 @1x
[13:16:13.853] rive  wrote /Users/ibrar/Desktop/infinora.noworkspace/nestling-pip-v2/design/animations/rive/bolt/frames/s1_proud_2.png
[13:16:13.920] rive  compiling 6 markup files as one document: pipstage.rml, shared.rml, stage1.rml, stage2.rml, stage3.rml, stage4.rml
[13:16:14.472] rive  built /Users/ibrar/Desktop/infinora.noworkspace/nestling-pip-v2/tools/rive/bolt/build/pip_bolt.riv (161033 bytes, 555ms, 0 errors, 0 warnings)
[13:16:14.475] rive  data: mood = 5
[13:16:14.475] rive  showing Stage1 [3/5]
[13:16:14.475] rive  viewport 240x240 @1x
[13:16:14.482] rive  wrote /Users/ibrar/Desktop/infinora.noworkspace/nestling-pip-v2/design/animations/rive/bolt/frames/s1_proud_3.png
[13:16:14.548] rive  compiling 6 markup files as one document: pipstage.rml, shared.rml, stage1.rml, stage2.rml, stage3.rml, stage4.rml
[13:16:15.078] rive  built /Users/ibrar/Desktop/infinora.noworkspace/nestling-pip-v2/tools/rive/bolt/build/pip_bolt.riv (161033 bytes, 533ms, 0 errors, 0 warnings)
[13:16:15.081] rive  data: mood = 5
[13:16:15.081] rive  showing Stage1 [3/5]
[13:16:15.081] rive  viewport 240x240 @1x
[13:16:15.088] rive  wrote /Users/ibrar/Desktop/infinora.noworkspace/nestling-pip-v2/design/animations/rive/bolt/frames/s1_proud_4.png
[13:16:15.156] rive  compiling 6 markup files as one document: pipstage.rml, shared.rml, stage1.rml, stage2.rml, stage3.rml, stage4.rml
[13:16:15.698] rive  built /Users/ibrar/Desktop/infinora.noworkspace/nestling-pip-v2/tools/rive/bolt/build/pip_bolt.riv (161033 bytes, 546ms, 0 errors, 0 warnings)
[13:16:15.700] rive  data: mood = 5
[13:16:15.700] rive  showing Stage1 [3/5]
[13:16:15.701] rive  viewport 240x240 @1x
[13:16:15.707] rive  wrote /Users/ibrar/Desktop/infinora.noworkspace/nestling-pip-v2/design/animations/rive/bolt/frames/s1_proud_5.png
[13:16:15.776] rive  compiling 6 markup files as one document: pipstage.rml, shared.rml, stage1.rml, stage2.rml, stage3.rml, stage4.rml
[13:16:16.308] rive  built /Users/ibrar/Desktop/infinora.noworkspace/nestling-pip-v2/tools/rive/bolt/build/pip_bolt.riv (161033 bytes, 535ms, 0 errors, 0 warnings)
[13:16:16.310] rive  data: mood = 5
[13:16:16.310] rive  showing Stage1 [3/5]
[13:16:16.311] rive  viewport 240x240 @1x
[13:16:16.317] rive  wrote /Users/ibrar/Desktop/infinora.noworkspace/nestling-pip-v2/design/animations/rive/bolt/frames/s1_proud_6.png
[13:16:16.385] rive  compiling 6 markup files as one document: pipstage.rml, shared.rml, stage1.rml, stage2.rml, stage3.rml, stage4.rml
[13:16:16.916] rive  built /Users/ibrar/Desktop/infinora.noworkspace/nestling-pip-v2/tools/rive/bolt/build/pip_bolt.riv (161033 bytes, 534ms, 0 errors, 0 warnings)
[13:16:16.918] rive  data: evolve = 1
[13:16:16.918] rive  showing Stage1 [3/5]
[13:16:16.918] rive  viewport 240x240 @1x
[13:16:16.924] rive  wrote /Users/ibrar/Desktop/infinora.noworkspace/nestling-pip-v2/design/animations/rive/bolt/frames/s1_evolve_0.png
[13:16:16.991] rive  compiling 6 markup files as one document: pipstage.rml, shared.rml, stage1.rml, stage2.rml, stage3.rml, stage4.rml
[13:16:17.537] rive  built /Users/ibrar/Desktop/infinora.noworkspace/nestling-pip-v2/tools/rive/bolt/build/pip_bolt.riv (161033 bytes, 550ms, 0 errors, 0 warnings)
[13:16:17.539] rive  data: evolve = 1
[13:16:17.539] rive  showing Stage1 [3/5]
[13:16:17.539] rive  viewport 240x240 @1x
[13:16:17.547] rive  wrote /Users/ibrar/Desktop/infinora.noworkspace/nestling-pip-v2/design/animations/rive/bolt/frames/s1_evolve_1.png
[13:16:17.614] rive  compiling 6 markup files as one document: pipstage.rml, shared.rml, stage1.rml, stage2.rml, stage3.rml, stage4.rml
[13:16:18.150] rive  built /Users/ibrar/Desktop/infinora.noworkspace/nestling-pip-v2/tools/rive/bolt/build/pip_bolt.riv (161033 bytes, 539ms, 0 errors, 0 warnings)
[13:16:18.152] rive  data: evolve = 1
[13:16:18.152] rive  showing Stage1 [3/5]
[13:16:18.152] rive  viewport 240x240 @1x
[13:16:18.160] rive  wrote /Users/ibrar/Desktop/infinora.noworkspace/nestling-pip-v2/design/animations/rive/bolt/frames/s1_evolve_2.png
[13:16:18.228] rive  compiling 6 markup files as one document: pipstage.rml, shared.rml, stage1.rml, stage2.rml, stage3.rml, stage4.rml
[13:16:18.777] rive  built /Users/ibrar/Desktop/infinora.noworkspace/nestling-pip-v2/tools/rive/bolt/build/pip_bolt.riv (161033 bytes, 552ms, 0 errors, 0 warnings)
[13:16:18.779] rive  data: evolve = 1
[13:16:18.779] rive  showing Stage1 [3/5]
[13:16:18.780] rive  viewport 240x240 @1x
[13:16:18.787] rive  wrote /Users/ibrar/Desktop/infinora.noworkspace/nestling-pip-v2/design/animations/rive/bolt/frames/s1_evolve_3.png
[13:16:18.857] rive  compiling 6 markup files as one document: pipstage.rml, shared.rml, stage1.rml, stage2.rml, stage3.rml, stage4.rml
[13:16:19.404] rive  built /Users/ibrar/Desktop/infinora.noworkspace/nestling-pip-v2/tools/rive/bolt/build/pip_bolt.riv (161033 bytes, 551ms, 0 errors, 0 warnings)
[13:16:19.407] rive  data: evolve = 1
[13:16:19.407] rive  showing Stage1 [3/5]
[13:16:19.407] rive  viewport 240x240 @1x
[13:16:19.415] rive  wrote /Users/ibrar/Desktop/infinora.noworkspace/nestling-pip-v2/design/animations/rive/bolt/frames/s1_evolve_4.png
[13:16:19.483] rive  compiling 6 markup files as one document: pipstage.rml, shared.rml, stage1.rml, stage2.rml, stage3.rml, stage4.rml
[13:16:20.015] rive  built /Users/ibrar/Desktop/infinora.noworkspace/nestling-pip-v2/tools/rive/bolt/build/pip_bolt.riv (161033 bytes, 535ms, 0 errors, 0 warnings)
[13:16:20.017] rive  data: evolve = 1
[13:16:20.017] rive  showing Stage1 [3/5]
[13:16:20.017] rive  viewport 240x240 @1x
[13:16:20.024] rive  wrote /Users/ibrar/Desktop/infinora.noworkspace/nestling-pip-v2/design/animations/rive/bolt/frames/s1_evolve_5.png
[13:16:20.090] rive  compiling 6 markup files as one document: pipstage.rml, shared.rml, stage1.rml, stage2.rml, stage3.rml, stage4.rml
[13:16:20.627] rive  built /Users/ibrar/Desktop/infinora.noworkspace/nestling-pip-v2/tools/rive/bolt/build/pip_bolt.riv (161033 bytes, 541ms, 0 errors, 0 warnings)
[13:16:20.629] rive  data: evolve = 1
[13:16:20.629] rive  showing Stage1 [3/5]
[13:16:20.630] rive  viewport 240x240 @1x
[13:16:20.637] rive  wrote /Users/ibrar/Desktop/infinora.noworkspace/nestling-pip-v2/design/animations/rive/bolt/frames/s1_evolve_6.png
[13:16:20.702] rive  compiling 6 markup files as one document: pipstage.rml, shared.rml, stage1.rml, stage2.rml, stage3.rml, stage4.rml
[13:16:21.237] rive  built /Users/ibrar/Desktop/infinora.noworkspace/nestling-pip-v2/tools/rive/bolt/build/pip_bolt.riv (161033 bytes, 537ms, 0 errors, 0 warnings)
[13:16:21.239] rive  data: mood = 0
[13:16:21.239] rive  showing Stage2 [4/5]
[13:16:21.239] rive  viewport 240x240 @1x
[13:16:21.246] rive  wrote /Users/ibrar/Desktop/infinora.noworkspace/nestling-pip-v2/design/animations/rive/bolt/frames/s2_idle_0.png
[13:16:21.312] rive  compiling 6 markup files as one document: pipstage.rml, shared.rml, stage1.rml, stage2.rml, stage3.rml, stage4.rml
[13:16:21.834] rive  built /Users/ibrar/Desktop/infinora.noworkspace/nestling-pip-v2/tools/rive/bolt/build/pip_bolt.riv (161033 bytes, 526ms, 0 errors, 0 warnings)
[13:16:21.837] rive  data: mood = 0
[13:16:21.837] rive  showing Stage2 [4/5]
[13:16:21.837] rive  viewport 240x240 @1x
[13:16:21.844] rive  wrote /Users/ibrar/Desktop/infinora.noworkspace/nestling-pip-v2/design/animations/rive/bolt/frames/s2_idle_1.png
[13:16:21.915] rive  compiling 6 markup files as one document: pipstage.rml, shared.rml, stage1.rml, stage2.rml, stage3.rml, stage4.rml
[13:16:22.438] rive  built /Users/ibrar/Desktop/infinora.noworkspace/nestling-pip-v2/tools/rive/bolt/build/pip_bolt.riv (161033 bytes, 527ms, 0 errors, 0 warnings)
[13:16:22.440] rive  data: mood = 0
[13:16:22.440] rive  showing Stage2 [4/5]
[13:16:22.440] rive  viewport 240x240 @1x
[13:16:22.447] rive  wrote /Users/ibrar/Desktop/infinora.noworkspace/nestling-pip-v2/design/animations/rive/bolt/frames/s2_idle_2.png
[13:16:22.514] rive  compiling 6 markup files as one document: pipstage.rml, shared.rml, stage1.rml, stage2.rml, stage3.rml, stage4.rml
[13:16:23.046] rive  built /Users/ibrar/Desktop/infinora.noworkspace/nestling-pip-v2/tools/rive/bolt/build/pip_bolt.riv (161033 bytes, 536ms, 0 errors, 0 warnings)
[13:16:23.048] rive  data: mood = 0
[13:16:23.048] rive  showing Stage2 [4/5]
[13:16:23.048] rive  viewport 240x240 @1x
[13:16:23.056] rive  wrote /Users/ibrar/Desktop/infinora.noworkspace/nestling-pip-v2/design/animations/rive/bolt/frames/s2_idle_3.png
[13:16:23.120] rive  compiling 6 markup files as one document: pipstage.rml, shared.rml, stage1.rml, stage2.rml, stage3.rml, stage4.rml
[13:16:23.648] rive  built /Users/ibrar/Desktop/infinora.noworkspace/nestling-pip-v2/tools/rive/bolt/build/pip_bolt.riv (161033 bytes, 531ms, 0 errors, 0 warnings)
[13:16:23.651] rive  data: mood = 0
[13:16:23.651] rive  showing Stage2 [4/5]
[13:16:23.651] rive  viewport 240x240 @1x
[13:16:23.658] rive  wrote /Users/ibrar/Desktop/infinora.noworkspace/nestling-pip-v2/design/animations/rive/bolt/frames/s2_idle_4.png
[13:16:23.725] rive  compiling 6 markup files as one document: pipstage.rml, shared.rml, stage1.rml, stage2.rml, stage3.rml, stage4.rml
[13:16:24.253] rive  built /Users/ibrar/Desktop/infinora.noworkspace/nestling-pip-v2/tools/rive/bolt/build/pip_bolt.riv (161033 bytes, 531ms, 0 errors, 0 warnings)
[13:16:24.255] rive  data: mood = 0
[13:16:24.255] rive  showing Stage2 [4/5]
[13:16:24.256] rive  viewport 240x240 @1x
[13:16:24.263] rive  wrote /Users/ibrar/Desktop/infinora.noworkspace/nestling-pip-v2/design/animations/rive/bolt/frames/s2_idle_5.png
[13:16:24.330] rive  compiling 6 markup files as one document: pipstage.rml, shared.rml, stage1.rml, stage2.rml, stage3.rml, stage4.rml
[13:16:24.863] rive  built /Users/ibrar/Desktop/infinora.noworkspace/nestling-pip-v2/tools/rive/bolt/build/pip_bolt.riv (161033 bytes, 536ms, 0 errors, 0 warnings)
[13:16:24.865] rive  data: mood = 0
[13:16:24.865] rive  showing Stage2 [4/5]
[13:16:24.866] rive  viewport 240x240 @1x
[13:16:24.873] rive  wrote /Users/ibrar/Desktop/infinora.noworkspace/nestling-pip-v2/design/animations/rive/bolt/frames/s2_idle_6.png
[13:16:24.941] rive  compiling 6 markup files as one document: pipstage.rml, shared.rml, stage1.rml, stage2.rml, stage3.rml, stage4.rml
[13:16:25.479] rive  built /Users/ibrar/Desktop/infinora.noworkspace/nestling-pip-v2/tools/rive/bolt/build/pip_bolt.riv (161033 bytes, 542ms, 0 errors, 0 warnings)
[13:16:25.482] rive  data: mood = 1
[13:16:25.482] rive  showing Stage2 [4/5]
[13:16:25.482] rive  viewport 240x240 @1x
[13:16:25.489] rive  wrote /Users/ibrar/Desktop/infinora.noworkspace/nestling-pip-v2/design/animations/rive/bolt/frames/s2_happy_0.png
[13:16:25.555] rive  compiling 6 markup files as one document: pipstage.rml, shared.rml, stage1.rml, stage2.rml, stage3.rml, stage4.rml
[13:16:26.094] rive  built /Users/ibrar/Desktop/infinora.noworkspace/nestling-pip-v2/tools/rive/bolt/build/pip_bolt.riv (161033 bytes, 543ms, 0 errors, 0 warnings)
[13:16:26.097] rive  data: mood = 1
[13:16:26.097] rive  showing Stage2 [4/5]
[13:16:26.097] rive  viewport 240x240 @1x
[13:16:26.104] rive  wrote /Users/ibrar/Desktop/infinora.noworkspace/nestling-pip-v2/design/animations/rive/bolt/frames/s2_happy_1.png
[13:16:26.170] rive  compiling 6 markup files as one document: pipstage.rml, shared.rml, stage1.rml, stage2.rml, stage3.rml, stage4.rml
[13:16:26.706] rive  built /Users/ibrar/Desktop/infinora.noworkspace/nestling-pip-v2/tools/rive/bolt/build/pip_bolt.riv (161033 bytes, 540ms, 0 errors, 0 warnings)
[13:16:26.708] rive  data: mood = 1
[13:16:26.708] rive  showing Stage2 [4/5]
[13:16:26.708] rive  viewport 240x240 @1x
[13:16:26.715] rive  wrote /Users/ibrar/Desktop/infinora.noworkspace/nestling-pip-v2/design/animations/rive/bolt/frames/s2_happy_2.png
[13:16:26.781] rive  compiling 6 markup files as one document: pipstage.rml, shared.rml, stage1.rml, stage2.rml, stage3.rml, stage4.rml
[13:16:27.326] rive  built /Users/ibrar/Desktop/infinora.noworkspace/nestling-pip-v2/tools/rive/bolt/build/pip_bolt.riv (161033 bytes, 548ms, 0 errors, 0 warnings)
[13:16:27.328] rive  data: mood = 1
[13:16:27.328] rive  showing Stage2 [4/5]
[13:16:27.328] rive  viewport 240x240 @1x
[13:16:27.336] rive  wrote /Users/ibrar/Desktop/infinora.noworkspace/nestling-pip-v2/design/animations/rive/bolt/frames/s2_happy_3.png
[13:16:27.400] rive  compiling 6 markup files as one document: pipstage.rml, shared.rml, stage1.rml, stage2.rml, stage3.rml, stage4.rml
[13:16:27.934] rive  built /Users/ibrar/Desktop/infinora.noworkspace/nestling-pip-v2/tools/rive/bolt/build/pip_bolt.riv (161033 bytes, 537ms, 0 errors, 0 warnings)
[13:16:27.937] rive  data: mood = 1
[13:16:27.937] rive  showing Stage2 [4/5]
[13:16:27.937] rive  viewport 240x240 @1x
[13:16:27.944] rive  wrote /Users/ibrar/Desktop/infinora.noworkspace/nestling-pip-v2/design/animations/rive/bolt/frames/s2_happy_4.png
[13:16:28.014] rive  compiling 6 markup files as one document: pipstage.rml, shared.rml, stage1.rml, stage2.rml, stage3.rml, stage4.rml
[13:16:28.546] rive  built /Users/ibrar/Desktop/infinora.noworkspace/nestling-pip-v2/tools/rive/bolt/build/pip_bolt.riv (161033 bytes, 535ms, 0 errors, 0 warnings)
[13:16:28.548] rive  data: mood = 1
[13:16:28.548] rive  showing Stage2 [4/5]
[13:16:28.548] rive  viewport 240x240 @1x
[13:16:28.555] rive  wrote /Users/ibrar/Desktop/infinora.noworkspace/nestling-pip-v2/design/animations/rive/bolt/frames/s2_happy_5.png
[13:16:28.623] rive  compiling 6 markup files as one document: pipstage.rml, shared.rml, stage1.rml, stage2.rml, stage3.rml, stage4.rml
[13:16:29.159] rive  built /Users/ibrar/Desktop/infinora.noworkspace/nestling-pip-v2/tools/rive/bolt/build/pip_bolt.riv (161033 bytes, 540ms, 0 errors, 0 warnings)
[13:16:29.161] rive  data: mood = 1
[13:16:29.161] rive  showing Stage2 [4/5]
[13:16:29.162] rive  viewport 240x240 @1x
[13:16:29.168] rive  wrote /Users/ibrar/Desktop/infinora.noworkspace/nestling-pip-v2/design/animations/rive/bolt/frames/s2_happy_6.png
[13:16:29.234] rive  compiling 6 markup files as one document: pipstage.rml, shared.rml, stage1.rml, stage2.rml, stage3.rml, stage4.rml
[13:16:29.763] rive  built /Users/ibrar/Desktop/infinora.noworkspace/nestling-pip-v2/tools/rive/bolt/build/pip_bolt.riv (161033 bytes, 532ms, 0 errors, 0 warnings)
[13:16:29.765] rive  data: mood = 2
[13:16:29.765] rive  showing Stage2 [4/5]
[13:16:29.765] rive  viewport 240x240 @1x
[13:16:29.772] rive  wrote /Users/ibrar/Desktop/infinora.noworkspace/nestling-pip-v2/design/animations/rive/bolt/frames/s2_eating_0.png
[13:16:29.838] rive  compiling 6 markup files as one document: pipstage.rml, shared.rml, stage1.rml, stage2.rml, stage3.rml, stage4.rml
[13:16:30.368] rive  built /Users/ibrar/Desktop/infinora.noworkspace/nestling-pip-v2/tools/rive/bolt/build/pip_bolt.riv (161033 bytes, 534ms, 0 errors, 0 warnings)
[13:16:30.370] rive  data: mood = 2
[13:16:30.370] rive  showing Stage2 [4/5]
[13:16:30.371] rive  viewport 240x240 @1x
[13:16:30.377] rive  wrote /Users/ibrar/Desktop/infinora.noworkspace/nestling-pip-v2/design/animations/rive/bolt/frames/s2_eating_1.png
[13:16:30.445] rive  compiling 6 markup files as one document: pipstage.rml, shared.rml, stage1.rml, stage2.rml, stage3.rml, stage4.rml
[13:16:30.975] rive  built /Users/ibrar/Desktop/infinora.noworkspace/nestling-pip-v2/tools/rive/bolt/build/pip_bolt.riv (161033 bytes, 534ms, 0 errors, 0 warnings)
[13:16:30.977] rive  data: mood = 2
[13:16:30.977] rive  showing Stage2 [4/5]
[13:16:30.977] rive  viewport 240x240 @1x
[13:16:30.984] rive  wrote /Users/ibrar/Desktop/infinora.noworkspace/nestling-pip-v2/design/animations/rive/bolt/frames/s2_eating_2.png
[13:16:31.055] rive  compiling 6 markup files as one document: pipstage.rml, shared.rml, stage1.rml, stage2.rml, stage3.rml, stage4.rml
[13:16:31.589] rive  built /Users/ibrar/Desktop/infinora.noworkspace/nestling-pip-v2/tools/rive/bolt/build/pip_bolt.riv (161033 bytes, 539ms, 0 errors, 0 warnings)
[13:16:31.592] rive  data: mood = 2
[13:16:31.592] rive  showing Stage2 [4/5]
[13:16:31.592] rive  viewport 240x240 @1x
[13:16:31.599] rive  wrote /Users/ibrar/Desktop/infinora.noworkspace/nestling-pip-v2/design/animations/rive/bolt/frames/s2_eating_3.png
[13:16:31.666] rive  compiling 6 markup files as one document: pipstage.rml, shared.rml, stage1.rml, stage2.rml, stage3.rml, stage4.rml
[13:16:32.200] rive  built /Users/ibrar/Desktop/infinora.noworkspace/nestling-pip-v2/tools/rive/bolt/build/pip_bolt.riv (161033 bytes, 537ms, 0 errors, 0 warnings)
[13:16:32.202] rive  data: mood = 2
[13:16:32.202] rive  showing Stage2 [4/5]
[13:16:32.202] rive  viewport 240x240 @1x
[13:16:32.209] rive  wrote /Users/ibrar/Desktop/infinora.noworkspace/nestling-pip-v2/design/animations/rive/bolt/frames/s2_eating_4.png
[13:16:32.274] rive  compiling 6 markup files as one document: pipstage.rml, shared.rml, stage1.rml, stage2.rml, stage3.rml, stage4.rml
[13:16:32.811] rive  built /Users/ibrar/Desktop/infinora.noworkspace/nestling-pip-v2/tools/rive/bolt/build/pip_bolt.riv (161033 bytes, 540ms, 0 errors, 0 warnings)
[13:16:32.814] rive  data: mood = 2
[13:16:32.814] rive  showing Stage2 [4/5]
[13:16:32.814] rive  viewport 240x240 @1x
[13:16:32.821] rive  wrote /Users/ibrar/Desktop/infinora.noworkspace/nestling-pip-v2/design/animations/rive/bolt/frames/s2_eating_5.png
[13:16:32.889] rive  compiling 6 markup files as one document: pipstage.rml, shared.rml, stage1.rml, stage2.rml, stage3.rml, stage4.rml
[13:16:33.419] rive  built /Users/ibrar/Desktop/infinora.noworkspace/nestling-pip-v2/tools/rive/bolt/build/pip_bolt.riv (161033 bytes, 533ms, 0 errors, 0 warnings)
[13:16:33.421] rive  data: mood = 2
[13:16:33.421] rive  showing Stage2 [4/5]
[13:16:33.421] rive  viewport 240x240 @1x
[13:16:33.428] rive  wrote /Users/ibrar/Desktop/infinora.noworkspace/nestling-pip-v2/design/animations/rive/bolt/frames/s2_eating_6.png
[13:16:33.496] rive  compiling 6 markup files as one document: pipstage.rml, shared.rml, stage1.rml, stage2.rml, stage3.rml, stage4.rml
[13:16:34.036] rive  built /Users/ibrar/Desktop/infinora.noworkspace/nestling-pip-v2/tools/rive/bolt/build/pip_bolt.riv (161033 bytes, 543ms, 0 errors, 0 warnings)
[13:16:34.038] rive  data: mood = 3
[13:16:34.038] rive  showing Stage2 [4/5]
[13:16:34.038] rive  viewport 240x240 @1x
[13:16:34.045] rive  wrote /Users/ibrar/Desktop/infinora.noworkspace/nestling-pip-v2/design/animations/rive/bolt/frames/s2_sleepy_0.png
[13:16:34.113] rive  compiling 6 markup files as one document: pipstage.rml, shared.rml, stage1.rml, stage2.rml, stage3.rml, stage4.rml
[13:16:34.642] rive  built /Users/ibrar/Desktop/infinora.noworkspace/nestling-pip-v2/tools/rive/bolt/build/pip_bolt.riv (161033 bytes, 533ms, 0 errors, 0 warnings)
[13:16:34.644] rive  data: mood = 3
[13:16:34.644] rive  showing Stage2 [4/5]
[13:16:34.645] rive  viewport 240x240 @1x
[13:16:34.652] rive  wrote /Users/ibrar/Desktop/infinora.noworkspace/nestling-pip-v2/design/animations/rive/bolt/frames/s2_sleepy_1.png
[13:16:34.721] rive  compiling 6 markup files as one document: pipstage.rml, shared.rml, stage1.rml, stage2.rml, stage3.rml, stage4.rml
[13:16:35.257] rive  built /Users/ibrar/Desktop/infinora.noworkspace/nestling-pip-v2/tools/rive/bolt/build/pip_bolt.riv (161033 bytes, 539ms, 0 errors, 0 warnings)
[13:16:35.259] rive  data: mood = 3
[13:16:35.259] rive  showing Stage2 [4/5]
[13:16:35.260] rive  viewport 240x240 @1x
[13:16:35.267] rive  wrote /Users/ibrar/Desktop/infinora.noworkspace/nestling-pip-v2/design/animations/rive/bolt/frames/s2_sleepy_2.png
[13:16:35.333] rive  compiling 6 markup files as one document: pipstage.rml, shared.rml, stage1.rml, stage2.rml, stage3.rml, stage4.rml
[13:16:35.857] rive  built /Users/ibrar/Desktop/infinora.noworkspace/nestling-pip-v2/tools/rive/bolt/build/pip_bolt.riv (161033 bytes, 527ms, 0 errors, 0 warnings)
[13:16:35.859] rive  data: mood = 3
[13:16:35.859] rive  showing Stage2 [4/5]
[13:16:35.860] rive  viewport 240x240 @1x
[13:16:35.867] rive  wrote /Users/ibrar/Desktop/infinora.noworkspace/nestling-pip-v2/design/animations/rive/bolt/frames/s2_sleepy_3.png
[13:16:35.933] rive  compiling 6 markup files as one document: pipstage.rml, shared.rml, stage1.rml, stage2.rml, stage3.rml, stage4.rml
[13:16:36.475] rive  built /Users/ibrar/Desktop/infinora.noworkspace/nestling-pip-v2/tools/rive/bolt/build/pip_bolt.riv (161033 bytes, 546ms, 0 errors, 0 warnings)
[13:16:36.477] rive  data: mood = 3
[13:16:36.477] rive  showing Stage2 [4/5]
[13:16:36.478] rive  viewport 240x240 @1x
[13:16:36.485] rive  wrote /Users/ibrar/Desktop/infinora.noworkspace/nestling-pip-v2/design/animations/rive/bolt/frames/s2_sleepy_4.png
[13:16:36.551] rive  compiling 6 markup files as one document: pipstage.rml, shared.rml, stage1.rml, stage2.rml, stage3.rml, stage4.rml
[13:16:37.099] rive  built /Users/ibrar/Desktop/infinora.noworkspace/nestling-pip-v2/tools/rive/bolt/build/pip_bolt.riv (161033 bytes, 551ms, 0 errors, 0 warnings)
[13:16:37.101] rive  data: mood = 3
[13:16:37.101] rive  showing Stage2 [4/5]
[13:16:37.102] rive  viewport 240x240 @1x
[13:16:37.109] rive  wrote /Users/ibrar/Desktop/infinora.noworkspace/nestling-pip-v2/design/animations/rive/bolt/frames/s2_sleepy_5.png
[13:16:37.181] rive  compiling 6 markup files as one document: pipstage.rml, shared.rml, stage1.rml, stage2.rml, stage3.rml, stage4.rml
[13:16:37.713] rive  built /Users/ibrar/Desktop/infinora.noworkspace/nestling-pip-v2/tools/rive/bolt/build/pip_bolt.riv (161033 bytes, 535ms, 0 errors, 0 warnings)
[13:16:37.715] rive  data: mood = 3
[13:16:37.715] rive  showing Stage2 [4/5]
[13:16:37.716] rive  viewport 240x240 @1x
[13:16:37.723] rive  wrote /Users/ibrar/Desktop/infinora.noworkspace/nestling-pip-v2/design/animations/rive/bolt/frames/s2_sleepy_6.png
[13:16:37.791] rive  compiling 6 markup files as one document: pipstage.rml, shared.rml, stage1.rml, stage2.rml, stage3.rml, stage4.rml
[13:16:38.316] rive  built /Users/ibrar/Desktop/infinora.noworkspace/nestling-pip-v2/tools/rive/bolt/build/pip_bolt.riv (161033 bytes, 529ms, 0 errors, 0 warnings)
[13:16:38.318] rive  data: mood = 4
[13:16:38.319] rive  showing Stage2 [4/5]
[13:16:38.319] rive  viewport 240x240 @1x
[13:16:38.327] rive  wrote /Users/ibrar/Desktop/infinora.noworkspace/nestling-pip-v2/design/animations/rive/bolt/frames/s2_surprised_0.png
[13:16:38.399] rive  compiling 6 markup files as one document: pipstage.rml, shared.rml, stage1.rml, stage2.rml, stage3.rml, stage4.rml
[13:16:38.939] rive  built /Users/ibrar/Desktop/infinora.noworkspace/nestling-pip-v2/tools/rive/bolt/build/pip_bolt.riv (161033 bytes, 543ms, 0 errors, 0 warnings)
[13:16:38.941] rive  data: mood = 4
[13:16:38.941] rive  showing Stage2 [4/5]
[13:16:38.941] rive  viewport 240x240 @1x
[13:16:38.948] rive  wrote /Users/ibrar/Desktop/infinora.noworkspace/nestling-pip-v2/design/animations/rive/bolt/frames/s2_surprised_1.png
[13:16:39.015] rive  compiling 6 markup files as one document: pipstage.rml, shared.rml, stage1.rml, stage2.rml, stage3.rml, stage4.rml
[13:16:39.541] rive  built /Users/ibrar/Desktop/infinora.noworkspace/nestling-pip-v2/tools/rive/bolt/build/pip_bolt.riv (161033 bytes, 529ms, 0 errors, 0 warnings)
[13:16:39.543] rive  data: mood = 4
[13:16:39.543] rive  showing Stage2 [4/5]
[13:16:39.543] rive  viewport 240x240 @1x
[13:16:39.550] rive  wrote /Users/ibrar/Desktop/infinora.noworkspace/nestling-pip-v2/design/animations/rive/bolt/frames/s2_surprised_2.png
[13:16:39.616] rive  compiling 6 markup files as one document: pipstage.rml, shared.rml, stage1.rml, stage2.rml, stage3.rml, stage4.rml
[13:16:40.147] rive  built /Users/ibrar/Desktop/infinora.noworkspace/nestling-pip-v2/tools/rive/bolt/build/pip_bolt.riv (161033 bytes, 534ms, 0 errors, 0 warnings)
[13:16:40.149] rive  data: mood = 4
[13:16:40.149] rive  showing Stage2 [4/5]
[13:16:40.149] rive  viewport 240x240 @1x
[13:16:40.156] rive  wrote /Users/ibrar/Desktop/infinora.noworkspace/nestling-pip-v2/design/animations/rive/bolt/frames/s2_surprised_3.png
[13:16:40.222] rive  compiling 6 markup files as one document: pipstage.rml, shared.rml, stage1.rml, stage2.rml, stage3.rml, stage4.rml
[13:16:40.764] rive  built /Users/ibrar/Desktop/infinora.noworkspace/nestling-pip-v2/tools/rive/bolt/build/pip_bolt.riv (161033 bytes, 546ms, 0 errors, 0 warnings)
[13:16:40.766] rive  data: mood = 4
[13:16:40.767] rive  showing Stage2 [4/5]
[13:16:40.767] rive  viewport 240x240 @1x
[13:16:40.774] rive  wrote /Users/ibrar/Desktop/infinora.noworkspace/nestling-pip-v2/design/animations/rive/bolt/frames/s2_surprised_4.png
[13:16:40.846] rive  compiling 6 markup files as one document: pipstage.rml, shared.rml, stage1.rml, stage2.rml, stage3.rml, stage4.rml
[13:16:41.393] rive  built /Users/ibrar/Desktop/infinora.noworkspace/nestling-pip-v2/tools/rive/bolt/build/pip_bolt.riv (161033 bytes, 551ms, 0 errors, 0 warnings)
[13:16:41.395] rive  data: mood = 4
[13:16:41.395] rive  showing Stage2 [4/5]
[13:16:41.395] rive  viewport 240x240 @1x
[13:16:41.402] rive  wrote /Users/ibrar/Desktop/infinora.noworkspace/nestling-pip-v2/design/animations/rive/bolt/frames/s2_surprised_5.png
[13:16:41.467] rive  compiling 6 markup files as one document: pipstage.rml, shared.rml, stage1.rml, stage2.rml, stage3.rml, stage4.rml
[13:16:42.016] rive  built /Users/ibrar/Desktop/infinora.noworkspace/nestling-pip-v2/tools/rive/bolt/build/pip_bolt.riv (161033 bytes, 553ms, 0 errors, 0 warnings)
[13:16:42.018] rive  data: mood = 4
[13:16:42.018] rive  showing Stage2 [4/5]
[13:16:42.019] rive  viewport 240x240 @1x
[13:16:42.026] rive  wrote /Users/ibrar/Desktop/infinora.noworkspace/nestling-pip-v2/design/animations/rive/bolt/frames/s2_surprised_6.png
[13:16:42.091] rive  compiling 6 markup files as one document: pipstage.rml, shared.rml, stage1.rml, stage2.rml, stage3.rml, stage4.rml
[13:16:42.633] rive  built /Users/ibrar/Desktop/infinora.noworkspace/nestling-pip-v2/tools/rive/bolt/build/pip_bolt.riv (161033 bytes, 545ms, 0 errors, 0 warnings)
[13:16:42.635] rive  data: mood = 5
[13:16:42.635] rive  showing Stage2 [4/5]
[13:16:42.635] rive  viewport 240x240 @1x
[13:16:42.642] rive  wrote /Users/ibrar/Desktop/infinora.noworkspace/nestling-pip-v2/design/animations/rive/bolt/frames/s2_proud_0.png
[13:16:42.713] rive  compiling 6 markup files as one document: pipstage.rml, shared.rml, stage1.rml, stage2.rml, stage3.rml, stage4.rml
[13:16:43.254] rive  built /Users/ibrar/Desktop/infinora.noworkspace/nestling-pip-v2/tools/rive/bolt/build/pip_bolt.riv (161033 bytes, 544ms, 0 errors, 0 warnings)
[13:16:43.256] rive  data: mood = 5
[13:16:43.256] rive  showing Stage2 [4/5]
[13:16:43.256] rive  viewport 240x240 @1x
[13:16:43.264] rive  wrote /Users/ibrar/Desktop/infinora.noworkspace/nestling-pip-v2/design/animations/rive/bolt/frames/s2_proud_1.png
[13:16:43.329] rive  compiling 6 markup files as one document: pipstage.rml, shared.rml, stage1.rml, stage2.rml, stage3.rml, stage4.rml
[13:16:43.854] rive  built /Users/ibrar/Desktop/infinora.noworkspace/nestling-pip-v2/tools/rive/bolt/build/pip_bolt.riv (161033 bytes, 528ms, 0 errors, 0 warnings)
[13:16:43.856] rive  data: mood = 5
[13:16:43.856] rive  showing Stage2 [4/5]
[13:16:43.856] rive  viewport 240x240 @1x
[13:16:43.863] rive  wrote /Users/ibrar/Desktop/infinora.noworkspace/nestling-pip-v2/design/animations/rive/bolt/frames/s2_proud_2.png
[13:16:43.938] rive  compiling 6 markup files as one document: pipstage.rml, shared.rml, stage1.rml, stage2.rml, stage3.rml, stage4.rml
[13:16:44.471] rive  built /Users/ibrar/Desktop/infinora.noworkspace/nestling-pip-v2/tools/rive/bolt/build/pip_bolt.riv (161033 bytes, 538ms, 0 errors, 0 warnings)
[13:16:44.474] rive  data: mood = 5
[13:16:44.474] rive  showing Stage2 [4/5]
[13:16:44.474] rive  viewport 240x240 @1x
[13:16:44.481] rive  wrote /Users/ibrar/Desktop/infinora.noworkspace/nestling-pip-v2/design/animations/rive/bolt/frames/s2_proud_3.png
[13:16:44.547] rive  compiling 6 markup files as one document: pipstage.rml, shared.rml, stage1.rml, stage2.rml, stage3.rml, stage4.rml
[13:16:45.067] rive  built /Users/ibrar/Desktop/infinora.noworkspace/nestling-pip-v2/tools/rive/bolt/build/pip_bolt.riv (161033 bytes, 523ms, 0 errors, 0 warnings)
[13:16:45.069] rive  data: mood = 5
[13:16:45.069] rive  showing Stage2 [4/5]
[13:16:45.069] rive  viewport 240x240 @1x
[13:16:45.076] rive  wrote /Users/ibrar/Desktop/infinora.noworkspace/nestling-pip-v2/design/animations/rive/bolt/frames/s2_proud_4.png
[13:16:45.147] rive  compiling 6 markup files as one document: pipstage.rml, shared.rml, stage1.rml, stage2.rml, stage3.rml, stage4.rml
[13:16:45.683] rive  built /Users/ibrar/Desktop/infinora.noworkspace/nestling-pip-v2/tools/rive/bolt/build/pip_bolt.riv (161033 bytes, 539ms, 0 errors, 0 warnings)
[13:16:45.685] rive  data: mood = 5
[13:16:45.685] rive  showing Stage2 [4/5]
[13:16:45.685] rive  viewport 240x240 @1x
[13:16:45.693] rive  wrote /Users/ibrar/Desktop/infinora.noworkspace/nestling-pip-v2/design/animations/rive/bolt/frames/s2_proud_5.png
[13:16:45.760] rive  compiling 6 markup files as one document: pipstage.rml, shared.rml, stage1.rml, stage2.rml, stage3.rml, stage4.rml
[13:16:46.300] rive  built /Users/ibrar/Desktop/infinora.noworkspace/nestling-pip-v2/tools/rive/bolt/build/pip_bolt.riv (161033 bytes, 544ms, 0 errors, 0 warnings)
[13:16:46.302] rive  data: mood = 5
[13:16:46.302] rive  showing Stage2 [4/5]
[13:16:46.302] rive  viewport 240x240 @1x
[13:16:46.309] rive  wrote /Users/ibrar/Desktop/infinora.noworkspace/nestling-pip-v2/design/animations/rive/bolt/frames/s2_proud_6.png
[13:16:46.377] rive  compiling 6 markup files as one document: pipstage.rml, shared.rml, stage1.rml, stage2.rml, stage3.rml, stage4.rml
[13:16:46.909] rive  built /Users/ibrar/Desktop/infinora.noworkspace/nestling-pip-v2/tools/rive/bolt/build/pip_bolt.riv (161033 bytes, 536ms, 0 errors, 0 warnings)
[13:16:46.911] rive  data: evolve = 1
[13:16:46.911] rive  showing Stage2 [4/5]
[13:16:46.911] rive  viewport 240x240 @1x
[13:16:46.918] rive  wrote /Users/ibrar/Desktop/infinora.noworkspace/nestling-pip-v2/design/animations/rive/bolt/frames/s2_evolve_0.png
[13:16:46.987] rive  compiling 6 markup files as one document: pipstage.rml, shared.rml, stage1.rml, stage2.rml, stage3.rml, stage4.rml
[13:16:47.518] rive  built /Users/ibrar/Desktop/infinora.noworkspace/nestling-pip-v2/tools/rive/bolt/build/pip_bolt.riv (161033 bytes, 534ms, 0 errors, 0 warnings)
[13:16:47.520] rive  data: evolve = 1
[13:16:47.520] rive  showing Stage2 [4/5]
[13:16:47.520] rive  viewport 240x240 @1x
[13:16:47.528] rive  wrote /Users/ibrar/Desktop/infinora.noworkspace/nestling-pip-v2/design/animations/rive/bolt/frames/s2_evolve_1.png
[13:16:47.596] rive  compiling 6 markup files as one document: pipstage.rml, shared.rml, stage1.rml, stage2.rml, stage3.rml, stage4.rml
[13:16:48.121] rive  built /Users/ibrar/Desktop/infinora.noworkspace/nestling-pip-v2/tools/rive/bolt/build/pip_bolt.riv (161033 bytes, 528ms, 0 errors, 0 warnings)
[13:16:48.123] rive  data: evolve = 1
[13:16:48.123] rive  showing Stage2 [4/5]
[13:16:48.123] rive  viewport 240x240 @1x
[13:16:48.130] rive  wrote /Users/ibrar/Desktop/infinora.noworkspace/nestling-pip-v2/design/animations/rive/bolt/frames/s2_evolve_2.png
[13:16:48.197] rive  compiling 6 markup files as one document: pipstage.rml, shared.rml, stage1.rml, stage2.rml, stage3.rml, stage4.rml
[13:16:48.719] rive  built /Users/ibrar/Desktop/infinora.noworkspace/nestling-pip-v2/tools/rive/bolt/build/pip_bolt.riv (161033 bytes, 526ms, 0 errors, 0 warnings)
[13:16:48.721] rive  data: evolve = 1
[13:16:48.721] rive  showing Stage2 [4/5]
[13:16:48.721] rive  viewport 240x240 @1x
[13:16:48.729] rive  wrote /Users/ibrar/Desktop/infinora.noworkspace/nestling-pip-v2/design/animations/rive/bolt/frames/s2_evolve_3.png
[13:16:48.796] rive  compiling 6 markup files as one document: pipstage.rml, shared.rml, stage1.rml, stage2.rml, stage3.rml, stage4.rml
[13:16:49.318] rive  built /Users/ibrar/Desktop/infinora.noworkspace/nestling-pip-v2/tools/rive/bolt/build/pip_bolt.riv (161033 bytes, 525ms, 0 errors, 0 warnings)
[13:16:49.320] rive  data: evolve = 1
[13:16:49.321] rive  showing Stage2 [4/5]
[13:16:49.321] rive  viewport 240x240 @1x
[13:16:49.329] rive  wrote /Users/ibrar/Desktop/infinora.noworkspace/nestling-pip-v2/design/animations/rive/bolt/frames/s2_evolve_4.png
[13:16:49.395] rive  compiling 6 markup files as one document: pipstage.rml, shared.rml, stage1.rml, stage2.rml, stage3.rml, stage4.rml
[13:16:49.912] rive  built /Users/ibrar/Desktop/infinora.noworkspace/nestling-pip-v2/tools/rive/bolt/build/pip_bolt.riv (161033 bytes, 520ms, 0 errors, 0 warnings)
[13:16:49.914] rive  data: evolve = 1
[13:16:49.914] rive  showing Stage2 [4/5]
[13:16:49.914] rive  viewport 240x240 @1x
[13:16:49.922] rive  wrote /Users/ibrar/Desktop/infinora.noworkspace/nestling-pip-v2/design/animations/rive/bolt/frames/s2_evolve_5.png
[13:16:49.988] rive  compiling 6 markup files as one document: pipstage.rml, shared.rml, stage1.rml, stage2.rml, stage3.rml, stage4.rml
[13:16:50.515] rive  built /Users/ibrar/Desktop/infinora.noworkspace/nestling-pip-v2/tools/rive/bolt/build/pip_bolt.riv (161033 bytes, 530ms, 0 errors, 0 warnings)
[13:16:50.517] rive  data: evolve = 1
[13:16:50.517] rive  showing Stage2 [4/5]
[13:16:50.518] rive  viewport 240x240 @1x
[13:16:50.525] rive  wrote /Users/ibrar/Desktop/infinora.noworkspace/nestling-pip-v2/design/animations/rive/bolt/frames/s2_evolve_6.png
[13:16:50.590] rive  compiling 6 markup files as one document: pipstage.rml, shared.rml, stage1.rml, stage2.rml, stage3.rml, stage4.rml
[13:16:51.111] rive  built /Users/ibrar/Desktop/infinora.noworkspace/nestling-pip-v2/tools/rive/bolt/build/pip_bolt.riv (161033 bytes, 525ms, 0 errors, 0 warnings)
[13:16:51.113] rive  data: mood = 0
[13:16:51.113] rive  showing Stage3 [1/5]
[13:16:51.113] rive  viewport 240x240 @1x
[13:16:51.121] rive  wrote /Users/ibrar/Desktop/infinora.noworkspace/nestling-pip-v2/design/animations/rive/bolt/frames/s3_idle_0.png
[13:16:51.189] rive  compiling 6 markup files as one document: pipstage.rml, shared.rml, stage1.rml, stage2.rml, stage3.rml, stage4.rml
[13:16:51.720] rive  built /Users/ibrar/Desktop/infinora.noworkspace/nestling-pip-v2/tools/rive/bolt/build/pip_bolt.riv (161033 bytes, 534ms, 0 errors, 0 warnings)
[13:16:51.722] rive  data: mood = 0
[13:16:51.722] rive  showing Stage3 [1/5]
[13:16:51.722] rive  viewport 240x240 @1x
[13:16:51.729] rive  wrote /Users/ibrar/Desktop/infinora.noworkspace/nestling-pip-v2/design/animations/rive/bolt/frames/s3_idle_1.png
[13:16:51.797] rive  compiling 6 markup files as one document: pipstage.rml, shared.rml, stage1.rml, stage2.rml, stage3.rml, stage4.rml
[13:16:52.319] rive  built /Users/ibrar/Desktop/infinora.noworkspace/nestling-pip-v2/tools/rive/bolt/build/pip_bolt.riv (161033 bytes, 525ms, 0 errors, 0 warnings)
[13:16:52.321] rive  data: mood = 0
[13:16:52.321] rive  showing Stage3 [1/5]
[13:16:52.321] rive  viewport 240x240 @1x
[13:16:52.329] rive  wrote /Users/ibrar/Desktop/infinora.noworkspace/nestling-pip-v2/design/animations/rive/bolt/frames/s3_idle_2.png
[13:16:52.397] rive  compiling 6 markup files as one document: pipstage.rml, shared.rml, stage1.rml, stage2.rml, stage3.rml, stage4.rml
[13:16:52.933] rive  built /Users/ibrar/Desktop/infinora.noworkspace/nestling-pip-v2/tools/rive/bolt/build/pip_bolt.riv (161033 bytes, 539ms, 0 errors, 0 warnings)
[13:16:52.935] rive  data: mood = 0
[13:16:52.935] rive  showing Stage3 [1/5]
[13:16:52.935] rive  viewport 240x240 @1x
[13:16:52.943] rive  wrote /Users/ibrar/Desktop/infinora.noworkspace/nestling-pip-v2/design/animations/rive/bolt/frames/s3_idle_3.png
[13:16:53.010] rive  compiling 6 markup files as one document: pipstage.rml, shared.rml, stage1.rml, stage2.rml, stage3.rml, stage4.rml
[13:16:53.532] rive  built /Users/ibrar/Desktop/infinora.noworkspace/nestling-pip-v2/tools/rive/bolt/build/pip_bolt.riv (161033 bytes, 526ms, 0 errors, 0 warnings)
[13:16:53.534] rive  data: mood = 0
[13:16:53.534] rive  showing Stage3 [1/5]
[13:16:53.535] rive  viewport 240x240 @1x
[13:16:53.543] rive  wrote /Users/ibrar/Desktop/infinora.noworkspace/nestling-pip-v2/design/animations/rive/bolt/frames/s3_idle_4.png
[13:16:53.610] rive  compiling 6 markup files as one document: pipstage.rml, shared.rml, stage1.rml, stage2.rml, stage3.rml, stage4.rml
[13:16:54.134] rive  built /Users/ibrar/Desktop/infinora.noworkspace/nestling-pip-v2/tools/rive/bolt/build/pip_bolt.riv (161033 bytes, 527ms, 0 errors, 0 warnings)
[13:16:54.136] rive  data: mood = 0
[13:16:54.136] rive  showing Stage3 [1/5]
[13:16:54.136] rive  viewport 240x240 @1x
[13:16:54.144] rive  wrote /Users/ibrar/Desktop/infinora.noworkspace/nestling-pip-v2/design/animations/rive/bolt/frames/s3_idle_5.png
[13:16:54.213] rive  compiling 6 markup files as one document: pipstage.rml, shared.rml, stage1.rml, stage2.rml, stage3.rml, stage4.rml
[13:16:54.731] rive  built /Users/ibrar/Desktop/infinora.noworkspace/nestling-pip-v2/tools/rive/bolt/build/pip_bolt.riv (161033 bytes, 522ms, 0 errors, 0 warnings)
[13:16:54.734] rive  data: mood = 0
[13:16:54.734] rive  showing Stage3 [1/5]
[13:16:54.735] rive  viewport 240x240 @1x
[13:16:54.742] rive  wrote /Users/ibrar/Desktop/infinora.noworkspace/nestling-pip-v2/design/animations/rive/bolt/frames/s3_idle_6.png
[13:16:54.809] rive  compiling 6 markup files as one document: pipstage.rml, shared.rml, stage1.rml, stage2.rml, stage3.rml, stage4.rml
[13:16:55.341] rive  built /Users/ibrar/Desktop/infinora.noworkspace/nestling-pip-v2/tools/rive/bolt/build/pip_bolt.riv (161033 bytes, 535ms, 0 errors, 0 warnings)
[13:16:55.343] rive  data: mood = 1
[13:16:55.343] rive  showing Stage3 [1/5]
[13:16:55.343] rive  viewport 240x240 @1x
[13:16:55.351] rive  wrote /Users/ibrar/Desktop/infinora.noworkspace/nestling-pip-v2/design/animations/rive/bolt/frames/s3_happy_0.png
[13:16:55.417] rive  compiling 6 markup files as one document: pipstage.rml, shared.rml, stage1.rml, stage2.rml, stage3.rml, stage4.rml
[13:16:55.945] rive  built /Users/ibrar/Desktop/infinora.noworkspace/nestling-pip-v2/tools/rive/bolt/build/pip_bolt.riv (161033 bytes, 531ms, 0 errors, 0 warnings)
[13:16:55.947] rive  data: mood = 1
[13:16:55.947] rive  showing Stage3 [1/5]
[13:16:55.947] rive  viewport 240x240 @1x
[13:16:55.954] rive  wrote /Users/ibrar/Desktop/infinora.noworkspace/nestling-pip-v2/design/animations/rive/bolt/frames/s3_happy_1.png
[13:16:56.022] rive  compiling 6 markup files as one document: pipstage.rml, shared.rml, stage1.rml, stage2.rml, stage3.rml, stage4.rml
[13:16:56.559] rive  built /Users/ibrar/Desktop/infinora.noworkspace/nestling-pip-v2/tools/rive/bolt/build/pip_bolt.riv (161033 bytes, 541ms, 0 errors, 0 warnings)
[13:16:56.561] rive  data: mood = 1
[13:16:56.561] rive  showing Stage3 [1/5]
[13:16:56.561] rive  viewport 240x240 @1x
[13:16:56.569] rive  wrote /Users/ibrar/Desktop/infinora.noworkspace/nestling-pip-v2/design/animations/rive/bolt/frames/s3_happy_2.png
[13:16:56.638] rive  compiling 6 markup files as one document: pipstage.rml, shared.rml, stage1.rml, stage2.rml, stage3.rml, stage4.rml
[13:16:57.158] rive  built /Users/ibrar/Desktop/infinora.noworkspace/nestling-pip-v2/tools/rive/bolt/build/pip_bolt.riv (161033 bytes, 523ms, 0 errors, 0 warnings)
[13:16:57.160] rive  data: mood = 1
[13:16:57.160] rive  showing Stage3 [1/5]
[13:16:57.160] rive  viewport 240x240 @1x
[13:16:57.167] rive  wrote /Users/ibrar/Desktop/infinora.noworkspace/nestling-pip-v2/design/animations/rive/bolt/frames/s3_happy_3.png
[13:16:57.235] rive  compiling 6 markup files as one document: pipstage.rml, shared.rml, stage1.rml, stage2.rml, stage3.rml, stage4.rml
[13:16:57.765] rive  built /Users/ibrar/Desktop/infinora.noworkspace/nestling-pip-v2/tools/rive/bolt/build/pip_bolt.riv (161033 bytes, 533ms, 0 errors, 0 warnings)
[13:16:57.767] rive  data: mood = 1
[13:16:57.767] rive  showing Stage3 [1/5]
[13:16:57.767] rive  viewport 240x240 @1x
[13:16:57.774] rive  wrote /Users/ibrar/Desktop/infinora.noworkspace/nestling-pip-v2/design/animations/rive/bolt/frames/s3_happy_4.png
[13:16:57.841] rive  compiling 6 markup files as one document: pipstage.rml, shared.rml, stage1.rml, stage2.rml, stage3.rml, stage4.rml
[13:16:58.362] rive  built /Users/ibrar/Desktop/infinora.noworkspace/nestling-pip-v2/tools/rive/bolt/build/pip_bolt.riv (161033 bytes, 524ms, 0 errors, 0 warnings)
[13:16:58.364] rive  data: mood = 1
[13:16:58.364] rive  showing Stage3 [1/5]
[13:16:58.364] rive  viewport 240x240 @1x
[13:16:58.371] rive  wrote /Users/ibrar/Desktop/infinora.noworkspace/nestling-pip-v2/design/animations/rive/bolt/frames/s3_happy_5.png
[13:16:58.439] rive  compiling 6 markup files as one document: pipstage.rml, shared.rml, stage1.rml, stage2.rml, stage3.rml, stage4.rml
[13:16:58.969] rive  built /Users/ibrar/Desktop/infinora.noworkspace/nestling-pip-v2/tools/rive/bolt/build/pip_bolt.riv (161033 bytes, 534ms, 0 errors, 0 warnings)
[13:16:58.971] rive  data: mood = 1
[13:16:58.972] rive  showing Stage3 [1/5]
[13:16:58.972] rive  viewport 240x240 @1x
[13:16:58.979] rive  wrote /Users/ibrar/Desktop/infinora.noworkspace/nestling-pip-v2/design/animations/rive/bolt/frames/s3_happy_6.png
[13:16:59.047] rive  compiling 6 markup files as one document: pipstage.rml, shared.rml, stage1.rml, stage2.rml, stage3.rml, stage4.rml
[13:16:59.564] rive  built /Users/ibrar/Desktop/infinora.noworkspace/nestling-pip-v2/tools/rive/bolt/build/pip_bolt.riv (161033 bytes, 520ms, 0 errors, 0 warnings)
[13:16:59.566] rive  data: mood = 2
[13:16:59.566] rive  showing Stage3 [1/5]
[13:16:59.566] rive  viewport 240x240 @1x
[13:16:59.573] rive  wrote /Users/ibrar/Desktop/infinora.noworkspace/nestling-pip-v2/design/animations/rive/bolt/frames/s3_eating_0.png
[13:16:59.640] rive  compiling 6 markup files as one document: pipstage.rml, shared.rml, stage1.rml, stage2.rml, stage3.rml, stage4.rml
[13:17:00.156] rive  built /Users/ibrar/Desktop/infinora.noworkspace/nestling-pip-v2/tools/rive/bolt/build/pip_bolt.riv (161033 bytes, 520ms, 0 errors, 0 warnings)
[13:17:00.158] rive  data: mood = 2
[13:17:00.158] rive  showing Stage3 [1/5]
[13:17:00.158] rive  viewport 240x240 @1x
[13:17:00.166] rive  wrote /Users/ibrar/Desktop/infinora.noworkspace/nestling-pip-v2/design/animations/rive/bolt/frames/s3_eating_1.png
[13:17:00.231] rive  compiling 6 markup files as one document: pipstage.rml, shared.rml, stage1.rml, stage2.rml, stage3.rml, stage4.rml
[13:17:00.747] rive  built /Users/ibrar/Desktop/infinora.noworkspace/nestling-pip-v2/tools/rive/bolt/build/pip_bolt.riv (161033 bytes, 519ms, 0 errors, 0 warnings)
[13:17:00.749] rive  data: mood = 2
[13:17:00.749] rive  showing Stage3 [1/5]
[13:17:00.749] rive  viewport 240x240 @1x
[13:17:00.756] rive  wrote /Users/ibrar/Desktop/infinora.noworkspace/nestling-pip-v2/design/animations/rive/bolt/frames/s3_eating_2.png
[13:17:00.824] rive  compiling 6 markup files as one document: pipstage.rml, shared.rml, stage1.rml, stage2.rml, stage3.rml, stage4.rml
[13:17:01.341] rive  built /Users/ibrar/Desktop/infinora.noworkspace/nestling-pip-v2/tools/rive/bolt/build/pip_bolt.riv (161033 bytes, 521ms, 0 errors, 0 warnings)
[13:17:01.343] rive  data: mood = 2
[13:17:01.344] rive  showing Stage3 [1/5]
[13:17:01.344] rive  viewport 240x240 @1x
[13:17:01.352] rive  wrote /Users/ibrar/Desktop/infinora.noworkspace/nestling-pip-v2/design/animations/rive/bolt/frames/s3_eating_3.png
[13:17:01.421] rive  compiling 6 markup files as one document: pipstage.rml, shared.rml, stage1.rml, stage2.rml, stage3.rml, stage4.rml
[13:17:01.945] rive  built /Users/ibrar/Desktop/infinora.noworkspace/nestling-pip-v2/tools/rive/bolt/build/pip_bolt.riv (161033 bytes, 528ms, 0 errors, 0 warnings)
[13:17:01.947] rive  data: mood = 2
[13:17:01.947] rive  showing Stage3 [1/5]
[13:17:01.947] rive  viewport 240x240 @1x
[13:17:01.955] rive  wrote /Users/ibrar/Desktop/infinora.noworkspace/nestling-pip-v2/design/animations/rive/bolt/frames/s3_eating_4.png
[13:17:02.024] rive  compiling 6 markup files as one document: pipstage.rml, shared.rml, stage1.rml, stage2.rml, stage3.rml, stage4.rml
[13:17:02.564] rive  built /Users/ibrar/Desktop/infinora.noworkspace/nestling-pip-v2/tools/rive/bolt/build/pip_bolt.riv (161033 bytes, 544ms, 0 errors, 0 warnings)
[13:17:02.566] rive  data: mood = 2
[13:17:02.567] rive  showing Stage3 [1/5]
[13:17:02.567] rive  viewport 240x240 @1x
[13:17:02.575] rive  wrote /Users/ibrar/Desktop/infinora.noworkspace/nestling-pip-v2/design/animations/rive/bolt/frames/s3_eating_5.png
[13:17:02.644] rive  compiling 6 markup files as one document: pipstage.rml, shared.rml, stage1.rml, stage2.rml, stage3.rml, stage4.rml
[13:17:03.170] rive  built /Users/ibrar/Desktop/infinora.noworkspace/nestling-pip-v2/tools/rive/bolt/build/pip_bolt.riv (161033 bytes, 530ms, 0 errors, 0 warnings)
[13:17:03.172] rive  data: mood = 2
[13:17:03.172] rive  showing Stage3 [1/5]
[13:17:03.172] rive  viewport 240x240 @1x
[13:17:03.180] rive  wrote /Users/ibrar/Desktop/infinora.noworkspace/nestling-pip-v2/design/animations/rive/bolt/frames/s3_eating_6.png
[13:17:03.246] rive  compiling 6 markup files as one document: pipstage.rml, shared.rml, stage1.rml, stage2.rml, stage3.rml, stage4.rml
[13:17:03.772] rive  built /Users/ibrar/Desktop/infinora.noworkspace/nestling-pip-v2/tools/rive/bolt/build/pip_bolt.riv (161033 bytes, 530ms, 0 errors, 0 warnings)
[13:17:03.775] rive  data: mood = 3
[13:17:03.775] rive  showing Stage3 [1/5]
[13:17:03.775] rive  viewport 240x240 @1x
[13:17:03.782] rive  wrote /Users/ibrar/Desktop/infinora.noworkspace/nestling-pip-v2/design/animations/rive/bolt/frames/s3_sleepy_0.png
[13:17:03.850] rive  compiling 6 markup files as one document: pipstage.rml, shared.rml, stage1.rml, stage2.rml, stage3.rml, stage4.rml
[13:17:04.366] rive  built /Users/ibrar/Desktop/infinora.noworkspace/nestling-pip-v2/tools/rive/bolt/build/pip_bolt.riv (161033 bytes, 519ms, 0 errors, 0 warnings)
[13:17:04.368] rive  data: mood = 3
[13:17:04.368] rive  showing Stage3 [1/5]
[13:17:04.368] rive  viewport 240x240 @1x
[13:17:04.375] rive  wrote /Users/ibrar/Desktop/infinora.noworkspace/nestling-pip-v2/design/animations/rive/bolt/frames/s3_sleepy_1.png
[13:17:04.444] rive  compiling 6 markup files as one document: pipstage.rml, shared.rml, stage1.rml, stage2.rml, stage3.rml, stage4.rml
[13:17:04.981] rive  built /Users/ibrar/Desktop/infinora.noworkspace/nestling-pip-v2/tools/rive/bolt/build/pip_bolt.riv (161033 bytes, 540ms, 0 errors, 0 warnings)
[13:17:04.983] rive  data: mood = 3
[13:17:04.983] rive  showing Stage3 [1/5]
[13:17:04.983] rive  viewport 240x240 @1x
[13:17:04.991] rive  wrote /Users/ibrar/Desktop/infinora.noworkspace/nestling-pip-v2/design/animations/rive/bolt/frames/s3_sleepy_2.png
[13:17:05.057] rive  compiling 6 markup files as one document: pipstage.rml, shared.rml, stage1.rml, stage2.rml, stage3.rml, stage4.rml
[13:17:05.585] rive  built /Users/ibrar/Desktop/infinora.noworkspace/nestling-pip-v2/tools/rive/bolt/build/pip_bolt.riv (161033 bytes, 531ms, 0 errors, 0 warnings)
[13:17:05.587] rive  data: mood = 3
[13:17:05.587] rive  showing Stage3 [1/5]
[13:17:05.588] rive  viewport 240x240 @1x
[13:17:05.595] rive  wrote /Users/ibrar/Desktop/infinora.noworkspace/nestling-pip-v2/design/animations/rive/bolt/frames/s3_sleepy_3.png
[13:17:05.662] rive  compiling 6 markup files as one document: pipstage.rml, shared.rml, stage1.rml, stage2.rml, stage3.rml, stage4.rml
[13:17:06.189] rive  built /Users/ibrar/Desktop/infinora.noworkspace/nestling-pip-v2/tools/rive/bolt/build/pip_bolt.riv (161033 bytes, 530ms, 0 errors, 0 warnings)
[13:17:06.191] rive  data: mood = 3
[13:17:06.191] rive  showing Stage3 [1/5]
[13:17:06.192] rive  viewport 240x240 @1x
[13:17:06.199] rive  wrote /Users/ibrar/Desktop/infinora.noworkspace/nestling-pip-v2/design/animations/rive/bolt/frames/s3_sleepy_4.png
[13:17:06.264] rive  compiling 6 markup files as one document: pipstage.rml, shared.rml, stage1.rml, stage2.rml, stage3.rml, stage4.rml
[13:17:06.786] rive  built /Users/ibrar/Desktop/infinora.noworkspace/nestling-pip-v2/tools/rive/bolt/build/pip_bolt.riv (161033 bytes, 525ms, 0 errors, 0 warnings)
[13:17:06.788] rive  data: mood = 3
[13:17:06.788] rive  showing Stage3 [1/5]
[13:17:06.789] rive  viewport 240x240 @1x
[13:17:06.796] rive  wrote /Users/ibrar/Desktop/infinora.noworkspace/nestling-pip-v2/design/animations/rive/bolt/frames/s3_sleepy_5.png
[13:17:06.863] rive  compiling 6 markup files as one document: pipstage.rml, shared.rml, stage1.rml, stage2.rml, stage3.rml, stage4.rml
[13:17:07.383] rive  built /Users/ibrar/Desktop/infinora.noworkspace/nestling-pip-v2/tools/rive/bolt/build/pip_bolt.riv (161033 bytes, 523ms, 0 errors, 0 warnings)
[13:17:07.385] rive  data: mood = 3
[13:17:07.386] rive  showing Stage3 [1/5]
[13:17:07.387] rive  viewport 240x240 @1x
[13:17:07.394] rive  wrote /Users/ibrar/Desktop/infinora.noworkspace/nestling-pip-v2/design/animations/rive/bolt/frames/s3_sleepy_6.png
[13:17:07.462] rive  compiling 6 markup files as one document: pipstage.rml, shared.rml, stage1.rml, stage2.rml, stage3.rml, stage4.rml
[13:17:07.982] rive  built /Users/ibrar/Desktop/infinora.noworkspace/nestling-pip-v2/tools/rive/bolt/build/pip_bolt.riv (161033 bytes, 524ms, 0 errors, 0 warnings)
[13:17:07.984] rive  data: mood = 4
[13:17:07.984] rive  showing Stage3 [1/5]
[13:17:07.984] rive  viewport 240x240 @1x
[13:17:07.991] rive  wrote /Users/ibrar/Desktop/infinora.noworkspace/nestling-pip-v2/design/animations/rive/bolt/frames/s3_surprised_0.png
[13:17:08.059] rive  compiling 6 markup files as one document: pipstage.rml, shared.rml, stage1.rml, stage2.rml, stage3.rml, stage4.rml
[13:17:08.590] rive  built /Users/ibrar/Desktop/infinora.noworkspace/nestling-pip-v2/tools/rive/bolt/build/pip_bolt.riv (161033 bytes, 535ms, 0 errors, 0 warnings)
[13:17:08.592] rive  data: mood = 4
[13:17:08.592] rive  showing Stage3 [1/5]
[13:17:08.593] rive  viewport 240x240 @1x
[13:17:08.600] rive  wrote /Users/ibrar/Desktop/infinora.noworkspace/nestling-pip-v2/design/animations/rive/bolt/frames/s3_surprised_1.png
[13:17:08.666] rive  compiling 6 markup files as one document: pipstage.rml, shared.rml, stage1.rml, stage2.rml, stage3.rml, stage4.rml
[13:17:09.186] rive  built /Users/ibrar/Desktop/infinora.noworkspace/nestling-pip-v2/tools/rive/bolt/build/pip_bolt.riv (161033 bytes, 524ms, 0 errors, 0 warnings)
[13:17:09.188] rive  data: mood = 4
[13:17:09.188] rive  showing Stage3 [1/5]
[13:17:09.188] rive  viewport 240x240 @1x
[13:17:09.196] rive  wrote /Users/ibrar/Desktop/infinora.noworkspace/nestling-pip-v2/design/animations/rive/bolt/frames/s3_surprised_2.png
[13:17:09.262] rive  compiling 6 markup files as one document: pipstage.rml, shared.rml, stage1.rml, stage2.rml, stage3.rml, stage4.rml
[13:17:09.792] rive  built /Users/ibrar/Desktop/infinora.noworkspace/nestling-pip-v2/tools/rive/bolt/build/pip_bolt.riv (161033 bytes, 534ms, 0 errors, 0 warnings)
[13:17:09.794] rive  data: mood = 4
[13:17:09.794] rive  showing Stage3 [1/5]
[13:17:09.794] rive  viewport 240x240 @1x
[13:17:09.802] rive  wrote /Users/ibrar/Desktop/infinora.noworkspace/nestling-pip-v2/design/animations/rive/bolt/frames/s3_surprised_3.png
[13:17:09.876] rive  compiling 6 markup files as one document: pipstage.rml, shared.rml, stage1.rml, stage2.rml, stage3.rml, stage4.rml
[13:17:10.401] rive  built /Users/ibrar/Desktop/infinora.noworkspace/nestling-pip-v2/tools/rive/bolt/build/pip_bolt.riv (161033 bytes, 529ms, 0 errors, 0 warnings)
[13:17:10.403] rive  data: mood = 4
[13:17:10.403] rive  showing Stage3 [1/5]
[13:17:10.404] rive  viewport 240x240 @1x
[13:17:10.411] rive  wrote /Users/ibrar/Desktop/infinora.noworkspace/nestling-pip-v2/design/animations/rive/bolt/frames/s3_surprised_4.png
[13:17:10.478] rive  compiling 6 markup files as one document: pipstage.rml, shared.rml, stage1.rml, stage2.rml, stage3.rml, stage4.rml
[13:17:11.006] rive  built /Users/ibrar/Desktop/infinora.noworkspace/nestling-pip-v2/tools/rive/bolt/build/pip_bolt.riv (161033 bytes, 531ms, 0 errors, 0 warnings)
[13:17:11.008] rive  data: mood = 4
[13:17:11.008] rive  showing Stage3 [1/5]
[13:17:11.008] rive  viewport 240x240 @1x
[13:17:11.016] rive  wrote /Users/ibrar/Desktop/infinora.noworkspace/nestling-pip-v2/design/animations/rive/bolt/frames/s3_surprised_5.png
[13:17:11.081] rive  compiling 6 markup files as one document: pipstage.rml, shared.rml, stage1.rml, stage2.rml, stage3.rml, stage4.rml
[13:17:11.614] rive  built /Users/ibrar/Desktop/infinora.noworkspace/nestling-pip-v2/tools/rive/bolt/build/pip_bolt.riv (161033 bytes, 536ms, 0 errors, 0 warnings)
[13:17:11.616] rive  data: mood = 4
[13:17:11.616] rive  showing Stage3 [1/5]
[13:17:11.617] rive  viewport 240x240 @1x
[13:17:11.625] rive  wrote /Users/ibrar/Desktop/infinora.noworkspace/nestling-pip-v2/design/animations/rive/bolt/frames/s3_surprised_6.png
[13:17:11.693] rive  compiling 6 markup files as one document: pipstage.rml, shared.rml, stage1.rml, stage2.rml, stage3.rml, stage4.rml
[13:17:12.226] rive  built /Users/ibrar/Desktop/infinora.noworkspace/nestling-pip-v2/tools/rive/bolt/build/pip_bolt.riv (161033 bytes, 538ms, 0 errors, 0 warnings)
[13:17:12.228] rive  data: mood = 5
[13:17:12.228] rive  showing Stage3 [1/5]
[13:17:12.228] rive  viewport 240x240 @1x
[13:17:12.236] rive  wrote /Users/ibrar/Desktop/infinora.noworkspace/nestling-pip-v2/design/animations/rive/bolt/frames/s3_proud_0.png
[13:17:12.303] rive  compiling 6 markup files as one document: pipstage.rml, shared.rml, stage1.rml, stage2.rml, stage3.rml, stage4.rml
[13:17:12.832] rive  built /Users/ibrar/Desktop/infinora.noworkspace/nestling-pip-v2/tools/rive/bolt/build/pip_bolt.riv (161033 bytes, 532ms, 0 errors, 0 warnings)
[13:17:12.834] rive  data: mood = 5
[13:17:12.834] rive  showing Stage3 [1/5]
[13:17:12.834] rive  viewport 240x240 @1x
[13:17:12.841] rive  wrote /Users/ibrar/Desktop/infinora.noworkspace/nestling-pip-v2/design/animations/rive/bolt/frames/s3_proud_1.png
[13:17:12.908] rive  compiling 6 markup files as one document: pipstage.rml, shared.rml, stage1.rml, stage2.rml, stage3.rml, stage4.rml
[13:17:13.441] rive  built /Users/ibrar/Desktop/infinora.noworkspace/nestling-pip-v2/tools/rive/bolt/build/pip_bolt.riv (161033 bytes, 536ms, 0 errors, 0 warnings)
[13:17:13.442] rive  data: mood = 5
[13:17:13.443] rive  showing Stage3 [1/5]
[13:17:13.443] rive  viewport 240x240 @1x
[13:17:13.450] rive  wrote /Users/ibrar/Desktop/infinora.noworkspace/nestling-pip-v2/design/animations/rive/bolt/frames/s3_proud_2.png
[13:17:13.516] rive  compiling 6 markup files as one document: pipstage.rml, shared.rml, stage1.rml, stage2.rml, stage3.rml, stage4.rml
[13:17:14.039] rive  built /Users/ibrar/Desktop/infinora.noworkspace/nestling-pip-v2/tools/rive/bolt/build/pip_bolt.riv (161033 bytes, 526ms, 0 errors, 0 warnings)
[13:17:14.041] rive  data: mood = 5
[13:17:14.041] rive  showing Stage3 [1/5]
[13:17:14.041] rive  viewport 240x240 @1x
[13:17:14.049] rive  wrote /Users/ibrar/Desktop/infinora.noworkspace/nestling-pip-v2/design/animations/rive/bolt/frames/s3_proud_3.png
[13:17:14.117] rive  compiling 6 markup files as one document: pipstage.rml, shared.rml, stage1.rml, stage2.rml, stage3.rml, stage4.rml
[13:17:14.650] rive  built /Users/ibrar/Desktop/infinora.noworkspace/nestling-pip-v2/tools/rive/bolt/build/pip_bolt.riv (161033 bytes, 536ms, 0 errors, 0 warnings)
[13:17:14.652] rive  data: mood = 5
[13:17:14.652] rive  showing Stage3 [1/5]
[13:17:14.652] rive  viewport 240x240 @1x
[13:17:14.660] rive  wrote /Users/ibrar/Desktop/infinora.noworkspace/nestling-pip-v2/design/animations/rive/bolt/frames/s3_proud_4.png
[13:17:14.728] rive  compiling 6 markup files as one document: pipstage.rml, shared.rml, stage1.rml, stage2.rml, stage3.rml, stage4.rml
[13:17:15.251] rive  built /Users/ibrar/Desktop/infinora.noworkspace/nestling-pip-v2/tools/rive/bolt/build/pip_bolt.riv (161033 bytes, 527ms, 0 errors, 0 warnings)
[13:17:15.253] rive  data: mood = 5
[13:17:15.253] rive  showing Stage3 [1/5]
[13:17:15.253] rive  viewport 240x240 @1x
[13:17:15.261] rive  wrote /Users/ibrar/Desktop/infinora.noworkspace/nestling-pip-v2/design/animations/rive/bolt/frames/s3_proud_5.png
[13:17:15.329] rive  compiling 6 markup files as one document: pipstage.rml, shared.rml, stage1.rml, stage2.rml, stage3.rml, stage4.rml
[13:17:15.845] rive  built /Users/ibrar/Desktop/infinora.noworkspace/nestling-pip-v2/tools/rive/bolt/build/pip_bolt.riv (161033 bytes, 519ms, 0 errors, 0 warnings)
[13:17:15.847] rive  data: mood = 5
[13:17:15.847] rive  showing Stage3 [1/5]
[13:17:15.847] rive  viewport 240x240 @1x
[13:17:15.855] rive  wrote /Users/ibrar/Desktop/infinora.noworkspace/nestling-pip-v2/design/animations/rive/bolt/frames/s3_proud_6.png
[13:17:15.921] rive  compiling 6 markup files as one document: pipstage.rml, shared.rml, stage1.rml, stage2.rml, stage3.rml, stage4.rml
[13:17:16.443] rive  built /Users/ibrar/Desktop/infinora.noworkspace/nestling-pip-v2/tools/rive/bolt/build/pip_bolt.riv (161033 bytes, 526ms, 0 errors, 0 warnings)
[13:17:16.445] rive  data: evolve = 1
[13:17:16.446] rive  showing Stage3 [1/5]
[13:17:16.446] rive  viewport 240x240 @1x
[13:17:16.453] rive  wrote /Users/ibrar/Desktop/infinora.noworkspace/nestling-pip-v2/design/animations/rive/bolt/frames/s3_evolve_0.png
[13:17:16.520] rive  compiling 6 markup files as one document: pipstage.rml, shared.rml, stage1.rml, stage2.rml, stage3.rml, stage4.rml
[13:17:17.045] rive  built /Users/ibrar/Desktop/infinora.noworkspace/nestling-pip-v2/tools/rive/bolt/build/pip_bolt.riv (161033 bytes, 529ms, 0 errors, 0 warnings)
[13:17:17.047] rive  data: evolve = 1
[13:17:17.047] rive  showing Stage3 [1/5]
[13:17:17.048] rive  viewport 240x240 @1x
[13:17:17.056] rive  wrote /Users/ibrar/Desktop/infinora.noworkspace/nestling-pip-v2/design/animations/rive/bolt/frames/s3_evolve_1.png
[13:17:17.121] rive  compiling 6 markup files as one document: pipstage.rml, shared.rml, stage1.rml, stage2.rml, stage3.rml, stage4.rml
[13:17:17.646] rive  built /Users/ibrar/Desktop/infinora.noworkspace/nestling-pip-v2/tools/rive/bolt/build/pip_bolt.riv (161033 bytes, 528ms, 0 errors, 0 warnings)
[13:17:17.648] rive  data: evolve = 1
[13:17:17.648] rive  showing Stage3 [1/5]
[13:17:17.648] rive  viewport 240x240 @1x
[13:17:17.657] rive  wrote /Users/ibrar/Desktop/infinora.noworkspace/nestling-pip-v2/design/animations/rive/bolt/frames/s3_evolve_2.png
[13:17:17.722] rive  compiling 6 markup files as one document: pipstage.rml, shared.rml, stage1.rml, stage2.rml, stage3.rml, stage4.rml
[13:17:18.247] rive  built /Users/ibrar/Desktop/infinora.noworkspace/nestling-pip-v2/tools/rive/bolt/build/pip_bolt.riv (161033 bytes, 528ms, 0 errors, 0 warnings)
[13:17:18.249] rive  data: evolve = 1
[13:17:18.249] rive  showing Stage3 [1/5]
[13:17:18.250] rive  viewport 240x240 @1x
[13:17:18.258] rive  wrote /Users/ibrar/Desktop/infinora.noworkspace/nestling-pip-v2/design/animations/rive/bolt/frames/s3_evolve_3.png
[13:17:18.327] rive  compiling 6 markup files as one document: pipstage.rml, shared.rml, stage1.rml, stage2.rml, stage3.rml, stage4.rml
[13:17:18.859] rive  built /Users/ibrar/Desktop/infinora.noworkspace/nestling-pip-v2/tools/rive/bolt/build/pip_bolt.riv (161033 bytes, 535ms, 0 errors, 0 warnings)
[13:17:18.861] rive  data: evolve = 1
[13:17:18.861] rive  showing Stage3 [1/5]
[13:17:18.862] rive  viewport 240x240 @1x
[13:17:18.870] rive  wrote /Users/ibrar/Desktop/infinora.noworkspace/nestling-pip-v2/design/animations/rive/bolt/frames/s3_evolve_4.png
[13:17:18.937] rive  compiling 6 markup files as one document: pipstage.rml, shared.rml, stage1.rml, stage2.rml, stage3.rml, stage4.rml
[13:17:19.465] rive  built /Users/ibrar/Desktop/infinora.noworkspace/nestling-pip-v2/tools/rive/bolt/build/pip_bolt.riv (161033 bytes, 532ms, 0 errors, 0 warnings)
[13:17:19.467] rive  data: evolve = 1
[13:17:19.467] rive  showing Stage3 [1/5]
[13:17:19.468] rive  viewport 240x240 @1x
[13:17:19.475] rive  wrote /Users/ibrar/Desktop/infinora.noworkspace/nestling-pip-v2/design/animations/rive/bolt/frames/s3_evolve_5.png
[13:17:19.543] rive  compiling 6 markup files as one document: pipstage.rml, shared.rml, stage1.rml, stage2.rml, stage3.rml, stage4.rml
[13:17:20.061] rive  built /Users/ibrar/Desktop/infinora.noworkspace/nestling-pip-v2/tools/rive/bolt/build/pip_bolt.riv (161033 bytes, 522ms, 0 errors, 0 warnings)
[13:17:20.063] rive  data: evolve = 1
[13:17:20.063] rive  showing Stage3 [1/5]
[13:17:20.064] rive  viewport 240x240 @1x
[13:17:20.071] rive  wrote /Users/ibrar/Desktop/infinora.noworkspace/nestling-pip-v2/design/animations/rive/bolt/frames/s3_evolve_6.png
[13:17:20.138] rive  compiling 6 markup files as one document: pipstage.rml, shared.rml, stage1.rml, stage2.rml, stage3.rml, stage4.rml
[13:17:20.665] rive  built /Users/ibrar/Desktop/infinora.noworkspace/nestling-pip-v2/tools/rive/bolt/build/pip_bolt.riv (161033 bytes, 530ms, 0 errors, 0 warnings)
[13:17:20.667] rive  data: mood = 0
[13:17:20.667] rive  showing Stage4 [5/5]
[13:17:20.667] rive  viewport 240x240 @1x
[13:17:20.674] rive  wrote /Users/ibrar/Desktop/infinora.noworkspace/nestling-pip-v2/design/animations/rive/bolt/frames/s4_idle_0.png
[13:17:20.741] rive  compiling 6 markup files as one document: pipstage.rml, shared.rml, stage1.rml, stage2.rml, stage3.rml, stage4.rml
[13:17:21.265] rive  built /Users/ibrar/Desktop/infinora.noworkspace/nestling-pip-v2/tools/rive/bolt/build/pip_bolt.riv (161033 bytes, 527ms, 0 errors, 0 warnings)
[13:17:21.267] rive  data: mood = 0
[13:17:21.267] rive  showing Stage4 [5/5]
[13:17:21.268] rive  viewport 240x240 @1x
[13:17:21.275] rive  wrote /Users/ibrar/Desktop/infinora.noworkspace/nestling-pip-v2/design/animations/rive/bolt/frames/s4_idle_1.png
[13:17:21.341] rive  compiling 6 markup files as one document: pipstage.rml, shared.rml, stage1.rml, stage2.rml, stage3.rml, stage4.rml
[13:17:21.876] rive  built /Users/ibrar/Desktop/infinora.noworkspace/nestling-pip-v2/tools/rive/bolt/build/pip_bolt.riv (161033 bytes, 539ms, 0 errors, 0 warnings)
[13:17:21.878] rive  data: mood = 0
[13:17:21.878] rive  showing Stage4 [5/5]
[13:17:21.878] rive  viewport 240x240 @1x
[13:17:21.885] rive  wrote /Users/ibrar/Desktop/infinora.noworkspace/nestling-pip-v2/design/animations/rive/bolt/frames/s4_idle_2.png
[13:17:21.953] rive  compiling 6 markup files as one document: pipstage.rml, shared.rml, stage1.rml, stage2.rml, stage3.rml, stage4.rml
[13:17:22.485] rive  built /Users/ibrar/Desktop/infinora.noworkspace/nestling-pip-v2/tools/rive/bolt/build/pip_bolt.riv (161033 bytes, 536ms, 0 errors, 0 warnings)
[13:17:22.488] rive  data: mood = 0
[13:17:22.488] rive  showing Stage4 [5/5]
[13:17:22.488] rive  viewport 240x240 @1x
[13:17:22.496] rive  wrote /Users/ibrar/Desktop/infinora.noworkspace/nestling-pip-v2/design/animations/rive/bolt/frames/s4_idle_3.png
[13:17:22.564] rive  compiling 6 markup files as one document: pipstage.rml, shared.rml, stage1.rml, stage2.rml, stage3.rml, stage4.rml
[13:17:23.095] rive  built /Users/ibrar/Desktop/infinora.noworkspace/nestling-pip-v2/tools/rive/bolt/build/pip_bolt.riv (161033 bytes, 535ms, 0 errors, 0 warnings)
[13:17:23.097] rive  data: mood = 0
[13:17:23.097] rive  showing Stage4 [5/5]
[13:17:23.097] rive  viewport 240x240 @1x
[13:17:23.105] rive  wrote /Users/ibrar/Desktop/infinora.noworkspace/nestling-pip-v2/design/animations/rive/bolt/frames/s4_idle_4.png
[13:17:23.177] rive  compiling 6 markup files as one document: pipstage.rml, shared.rml, stage1.rml, stage2.rml, stage3.rml, stage4.rml
[13:17:23.711] rive  built /Users/ibrar/Desktop/infinora.noworkspace/nestling-pip-v2/tools/rive/bolt/build/pip_bolt.riv (161033 bytes, 537ms, 0 errors, 0 warnings)
[13:17:23.713] rive  data: mood = 0
[13:17:23.713] rive  showing Stage4 [5/5]
[13:17:23.714] rive  viewport 240x240 @1x
[13:17:23.721] rive  wrote /Users/ibrar/Desktop/infinora.noworkspace/nestling-pip-v2/design/animations/rive/bolt/frames/s4_idle_5.png
[13:17:23.787] rive  compiling 6 markup files as one document: pipstage.rml, shared.rml, stage1.rml, stage2.rml, stage3.rml, stage4.rml
[13:17:24.312] rive  built /Users/ibrar/Desktop/infinora.noworkspace/nestling-pip-v2/tools/rive/bolt/build/pip_bolt.riv (161033 bytes, 528ms, 0 errors, 0 warnings)
[13:17:24.314] rive  data: mood = 0
[13:17:24.314] rive  showing Stage4 [5/5]
[13:17:24.315] rive  viewport 240x240 @1x
[13:17:24.322] rive  wrote /Users/ibrar/Desktop/infinora.noworkspace/nestling-pip-v2/design/animations/rive/bolt/frames/s4_idle_6.png
[13:17:24.390] rive  compiling 6 markup files as one document: pipstage.rml, shared.rml, stage1.rml, stage2.rml, stage3.rml, stage4.rml
[13:17:24.914] rive  built /Users/ibrar/Desktop/infinora.noworkspace/nestling-pip-v2/tools/rive/bolt/build/pip_bolt.riv (161033 bytes, 528ms, 0 errors, 0 warnings)
[13:17:24.917] rive  data: mood = 1
[13:17:24.917] rive  showing Stage4 [5/5]
[13:17:24.917] rive  viewport 240x240 @1x
[13:17:24.924] rive  wrote /Users/ibrar/Desktop/infinora.noworkspace/nestling-pip-v2/design/animations/rive/bolt/frames/s4_happy_0.png
[13:17:24.991] rive  compiling 6 markup files as one document: pipstage.rml, shared.rml, stage1.rml, stage2.rml, stage3.rml, stage4.rml
[13:17:25.519] rive  built /Users/ibrar/Desktop/infinora.noworkspace/nestling-pip-v2/tools/rive/bolt/build/pip_bolt.riv (161033 bytes, 532ms, 0 errors, 0 warnings)
[13:17:25.522] rive  data: mood = 1
[13:17:25.522] rive  showing Stage4 [5/5]
[13:17:25.522] rive  viewport 240x240 @1x
[13:17:25.530] rive  wrote /Users/ibrar/Desktop/infinora.noworkspace/nestling-pip-v2/design/animations/rive/bolt/frames/s4_happy_1.png
[13:17:25.596] rive  compiling 6 markup files as one document: pipstage.rml, shared.rml, stage1.rml, stage2.rml, stage3.rml, stage4.rml
[13:17:26.126] rive  built /Users/ibrar/Desktop/infinora.noworkspace/nestling-pip-v2/tools/rive/bolt/build/pip_bolt.riv (161033 bytes, 533ms, 0 errors, 0 warnings)
[13:17:26.128] rive  data: mood = 1
[13:17:26.128] rive  showing Stage4 [5/5]
[13:17:26.128] rive  viewport 240x240 @1x
[13:17:26.136] rive  wrote /Users/ibrar/Desktop/infinora.noworkspace/nestling-pip-v2/design/animations/rive/bolt/frames/s4_happy_2.png
[13:17:26.203] rive  compiling 6 markup files as one document: pipstage.rml, shared.rml, stage1.rml, stage2.rml, stage3.rml, stage4.rml
[13:17:26.733] rive  built /Users/ibrar/Desktop/infinora.noworkspace/nestling-pip-v2/tools/rive/bolt/build/pip_bolt.riv (161033 bytes, 533ms, 0 errors, 0 warnings)
[13:17:26.735] rive  data: mood = 1
[13:17:26.735] rive  showing Stage4 [5/5]
[13:17:26.735] rive  viewport 240x240 @1x
[13:17:26.743] rive  wrote /Users/ibrar/Desktop/infinora.noworkspace/nestling-pip-v2/design/animations/rive/bolt/frames/s4_happy_3.png
[13:17:26.812] rive  compiling 6 markup files as one document: pipstage.rml, shared.rml, stage1.rml, stage2.rml, stage3.rml, stage4.rml
[13:17:27.336] rive  built /Users/ibrar/Desktop/infinora.noworkspace/nestling-pip-v2/tools/rive/bolt/build/pip_bolt.riv (161033 bytes, 527ms, 0 errors, 0 warnings)
[13:17:27.338] rive  data: mood = 1
[13:17:27.338] rive  showing Stage4 [5/5]
[13:17:27.338] rive  viewport 240x240 @1x
[13:17:27.345] rive  wrote /Users/ibrar/Desktop/infinora.noworkspace/nestling-pip-v2/design/animations/rive/bolt/frames/s4_happy_4.png
[13:17:27.411] rive  compiling 6 markup files as one document: pipstage.rml, shared.rml, stage1.rml, stage2.rml, stage3.rml, stage4.rml
[13:17:27.942] rive  built /Users/ibrar/Desktop/infinora.noworkspace/nestling-pip-v2/tools/rive/bolt/build/pip_bolt.riv (161033 bytes, 534ms, 0 errors, 0 warnings)
[13:17:27.944] rive  data: mood = 1
[13:17:27.945] rive  showing Stage4 [5/5]
[13:17:27.945] rive  viewport 240x240 @1x
[13:17:27.952] rive  wrote /Users/ibrar/Desktop/infinora.noworkspace/nestling-pip-v2/design/animations/rive/bolt/frames/s4_happy_5.png
[13:17:28.020] rive  compiling 6 markup files as one document: pipstage.rml, shared.rml, stage1.rml, stage2.rml, stage3.rml, stage4.rml
[13:17:28.550] rive  built /Users/ibrar/Desktop/infinora.noworkspace/nestling-pip-v2/tools/rive/bolt/build/pip_bolt.riv (161033 bytes, 534ms, 0 errors, 0 warnings)
[13:17:28.553] rive  data: mood = 1
[13:17:28.553] rive  showing Stage4 [5/5]
[13:17:28.553] rive  viewport 240x240 @1x
[13:17:28.561] rive  wrote /Users/ibrar/Desktop/infinora.noworkspace/nestling-pip-v2/design/animations/rive/bolt/frames/s4_happy_6.png
[13:17:28.628] rive  compiling 6 markup files as one document: pipstage.rml, shared.rml, stage1.rml, stage2.rml, stage3.rml, stage4.rml
[13:17:29.153] rive  built /Users/ibrar/Desktop/infinora.noworkspace/nestling-pip-v2/tools/rive/bolt/build/pip_bolt.riv (161033 bytes, 528ms, 0 errors, 0 warnings)
[13:17:29.155] rive  data: mood = 2
[13:17:29.155] rive  showing Stage4 [5/5]
[13:17:29.155] rive  viewport 240x240 @1x
[13:17:29.164] rive  wrote /Users/ibrar/Desktop/infinora.noworkspace/nestling-pip-v2/design/animations/rive/bolt/frames/s4_eating_0.png
[13:17:29.230] rive  compiling 6 markup files as one document: pipstage.rml, shared.rml, stage1.rml, stage2.rml, stage3.rml, stage4.rml
[13:17:29.749] rive  built /Users/ibrar/Desktop/infinora.noworkspace/nestling-pip-v2/tools/rive/bolt/build/pip_bolt.riv (161033 bytes, 521ms, 0 errors, 0 warnings)
[13:17:29.751] rive  data: mood = 2
[13:17:29.751] rive  showing Stage4 [5/5]
[13:17:29.751] rive  viewport 240x240 @1x
[13:17:29.759] rive  wrote /Users/ibrar/Desktop/infinora.noworkspace/nestling-pip-v2/design/animations/rive/bolt/frames/s4_eating_1.png
[13:17:29.827] rive  compiling 6 markup files as one document: pipstage.rml, shared.rml, stage1.rml, stage2.rml, stage3.rml, stage4.rml
[13:17:30.351] rive  built /Users/ibrar/Desktop/infinora.noworkspace/nestling-pip-v2/tools/rive/bolt/build/pip_bolt.riv (161033 bytes, 527ms, 0 errors, 0 warnings)
[13:17:30.353] rive  data: mood = 2
[13:17:30.353] rive  showing Stage4 [5/5]
[13:17:30.353] rive  viewport 240x240 @1x
[13:17:30.361] rive  wrote /Users/ibrar/Desktop/infinora.noworkspace/nestling-pip-v2/design/animations/rive/bolt/frames/s4_eating_2.png
[13:17:30.429] rive  compiling 6 markup files as one document: pipstage.rml, shared.rml, stage1.rml, stage2.rml, stage3.rml, stage4.rml
[13:17:30.945] rive  built /Users/ibrar/Desktop/infinora.noworkspace/nestling-pip-v2/tools/rive/bolt/build/pip_bolt.riv (161033 bytes, 520ms, 0 errors, 0 warnings)
[13:17:30.947] rive  data: mood = 2
[13:17:30.947] rive  showing Stage4 [5/5]
[13:17:30.948] rive  viewport 240x240 @1x
[13:17:30.955] rive  wrote /Users/ibrar/Desktop/infinora.noworkspace/nestling-pip-v2/design/animations/rive/bolt/frames/s4_eating_3.png
[13:17:31.026] rive  compiling 6 markup files as one document: pipstage.rml, shared.rml, stage1.rml, stage2.rml, stage3.rml, stage4.rml
[13:17:31.554] rive  built /Users/ibrar/Desktop/infinora.noworkspace/nestling-pip-v2/tools/rive/bolt/build/pip_bolt.riv (161033 bytes, 531ms, 0 errors, 0 warnings)
[13:17:31.556] rive  data: mood = 2
[13:17:31.556] rive  showing Stage4 [5/5]
[13:17:31.556] rive  viewport 240x240 @1x
[13:17:31.564] rive  wrote /Users/ibrar/Desktop/infinora.noworkspace/nestling-pip-v2/design/animations/rive/bolt/frames/s4_eating_4.png
[13:17:31.636] rive  compiling 6 markup files as one document: pipstage.rml, shared.rml, stage1.rml, stage2.rml, stage3.rml, stage4.rml
[13:17:32.159] rive  built /Users/ibrar/Desktop/infinora.noworkspace/nestling-pip-v2/tools/rive/bolt/build/pip_bolt.riv (161033 bytes, 526ms, 0 errors, 0 warnings)
[13:17:32.161] rive  data: mood = 2
[13:17:32.161] rive  showing Stage4 [5/5]
[13:17:32.162] rive  viewport 240x240 @1x
[13:17:32.170] rive  wrote /Users/ibrar/Desktop/infinora.noworkspace/nestling-pip-v2/design/animations/rive/bolt/frames/s4_eating_5.png
[13:17:32.236] rive  compiling 6 markup files as one document: pipstage.rml, shared.rml, stage1.rml, stage2.rml, stage3.rml, stage4.rml
[13:17:32.773] rive  built /Users/ibrar/Desktop/infinora.noworkspace/nestling-pip-v2/tools/rive/bolt/build/pip_bolt.riv (161033 bytes, 541ms, 0 errors, 0 warnings)
[13:17:32.775] rive  data: mood = 2
[13:17:32.776] rive  showing Stage4 [5/5]
[13:17:32.776] rive  viewport 240x240 @1x
[13:17:32.784] rive  wrote /Users/ibrar/Desktop/infinora.noworkspace/nestling-pip-v2/design/animations/rive/bolt/frames/s4_eating_6.png
[13:17:32.851] rive  compiling 6 markup files as one document: pipstage.rml, shared.rml, stage1.rml, stage2.rml, stage3.rml, stage4.rml
[13:17:33.372] rive  built /Users/ibrar/Desktop/infinora.noworkspace/nestling-pip-v2/tools/rive/bolt/build/pip_bolt.riv (161033 bytes, 525ms, 0 errors, 0 warnings)
[13:17:33.374] rive  data: mood = 3
[13:17:33.374] rive  showing Stage4 [5/5]
[13:17:33.374] rive  viewport 240x240 @1x
[13:17:33.381] rive  wrote /Users/ibrar/Desktop/infinora.noworkspace/nestling-pip-v2/design/animations/rive/bolt/frames/s4_sleepy_0.png
[13:17:33.448] rive  compiling 6 markup files as one document: pipstage.rml, shared.rml, stage1.rml, stage2.rml, stage3.rml, stage4.rml
[13:17:33.978] rive  built /Users/ibrar/Desktop/infinora.noworkspace/nestling-pip-v2/tools/rive/bolt/build/pip_bolt.riv (161033 bytes, 534ms, 0 errors, 0 warnings)
[13:17:33.980] rive  data: mood = 3
[13:17:33.980] rive  showing Stage4 [5/5]
[13:17:33.980] rive  viewport 240x240 @1x
[13:17:33.988] rive  wrote /Users/ibrar/Desktop/infinora.noworkspace/nestling-pip-v2/design/animations/rive/bolt/frames/s4_sleepy_1.png
[13:17:34.055] rive  compiling 6 markup files as one document: pipstage.rml, shared.rml, stage1.rml, stage2.rml, stage3.rml, stage4.rml
[13:17:34.574] rive  built /Users/ibrar/Desktop/infinora.noworkspace/nestling-pip-v2/tools/rive/bolt/build/pip_bolt.riv (161033 bytes, 522ms, 0 errors, 0 warnings)
[13:17:34.576] rive  data: mood = 3
[13:17:34.576] rive  showing Stage4 [5/5]
[13:17:34.576] rive  viewport 240x240 @1x
[13:17:34.585] rive  wrote /Users/ibrar/Desktop/infinora.noworkspace/nestling-pip-v2/design/animations/rive/bolt/frames/s4_sleepy_2.png
[13:17:34.653] rive  compiling 6 markup files as one document: pipstage.rml, shared.rml, stage1.rml, stage2.rml, stage3.rml, stage4.rml
[13:17:35.171] rive  built /Users/ibrar/Desktop/infinora.noworkspace/nestling-pip-v2/tools/rive/bolt/build/pip_bolt.riv (161033 bytes, 522ms, 0 errors, 0 warnings)
[13:17:35.173] rive  data: mood = 3
[13:17:35.173] rive  showing Stage4 [5/5]
[13:17:35.174] rive  viewport 240x240 @1x
[13:17:35.182] rive  wrote /Users/ibrar/Desktop/infinora.noworkspace/nestling-pip-v2/design/animations/rive/bolt/frames/s4_sleepy_3.png
[13:17:35.251] rive  compiling 6 markup files as one document: pipstage.rml, shared.rml, stage1.rml, stage2.rml, stage3.rml, stage4.rml
[13:17:35.778] rive  built /Users/ibrar/Desktop/infinora.noworkspace/nestling-pip-v2/tools/rive/bolt/build/pip_bolt.riv (161033 bytes, 530ms, 0 errors, 0 warnings)
[13:17:35.780] rive  data: mood = 3
[13:17:35.780] rive  showing Stage4 [5/5]
[13:17:35.781] rive  viewport 240x240 @1x
[13:17:35.788] rive  wrote /Users/ibrar/Desktop/infinora.noworkspace/nestling-pip-v2/design/animations/rive/bolt/frames/s4_sleepy_4.png
[13:17:35.855] rive  compiling 6 markup files as one document: pipstage.rml, shared.rml, stage1.rml, stage2.rml, stage3.rml, stage4.rml
[13:17:36.382] rive  built /Users/ibrar/Desktop/infinora.noworkspace/nestling-pip-v2/tools/rive/bolt/build/pip_bolt.riv (161033 bytes, 532ms, 0 errors, 0 warnings)
[13:17:36.385] rive  data: mood = 3
[13:17:36.385] rive  showing Stage4 [5/5]
[13:17:36.386] rive  viewport 240x240 @1x
[13:17:36.393] rive  wrote /Users/ibrar/Desktop/infinora.noworkspace/nestling-pip-v2/design/animations/rive/bolt/frames/s4_sleepy_5.png
[13:17:36.461] rive  compiling 6 markup files as one document: pipstage.rml, shared.rml, stage1.rml, stage2.rml, stage3.rml, stage4.rml
[13:17:36.978] rive  built /Users/ibrar/Desktop/infinora.noworkspace/nestling-pip-v2/tools/rive/bolt/build/pip_bolt.riv (161033 bytes, 521ms, 0 errors, 0 warnings)
[13:17:36.980] rive  data: mood = 3
[13:17:36.980] rive  showing Stage4 [5/5]
[13:17:36.981] rive  viewport 240x240 @1x
[13:17:36.989] rive  wrote /Users/ibrar/Desktop/infinora.noworkspace/nestling-pip-v2/design/animations/rive/bolt/frames/s4_sleepy_6.png
[13:17:37.054] rive  compiling 6 markup files as one document: pipstage.rml, shared.rml, stage1.rml, stage2.rml, stage3.rml, stage4.rml
[13:17:37.590] rive  built /Users/ibrar/Desktop/infinora.noworkspace/nestling-pip-v2/tools/rive/bolt/build/pip_bolt.riv (161033 bytes, 539ms, 0 errors, 0 warnings)
[13:17:37.592] rive  data: mood = 4
[13:17:37.592] rive  showing Stage4 [5/5]
[13:17:37.593] rive  viewport 240x240 @1x
[13:17:37.600] rive  wrote /Users/ibrar/Desktop/infinora.noworkspace/nestling-pip-v2/design/animations/rive/bolt/frames/s4_surprised_0.png
[13:17:37.669] rive  compiling 6 markup files as one document: pipstage.rml, shared.rml, stage1.rml, stage2.rml, stage3.rml, stage4.rml
[13:17:38.195] rive  built /Users/ibrar/Desktop/infinora.noworkspace/nestling-pip-v2/tools/rive/bolt/build/pip_bolt.riv (161033 bytes, 529ms, 0 errors, 0 warnings)
[13:17:38.197] rive  data: mood = 4
[13:17:38.197] rive  showing Stage4 [5/5]
[13:17:38.197] rive  viewport 240x240 @1x
[13:17:38.204] rive  wrote /Users/ibrar/Desktop/infinora.noworkspace/nestling-pip-v2/design/animations/rive/bolt/frames/s4_surprised_1.png
[13:17:38.272] rive  compiling 6 markup files as one document: pipstage.rml, shared.rml, stage1.rml, stage2.rml, stage3.rml, stage4.rml
[13:17:38.795] rive  built /Users/ibrar/Desktop/infinora.noworkspace/nestling-pip-v2/tools/rive/bolt/build/pip_bolt.riv (161033 bytes, 526ms, 0 errors, 0 warnings)
[13:17:38.797] rive  data: mood = 4
[13:17:38.797] rive  showing Stage4 [5/5]
[13:17:38.797] rive  viewport 240x240 @1x
[13:17:38.805] rive  wrote /Users/ibrar/Desktop/infinora.noworkspace/nestling-pip-v2/design/animations/rive/bolt/frames/s4_surprised_2.png
[13:17:38.876] rive  compiling 6 markup files as one document: pipstage.rml, shared.rml, stage1.rml, stage2.rml, stage3.rml, stage4.rml
[13:17:39.393] rive  built /Users/ibrar/Desktop/infinora.noworkspace/nestling-pip-v2/tools/rive/bolt/build/pip_bolt.riv (161033 bytes, 521ms, 0 errors, 0 warnings)
[13:17:39.395] rive  data: mood = 4
[13:17:39.395] rive  showing Stage4 [5/5]
[13:17:39.395] rive  viewport 240x240 @1x
[13:17:39.403] rive  wrote /Users/ibrar/Desktop/infinora.noworkspace/nestling-pip-v2/design/animations/rive/bolt/frames/s4_surprised_3.png
[13:17:39.474] rive  compiling 6 markup files as one document: pipstage.rml, shared.rml, stage1.rml, stage2.rml, stage3.rml, stage4.rml
[13:17:39.997] rive  built /Users/ibrar/Desktop/infinora.noworkspace/nestling-pip-v2/tools/rive/bolt/build/pip_bolt.riv (161033 bytes, 526ms, 0 errors, 0 warnings)
[13:17:39.999] rive  data: mood = 4
[13:17:39.999] rive  showing Stage4 [5/5]
[13:17:39.999] rive  viewport 240x240 @1x
[13:17:40.007] rive  wrote /Users/ibrar/Desktop/infinora.noworkspace/nestling-pip-v2/design/animations/rive/bolt/frames/s4_surprised_4.png
[13:17:40.077] rive  compiling 6 markup files as one document: pipstage.rml, shared.rml, stage1.rml, stage2.rml, stage3.rml, stage4.rml
[13:17:40.592] rive  built /Users/ibrar/Desktop/infinora.noworkspace/nestling-pip-v2/tools/rive/bolt/build/pip_bolt.riv (161033 bytes, 518ms, 0 errors, 0 warnings)
[13:17:40.594] rive  data: mood = 4
[13:17:40.594] rive  showing Stage4 [5/5]
[13:17:40.594] rive  viewport 240x240 @1x
[13:17:40.602] rive  wrote /Users/ibrar/Desktop/infinora.noworkspace/nestling-pip-v2/design/animations/rive/bolt/frames/s4_surprised_5.png
[13:17:40.669] rive  compiling 6 markup files as one document: pipstage.rml, shared.rml, stage1.rml, stage2.rml, stage3.rml, stage4.rml
[13:17:41.191] rive  built /Users/ibrar/Desktop/infinora.noworkspace/nestling-pip-v2/tools/rive/bolt/build/pip_bolt.riv (161033 bytes, 526ms, 0 errors, 0 warnings)
[13:17:41.193] rive  data: mood = 4
[13:17:41.193] rive  showing Stage4 [5/5]
[13:17:41.193] rive  viewport 240x240 @1x
[13:17:41.201] rive  wrote /Users/ibrar/Desktop/infinora.noworkspace/nestling-pip-v2/design/animations/rive/bolt/frames/s4_surprised_6.png
[13:17:41.269] rive  compiling 6 markup files as one document: pipstage.rml, shared.rml, stage1.rml, stage2.rml, stage3.rml, stage4.rml
[13:17:41.786] rive  built /Users/ibrar/Desktop/infinora.noworkspace/nestling-pip-v2/tools/rive/bolt/build/pip_bolt.riv (161033 bytes, 520ms, 0 errors, 0 warnings)
[13:17:41.788] rive  data: mood = 5
[13:17:41.788] rive  showing Stage4 [5/5]
[13:17:41.788] rive  viewport 240x240 @1x
[13:17:41.795] rive  wrote /Users/ibrar/Desktop/infinora.noworkspace/nestling-pip-v2/design/animations/rive/bolt/frames/s4_proud_0.png
[13:17:41.861] rive  compiling 6 markup files as one document: pipstage.rml, shared.rml, stage1.rml, stage2.rml, stage3.rml, stage4.rml
[13:17:42.369] rive  built /Users/ibrar/Desktop/infinora.noworkspace/nestling-pip-v2/tools/rive/bolt/build/pip_bolt.riv (161033 bytes, 511ms, 0 errors, 0 warnings)
[13:17:42.371] rive  data: mood = 5
[13:17:42.371] rive  showing Stage4 [5/5]
[13:17:42.371] rive  viewport 240x240 @1x
[13:17:42.378] rive  wrote /Users/ibrar/Desktop/infinora.noworkspace/nestling-pip-v2/design/animations/rive/bolt/frames/s4_proud_1.png
[13:17:42.451] rive  compiling 6 markup files as one document: pipstage.rml, shared.rml, stage1.rml, stage2.rml, stage3.rml, stage4.rml
[13:17:42.967] rive  built /Users/ibrar/Desktop/infinora.noworkspace/nestling-pip-v2/tools/rive/bolt/build/pip_bolt.riv (161033 bytes, 519ms, 0 errors, 0 warnings)
[13:17:42.970] rive  data: mood = 5
[13:17:42.970] rive  showing Stage4 [5/5]
[13:17:42.970] rive  viewport 240x240 @1x
[13:17:42.978] rive  wrote /Users/ibrar/Desktop/infinora.noworkspace/nestling-pip-v2/design/animations/rive/bolt/frames/s4_proud_2.png
[13:17:43.044] rive  compiling 6 markup files as one document: pipstage.rml, shared.rml, stage1.rml, stage2.rml, stage3.rml, stage4.rml
[13:17:43.564] rive  built /Users/ibrar/Desktop/infinora.noworkspace/nestling-pip-v2/tools/rive/bolt/build/pip_bolt.riv (161033 bytes, 523ms, 0 errors, 0 warnings)
[13:17:43.566] rive  data: mood = 5
[13:17:43.566] rive  showing Stage4 [5/5]
[13:17:43.567] rive  viewport 240x240 @1x
[13:17:43.575] rive  wrote /Users/ibrar/Desktop/infinora.noworkspace/nestling-pip-v2/design/animations/rive/bolt/frames/s4_proud_3.png
[13:17:43.642] rive  compiling 6 markup files as one document: pipstage.rml, shared.rml, stage1.rml, stage2.rml, stage3.rml, stage4.rml
[13:17:44.163] rive  built /Users/ibrar/Desktop/infinora.noworkspace/nestling-pip-v2/tools/rive/bolt/build/pip_bolt.riv (161033 bytes, 525ms, 0 errors, 0 warnings)
[13:17:44.165] rive  data: mood = 5
[13:17:44.165] rive  showing Stage4 [5/5]
[13:17:44.165] rive  viewport 240x240 @1x
[13:17:44.173] rive  wrote /Users/ibrar/Desktop/infinora.noworkspace/nestling-pip-v2/design/animations/rive/bolt/frames/s4_proud_4.png
[13:17:44.245] rive  compiling 6 markup files as one document: pipstage.rml, shared.rml, stage1.rml, stage2.rml, stage3.rml, stage4.rml
[13:17:44.772] rive  built /Users/ibrar/Desktop/infinora.noworkspace/nestling-pip-v2/tools/rive/bolt/build/pip_bolt.riv (161033 bytes, 531ms, 0 errors, 0 warnings)
[13:17:44.774] rive  data: mood = 5
[13:17:44.774] rive  showing Stage4 [5/5]
[13:17:44.774] rive  viewport 240x240 @1x
[13:17:44.782] rive  wrote /Users/ibrar/Desktop/infinora.noworkspace/nestling-pip-v2/design/animations/rive/bolt/frames/s4_proud_5.png
[13:17:44.849] rive  compiling 6 markup files as one document: pipstage.rml, shared.rml, stage1.rml, stage2.rml, stage3.rml, stage4.rml
[13:17:45.363] rive  built /Users/ibrar/Desktop/infinora.noworkspace/nestling-pip-v2/tools/rive/bolt/build/pip_bolt.riv (161033 bytes, 518ms, 0 errors, 0 warnings)
[13:17:45.365] rive  data: mood = 5
[13:17:45.365] rive  showing Stage4 [5/5]
[13:17:45.366] rive  viewport 240x240 @1x
[13:17:45.373] rive  wrote /Users/ibrar/Desktop/infinora.noworkspace/nestling-pip-v2/design/animations/rive/bolt/frames/s4_proud_6.png
[13:17:45.438] rive  compiling 6 markup files as one document: pipstage.rml, shared.rml, stage1.rml, stage2.rml, stage3.rml, stage4.rml
[13:17:45.975] rive  built /Users/ibrar/Desktop/infinora.noworkspace/nestling-pip-v2/tools/rive/bolt/build/pip_bolt.riv (161033 bytes, 540ms, 0 errors, 0 warnings)
[13:17:45.977] rive  data: evolve = 1
[13:17:45.977] rive  showing Stage4 [5/5]
[13:17:45.977] rive  viewport 240x240 @1x
[13:17:45.985] rive  wrote /Users/ibrar/Desktop/infinora.noworkspace/nestling-pip-v2/design/animations/rive/bolt/frames/s4_evolve_0.png
[13:17:46.052] rive  compiling 6 markup files as one document: pipstage.rml, shared.rml, stage1.rml, stage2.rml, stage3.rml, stage4.rml
[13:17:46.568] rive  built /Users/ibrar/Desktop/infinora.noworkspace/nestling-pip-v2/tools/rive/bolt/build/pip_bolt.riv (161033 bytes, 520ms, 0 errors, 0 warnings)
[13:17:46.570] rive  data: evolve = 1
[13:17:46.570] rive  showing Stage4 [5/5]
[13:17:46.571] rive  viewport 240x240 @1x
[13:17:46.579] rive  wrote /Users/ibrar/Desktop/infinora.noworkspace/nestling-pip-v2/design/animations/rive/bolt/frames/s4_evolve_1.png
[13:17:46.644] rive  compiling 6 markup files as one document: pipstage.rml, shared.rml, stage1.rml, stage2.rml, stage3.rml, stage4.rml
[13:17:47.160] rive  built /Users/ibrar/Desktop/infinora.noworkspace/nestling-pip-v2/tools/rive/bolt/build/pip_bolt.riv (161033 bytes, 519ms, 0 errors, 0 warnings)
[13:17:47.162] rive  data: evolve = 1
[13:17:47.163] rive  showing Stage4 [5/5]
[13:17:47.163] rive  viewport 240x240 @1x
[13:17:47.171] rive  wrote /Users/ibrar/Desktop/infinora.noworkspace/nestling-pip-v2/design/animations/rive/bolt/frames/s4_evolve_2.png
[13:17:47.237] rive  compiling 6 markup files as one document: pipstage.rml, shared.rml, stage1.rml, stage2.rml, stage3.rml, stage4.rml
[13:17:47.768] rive  built /Users/ibrar/Desktop/infinora.noworkspace/nestling-pip-v2/tools/rive/bolt/build/pip_bolt.riv (161033 bytes, 535ms, 0 errors, 0 warnings)
[13:17:47.770] rive  data: evolve = 1
[13:17:47.770] rive  showing Stage4 [5/5]
[13:17:47.771] rive  viewport 240x240 @1x
[13:17:47.779] rive  wrote /Users/ibrar/Desktop/infinora.noworkspace/nestling-pip-v2/design/animations/rive/bolt/frames/s4_evolve_3.png
[13:17:47.843] rive  compiling 6 markup files as one document: pipstage.rml, shared.rml, stage1.rml, stage2.rml, stage3.rml, stage4.rml
[13:17:48.358] rive  built /Users/ibrar/Desktop/infinora.noworkspace/nestling-pip-v2/tools/rive/bolt/build/pip_bolt.riv (161033 bytes, 518ms, 0 errors, 0 warnings)
[13:17:48.361] rive  data: evolve = 1
[13:17:48.361] rive  showing Stage4 [5/5]
[13:17:48.361] rive  viewport 240x240 @1x
[13:17:48.370] rive  wrote /Users/ibrar/Desktop/infinora.noworkspace/nestling-pip-v2/design/animations/rive/bolt/frames/s4_evolve_4.png
[13:17:48.439] rive  compiling 6 markup files as one document: pipstage.rml, shared.rml, stage1.rml, stage2.rml, stage3.rml, stage4.rml
[13:17:48.954] rive  built /Users/ibrar/Desktop/infinora.noworkspace/nestling-pip-v2/tools/rive/bolt/build/pip_bolt.riv (161033 bytes, 518ms, 0 errors, 0 warnings)
[13:17:48.956] rive  data: evolve = 1
[13:17:48.956] rive  showing Stage4 [5/5]
[13:17:48.956] rive  viewport 240x240 @1x
[13:17:48.965] rive  wrote /Users/ibrar/Desktop/infinora.noworkspace/nestling-pip-v2/design/animations/rive/bolt/frames/s4_evolve_5.png
[13:17:49.035] rive  compiling 6 markup files as one document: pipstage.rml, shared.rml, stage1.rml, stage2.rml, stage3.rml, stage4.rml
[13:17:49.554] rive  built /Users/ibrar/Desktop/infinora.noworkspace/nestling-pip-v2/tools/rive/bolt/build/pip_bolt.riv (161033 bytes, 523ms, 0 errors, 0 warnings)
[13:17:49.556] rive  data: evolve = 1
[13:17:49.556] rive  showing Stage4 [5/5]
[13:17:49.556] rive  viewport 240x240 @1x
[13:17:49.564] rive  wrote /Users/ibrar/Desktop/infinora.noworkspace/nestling-pip-v2/design/animations/rive/bolt/frames/s4_evolve_6.png
[13:17:58.125] rive  compiling 6 markup files as one document: pipstage.rml, shared.rml, stage1.rml, stage2.rml, stage3.rml, stage4.rml
[13:17:58.643] rive  built tools/rive/bolt/build/pip_bolt.riv (161033 bytes, 521ms, 0 errors, 0 warnings)
[13:17:58.645] rive  data: mood = 0
[13:17:58.645] rive  showing Stage3 [1/5]
[13:17:58.645] rive  viewport 240x240 @1x
[13:17:58.653] rive  wrote design/animations/rive/bolt/frames/mp3_idle_001.png
[13:17:58.719] rive  compiling 6 markup files as one document: pipstage.rml, shared.rml, stage1.rml, stage2.rml, stage3.rml, stage4.rml
[13:17:59.244] rive  built tools/rive/bolt/build/pip_bolt.riv (161033 bytes, 530ms, 0 errors, 0 warnings)
[13:17:59.246] rive  data: mood = 0
[13:17:59.246] rive  showing Stage3 [1/5]
[13:17:59.246] rive  viewport 240x240 @1x
[13:17:59.255] rive  wrote design/animations/rive/bolt/frames/mp3_idle_003.png
[13:17:59.322] rive  compiling 6 markup files as one document: pipstage.rml, shared.rml, stage1.rml, stage2.rml, stage3.rml, stage4.rml
[13:17:59.846] rive  built tools/rive/bolt/build/pip_bolt.riv (161033 bytes, 527ms, 0 errors, 0 warnings)
[13:17:59.848] rive  data: mood = 0
[13:17:59.848] rive  showing Stage3 [1/5]
[13:17:59.848] rive  viewport 240x240 @1x
[13:17:59.855] rive  wrote design/animations/rive/bolt/frames/mp3_idle_005.png
[13:17:59.921] rive  compiling 6 markup files as one document: pipstage.rml, shared.rml, stage1.rml, stage2.rml, stage3.rml, stage4.rml
[13:18:00.444] rive  built tools/rive/bolt/build/pip_bolt.riv (161033 bytes, 527ms, 0 errors, 0 warnings)
[13:18:00.446] rive  data: mood = 0
[13:18:00.446] rive  showing Stage3 [1/5]
[13:18:00.446] rive  viewport 240x240 @1x
[13:18:00.454] rive  wrote design/animations/rive/bolt/frames/mp3_idle_007.png
[13:18:00.522] rive  compiling 6 markup files as one document: pipstage.rml, shared.rml, stage1.rml, stage2.rml, stage3.rml, stage4.rml
[13:18:01.044] rive  built tools/rive/bolt/build/pip_bolt.riv (161033 bytes, 526ms, 0 errors, 0 warnings)
[13:18:01.046] rive  data: mood = 0
[13:18:01.046] rive  showing Stage3 [1/5]
[13:18:01.046] rive  viewport 240x240 @1x
[13:18:01.054] rive  wrote design/animations/rive/bolt/frames/mp3_idle_009.png
[13:18:01.120] rive  compiling 6 markup files as one document: pipstage.rml, shared.rml, stage1.rml, stage2.rml, stage3.rml, stage4.rml
[13:18:01.655] rive  built tools/rive/bolt/build/pip_bolt.riv (161033 bytes, 538ms, 0 errors, 0 warnings)
[13:18:01.657] rive  data: mood = 0
[13:18:01.657] rive  showing Stage3 [1/5]
[13:18:01.657] rive  viewport 240x240 @1x
[13:18:01.665] rive  wrote design/animations/rive/bolt/frames/mp3_idle_011.png
[13:18:01.733] rive  compiling 6 markup files as one document: pipstage.rml, shared.rml, stage1.rml, stage2.rml, stage3.rml, stage4.rml
[13:18:02.247] rive  built tools/rive/bolt/build/pip_bolt.riv (161033 bytes, 518ms, 0 errors, 0 warnings)
[13:18:02.249] rive  data: mood = 0
[13:18:02.249] rive  showing Stage3 [1/5]
[13:18:02.249] rive  viewport 240x240 @1x
[13:18:02.257] rive  wrote design/animations/rive/bolt/frames/mp3_idle_013.png
[13:18:02.327] rive  compiling 6 markup files as one document: pipstage.rml, shared.rml, stage1.rml, stage2.rml, stage3.rml, stage4.rml
[13:18:02.848] rive  built tools/rive/bolt/build/pip_bolt.riv (161033 bytes, 525ms, 0 errors, 0 warnings)
[13:18:02.850] rive  data: mood = 0
[13:18:02.850] rive  showing Stage3 [1/5]
[13:18:02.851] rive  viewport 240x240 @1x
[13:18:02.858] rive  wrote design/animations/rive/bolt/frames/mp3_idle_015.png
[13:18:02.932] rive  compiling 6 markup files as one document: pipstage.rml, shared.rml, stage1.rml, stage2.rml, stage3.rml, stage4.rml
[13:18:03.455] rive  built tools/rive/bolt/build/pip_bolt.riv (161033 bytes, 527ms, 0 errors, 0 warnings)
[13:18:03.457] rive  data: mood = 0
[13:18:03.457] rive  showing Stage3 [1/5]
[13:18:03.457] rive  viewport 240x240 @1x
[13:18:03.465] rive  wrote design/animations/rive/bolt/frames/mp3_idle_017.png
[13:18:03.533] rive  compiling 6 markup files as one document: pipstage.rml, shared.rml, stage1.rml, stage2.rml, stage3.rml, stage4.rml
[13:18:04.059] rive  built tools/rive/bolt/build/pip_bolt.riv (161033 bytes, 530ms, 0 errors, 0 warnings)
[13:18:04.061] rive  data: mood = 0
[13:18:04.061] rive  showing Stage3 [1/5]
[13:18:04.062] rive  viewport 240x240 @1x
[13:18:04.069] rive  wrote design/animations/rive/bolt/frames/mp3_idle_019.png
[13:18:04.138] rive  compiling 6 markup files as one document: pipstage.rml, shared.rml, stage1.rml, stage2.rml, stage3.rml, stage4.rml
[13:18:04.676] rive  built tools/rive/bolt/build/pip_bolt.riv (161033 bytes, 542ms, 0 errors, 0 warnings)
[13:18:04.679] rive  data: mood = 0
[13:18:04.679] rive  showing Stage3 [1/5]
[13:18:04.679] rive  viewport 240x240 @1x
[13:18:04.687] rive  wrote design/animations/rive/bolt/frames/mp3_idle_021.png
[13:18:04.752] rive  compiling 6 markup files as one document: pipstage.rml, shared.rml, stage1.rml, stage2.rml, stage3.rml, stage4.rml
[13:18:05.272] rive  built tools/rive/bolt/build/pip_bolt.riv (161033 bytes, 524ms, 0 errors, 0 warnings)
[13:18:05.274] rive  data: mood = 0
[13:18:05.274] rive  showing Stage3 [1/5]
[13:18:05.274] rive  viewport 240x240 @1x
[13:18:05.283] rive  wrote design/animations/rive/bolt/frames/mp3_idle_023.png
[13:18:05.350] rive  compiling 6 markup files as one document: pipstage.rml, shared.rml, stage1.rml, stage2.rml, stage3.rml, stage4.rml
[13:18:05.876] rive  built tools/rive/bolt/build/pip_bolt.riv (161033 bytes, 530ms, 0 errors, 0 warnings)
[13:18:05.879] rive  data: mood = 0
[13:18:05.879] rive  showing Stage3 [1/5]
[13:18:05.879] rive  viewport 240x240 @1x
[13:18:05.886] rive  wrote design/animations/rive/bolt/frames/mp3_idle_025.png
[13:18:05.954] rive  compiling 6 markup files as one document: pipstage.rml, shared.rml, stage1.rml, stage2.rml, stage3.rml, stage4.rml
[13:18:06.480] rive  built tools/rive/bolt/build/pip_bolt.riv (161033 bytes, 530ms, 0 errors, 0 warnings)
[13:18:06.482] rive  data: mood = 0
[13:18:06.482] rive  showing Stage3 [1/5]
[13:18:06.483] rive  viewport 240x240 @1x
[13:18:06.490] rive  wrote design/animations/rive/bolt/frames/mp3_idle_027.png
[13:18:06.557] rive  compiling 6 markup files as one document: pipstage.rml, shared.rml, stage1.rml, stage2.rml, stage3.rml, stage4.rml
[13:18:07.082] rive  built tools/rive/bolt/build/pip_bolt.riv (161033 bytes, 529ms, 0 errors, 0 warnings)
[13:18:07.085] rive  data: mood = 0
[13:18:07.085] rive  showing Stage3 [1/5]
[13:18:07.085] rive  viewport 240x240 @1x
[13:18:07.093] rive  wrote design/animations/rive/bolt/frames/mp3_idle_029.png
[13:18:07.161] rive  compiling 6 markup files as one document: pipstage.rml, shared.rml, stage1.rml, stage2.rml, stage3.rml, stage4.rml
[13:18:07.686] rive  built tools/rive/bolt/build/pip_bolt.riv (161033 bytes, 530ms, 0 errors, 0 warnings)
[13:18:07.689] rive  data: mood = 0
[13:18:07.689] rive  showing Stage3 [1/5]
[13:18:07.689] rive  viewport 240x240 @1x
[13:18:07.697] rive  wrote design/animations/rive/bolt/frames/mp3_idle_031.png
[13:18:07.766] rive  compiling 6 markup files as one document: pipstage.rml, shared.rml, stage1.rml, stage2.rml, stage3.rml, stage4.rml
[13:18:08.289] rive  built tools/rive/bolt/build/pip_bolt.riv (161033 bytes, 526ms, 0 errors, 0 warnings)
[13:18:08.291] rive  data: mood = 0
[13:18:08.291] rive  showing Stage3 [1/5]
[13:18:08.291] rive  viewport 240x240 @1x
[13:18:08.299] rive  wrote design/animations/rive/bolt/frames/mp3_idle_033.png
[13:18:08.367] rive  compiling 6 markup files as one document: pipstage.rml, shared.rml, stage1.rml, stage2.rml, stage3.rml, stage4.rml
[13:18:08.894] rive  built tools/rive/bolt/build/pip_bolt.riv (161033 bytes, 531ms, 0 errors, 0 warnings)
[13:18:08.896] rive  data: mood = 0
[13:18:08.896] rive  showing Stage3 [1/5]
[13:18:08.896] rive  viewport 240x240 @1x
[13:18:08.904] rive  wrote design/animations/rive/bolt/frames/mp3_idle_035.png
[13:18:08.979] rive  compiling 6 markup files as one document: pipstage.rml, shared.rml, stage1.rml, stage2.rml, stage3.rml, stage4.rml
[13:18:09.504] rive  built tools/rive/bolt/build/pip_bolt.riv (161033 bytes, 529ms, 0 errors, 0 warnings)
[13:18:09.506] rive  data: mood = 0
[13:18:09.506] rive  showing Stage3 [1/5]
[13:18:09.506] rive  viewport 240x240 @1x
[13:18:09.514] rive  wrote design/animations/rive/bolt/frames/mp3_idle_037.png
[13:18:09.582] rive  compiling 6 markup files as one document: pipstage.rml, shared.rml, stage1.rml, stage2.rml, stage3.rml, stage4.rml
[13:18:10.101] rive  built tools/rive/bolt/build/pip_bolt.riv (161033 bytes, 523ms, 0 errors, 0 warnings)
[13:18:10.103] rive  data: mood = 0
[13:18:10.103] rive  showing Stage3 [1/5]
[13:18:10.103] rive  viewport 240x240 @1x
[13:18:10.111] rive  wrote design/animations/rive/bolt/frames/mp3_idle_039.png
[13:18:10.180] rive  compiling 6 markup files as one document: pipstage.rml, shared.rml, stage1.rml, stage2.rml, stage3.rml, stage4.rml
[13:18:10.709] rive  built tools/rive/bolt/build/pip_bolt.riv (161033 bytes, 533ms, 0 errors, 0 warnings)
[13:18:10.711] rive  data: mood = 0
[13:18:10.711] rive  showing Stage3 [1/5]
[13:18:10.711] rive  viewport 240x240 @1x
[13:18:10.719] rive  wrote design/animations/rive/bolt/frames/mp3_idle_041.png
[13:18:10.784] rive  compiling 6 markup files as one document: pipstage.rml, shared.rml, stage1.rml, stage2.rml, stage3.rml, stage4.rml
[13:18:11.317] rive  built tools/rive/bolt/build/pip_bolt.riv (161033 bytes, 536ms, 0 errors, 0 warnings)
[13:18:11.319] rive  data: mood = 0
[13:18:11.319] rive  showing Stage3 [1/5]
[13:18:11.319] rive  viewport 240x240 @1x
[13:18:11.328] rive  wrote design/animations/rive/bolt/frames/mp3_idle_043.png
[13:18:11.396] rive  compiling 6 markup files as one document: pipstage.rml, shared.rml, stage1.rml, stage2.rml, stage3.rml, stage4.rml
[13:18:11.925] rive  built tools/rive/bolt/build/pip_bolt.riv (161033 bytes, 532ms, 0 errors, 0 warnings)
[13:18:11.927] rive  data: mood = 0
[13:18:11.927] rive  showing Stage3 [1/5]
[13:18:11.927] rive  viewport 240x240 @1x
[13:18:11.935] rive  wrote design/animations/rive/bolt/frames/mp3_idle_045.png
[13:18:12.000] rive  compiling 6 markup files as one document: pipstage.rml, shared.rml, stage1.rml, stage2.rml, stage3.rml, stage4.rml
[13:18:12.517] rive  built tools/rive/bolt/build/pip_bolt.riv (161033 bytes, 521ms, 0 errors, 0 warnings)
[13:18:12.519] rive  data: mood = 0
[13:18:12.519] rive  showing Stage3 [1/5]
[13:18:12.519] rive  viewport 240x240 @1x
[13:18:12.527] rive  wrote design/animations/rive/bolt/frames/mp3_idle_047.png
[13:18:12.597] rive  compiling 6 markup files as one document: pipstage.rml, shared.rml, stage1.rml, stage2.rml, stage3.rml, stage4.rml
[13:18:13.118] rive  built tools/rive/bolt/build/pip_bolt.riv (161033 bytes, 525ms, 0 errors, 0 warnings)
[13:18:13.120] rive  data: mood = 0
[13:18:13.120] rive  showing Stage3 [1/5]
[13:18:13.120] rive  viewport 240x240 @1x
[13:18:13.128] rive  wrote design/animations/rive/bolt/frames/mp3_idle_049.png
[13:18:13.197] rive  compiling 6 markup files as one document: pipstage.rml, shared.rml, stage1.rml, stage2.rml, stage3.rml, stage4.rml
[13:18:13.716] rive  built tools/rive/bolt/build/pip_bolt.riv (161033 bytes, 524ms, 0 errors, 0 warnings)
[13:18:13.719] rive  data: mood = 0
[13:18:13.719] rive  showing Stage3 [1/5]
[13:18:13.719] rive  viewport 240x240 @1x
[13:18:13.728] rive  wrote design/animations/rive/bolt/frames/mp3_idle_051.png
[13:18:13.797] rive  compiling 6 markup files as one document: pipstage.rml, shared.rml, stage1.rml, stage2.rml, stage3.rml, stage4.rml
[13:18:14.324] rive  built tools/rive/bolt/build/pip_bolt.riv (161033 bytes, 531ms, 0 errors, 0 warnings)
[13:18:14.327] rive  data: mood = 0
[13:18:14.327] rive  showing Stage3 [1/5]
[13:18:14.327] rive  viewport 240x240 @1x
[13:18:14.335] rive  wrote design/animations/rive/bolt/frames/mp3_idle_053.png
[13:18:14.400] rive  compiling 6 markup files as one document: pipstage.rml, shared.rml, stage1.rml, stage2.rml, stage3.rml, stage4.rml
[13:18:14.934] rive  built tools/rive/bolt/build/pip_bolt.riv (161033 bytes, 538ms, 0 errors, 0 warnings)
[13:18:14.936] rive  data: mood = 0
[13:18:14.936] rive  showing Stage3 [1/5]
[13:18:14.936] rive  viewport 240x240 @1x
[13:18:14.944] rive  wrote design/animations/rive/bolt/frames/mp3_idle_055.png
[13:18:15.013] rive  compiling 6 markup files as one document: pipstage.rml, shared.rml, stage1.rml, stage2.rml, stage3.rml, stage4.rml
[13:18:15.535] rive  built tools/rive/bolt/build/pip_bolt.riv (161033 bytes, 526ms, 0 errors, 0 warnings)
[13:18:15.537] rive  data: mood = 0
[13:18:15.537] rive  showing Stage3 [1/5]
[13:18:15.538] rive  viewport 240x240 @1x
[13:18:15.545] rive  wrote design/animations/rive/bolt/frames/mp3_idle_057.png
[13:18:15.615] rive  compiling 6 markup files as one document: pipstage.rml, shared.rml, stage1.rml, stage2.rml, stage3.rml, stage4.rml
[13:18:16.139] rive  built tools/rive/bolt/build/pip_bolt.riv (161033 bytes, 529ms, 0 errors, 0 warnings)
[13:18:16.142] rive  data: mood = 0
[13:18:16.142] rive  showing Stage3 [1/5]
[13:18:16.142] rive  viewport 240x240 @1x
[13:18:16.149] rive  wrote design/animations/rive/bolt/frames/mp3_idle_059.png
[13:18:16.219] rive  compiling 6 markup files as one document: pipstage.rml, shared.rml, stage1.rml, stage2.rml, stage3.rml, stage4.rml
[13:18:16.747] rive  built tools/rive/bolt/build/pip_bolt.riv (161033 bytes, 532ms, 0 errors, 0 warnings)
[13:18:16.749] rive  data: mood = 0
[13:18:16.749] rive  showing Stage3 [1/5]
[13:18:16.749] rive  viewport 240x240 @1x
[13:18:16.757] rive  wrote design/animations/rive/bolt/frames/mp3_idle_061.png
[13:18:16.824] rive  compiling 6 markup files as one document: pipstage.rml, shared.rml, stage1.rml, stage2.rml, stage3.rml, stage4.rml
[13:18:17.348] rive  built tools/rive/bolt/build/pip_bolt.riv (161033 bytes, 528ms, 0 errors, 0 warnings)
[13:18:17.350] rive  data: mood = 0
[13:18:17.351] rive  showing Stage3 [1/5]
[13:18:17.351] rive  viewport 240x240 @1x
[13:18:17.359] rive  wrote design/animations/rive/bolt/frames/mp3_idle_063.png
[13:18:17.425] rive  compiling 6 markup files as one document: pipstage.rml, shared.rml, stage1.rml, stage2.rml, stage3.rml, stage4.rml
[13:18:17.941] rive  built tools/rive/bolt/build/pip_bolt.riv (161033 bytes, 520ms, 0 errors, 0 warnings)
[13:18:17.943] rive  data: mood = 0
[13:18:17.944] rive  showing Stage3 [1/5]
[13:18:17.944] rive  viewport 240x240 @1x
[13:18:17.952] rive  wrote design/animations/rive/bolt/frames/mp3_idle_065.png
[13:18:18.023] rive  compiling 6 markup files as one document: pipstage.rml, shared.rml, stage1.rml, stage2.rml, stage3.rml, stage4.rml
[13:18:18.540] rive  built tools/rive/bolt/build/pip_bolt.riv (161033 bytes, 521ms, 0 errors, 0 warnings)
[13:18:18.543] rive  data: mood = 0
[13:18:18.543] rive  showing Stage3 [1/5]
[13:18:18.543] rive  viewport 240x240 @1x
[13:18:18.551] rive  wrote design/animations/rive/bolt/frames/mp3_idle_067.png
[13:18:18.622] rive  compiling 6 markup files as one document: pipstage.rml, shared.rml, stage1.rml, stage2.rml, stage3.rml, stage4.rml
[13:18:19.145] rive  built tools/rive/bolt/build/pip_bolt.riv (161033 bytes, 527ms, 0 errors, 0 warnings)
[13:18:19.147] rive  data: mood = 0
[13:18:19.147] rive  showing Stage3 [1/5]
[13:18:19.148] rive  viewport 240x240 @1x
[13:18:19.156] rive  wrote design/animations/rive/bolt/frames/mp3_idle_069.png
[13:18:19.222] rive  compiling 6 markup files as one document: pipstage.rml, shared.rml, stage1.rml, stage2.rml, stage3.rml, stage4.rml
[13:18:19.751] rive  built tools/rive/bolt/build/pip_bolt.riv (161033 bytes, 532ms, 0 errors, 0 warnings)
[13:18:19.753] rive  data: mood = 0
[13:18:19.753] rive  showing Stage3 [1/5]
[13:18:19.753] rive  viewport 240x240 @1x
[13:18:19.762] rive  wrote design/animations/rive/bolt/frames/mp3_idle_071.png
[13:18:19.830] rive  compiling 6 markup files as one document: pipstage.rml, shared.rml, stage1.rml, stage2.rml, stage3.rml, stage4.rml
[13:18:20.345] rive  built tools/rive/bolt/build/pip_bolt.riv (161033 bytes, 519ms, 0 errors, 0 warnings)
[13:18:20.347] rive  data: mood = 0
[13:18:20.347] rive  showing Stage3 [1/5]
[13:18:20.348] rive  viewport 240x240 @1x
[13:18:20.356] rive  wrote design/animations/rive/bolt/frames/mp3_idle_073.png
[13:18:20.424] rive  compiling 6 markup files as one document: pipstage.rml, shared.rml, stage1.rml, stage2.rml, stage3.rml, stage4.rml
[13:18:20.942] rive  built tools/rive/bolt/build/pip_bolt.riv (161033 bytes, 522ms, 0 errors, 0 warnings)
[13:18:20.945] rive  data: mood = 0
[13:18:20.945] rive  showing Stage3 [1/5]
[13:18:20.945] rive  viewport 240x240 @1x
[13:18:20.953] rive  wrote design/animations/rive/bolt/frames/mp3_idle_075.png
[13:18:21.022] rive  compiling 6 markup files as one document: pipstage.rml, shared.rml, stage1.rml, stage2.rml, stage3.rml, stage4.rml
[13:18:21.551] rive  built tools/rive/bolt/build/pip_bolt.riv (161033 bytes, 532ms, 0 errors, 0 warnings)
[13:18:21.554] rive  data: mood = 0
[13:18:21.554] rive  showing Stage3 [1/5]
[13:18:21.554] rive  viewport 240x240 @1x
[13:18:21.562] rive  wrote design/animations/rive/bolt/frames/mp3_idle_077.png
[13:18:21.632] rive  compiling 6 markup files as one document: pipstage.rml, shared.rml, stage1.rml, stage2.rml, stage3.rml, stage4.rml
[13:18:22.150] rive  built tools/rive/bolt/build/pip_bolt.riv (161033 bytes, 522ms, 0 errors, 0 warnings)
[13:18:22.152] rive  data: mood = 0
[13:18:22.152] rive  showing Stage3 [1/5]
[13:18:22.153] rive  viewport 240x240 @1x
[13:18:22.161] rive  wrote design/animations/rive/bolt/frames/mp3_idle_079.png
[13:18:22.230] rive  compiling 6 markup files as one document: pipstage.rml, shared.rml, stage1.rml, stage2.rml, stage3.rml, stage4.rml
[13:18:22.756] rive  built tools/rive/bolt/build/pip_bolt.riv (161033 bytes, 530ms, 0 errors, 0 warnings)
[13:18:22.759] rive  data: mood = 0
[13:18:22.759] rive  showing Stage3 [1/5]
[13:18:22.759] rive  viewport 240x240 @1x
[13:18:22.767] rive  wrote design/animations/rive/bolt/frames/mp3_idle_081.png
[13:18:22.832] rive  compiling 6 markup files as one document: pipstage.rml, shared.rml, stage1.rml, stage2.rml, stage3.rml, stage4.rml
[13:18:23.358] rive  built tools/rive/bolt/build/pip_bolt.riv (161033 bytes, 530ms, 0 errors, 0 warnings)
[13:18:23.360] rive  data: mood = 0
[13:18:23.360] rive  showing Stage3 [1/5]
[13:18:23.361] rive  viewport 240x240 @1x
[13:18:23.369] rive  wrote design/animations/rive/bolt/frames/mp3_idle_083.png
[13:18:23.439] rive  compiling 6 markup files as one document: pipstage.rml, shared.rml, stage1.rml, stage2.rml, stage3.rml, stage4.rml
[13:18:23.962] rive  built tools/rive/bolt/build/pip_bolt.riv (161033 bytes, 527ms, 0 errors, 0 warnings)
[13:18:23.964] rive  data: mood = 0
[13:18:23.964] rive  showing Stage3 [1/5]
[13:18:23.964] rive  viewport 240x240 @1x
[13:18:23.972] rive  wrote design/animations/rive/bolt/frames/mp3_idle_085.png
[13:18:24.042] rive  compiling 6 markup files as one document: pipstage.rml, shared.rml, stage1.rml, stage2.rml, stage3.rml, stage4.rml
[13:18:24.566] rive  built tools/rive/bolt/build/pip_bolt.riv (161033 bytes, 528ms, 0 errors, 0 warnings)
[13:18:24.568] rive  data: mood = 0
[13:18:24.568] rive  showing Stage3 [1/5]
[13:18:24.568] rive  viewport 240x240 @1x
[13:18:24.576] rive  wrote design/animations/rive/bolt/frames/mp3_idle_087.png
[13:18:24.648] rive  compiling 6 markup files as one document: pipstage.rml, shared.rml, stage1.rml, stage2.rml, stage3.rml, stage4.rml
[13:18:25.181] rive  built tools/rive/bolt/build/pip_bolt.riv (161033 bytes, 537ms, 0 errors, 0 warnings)
[13:18:25.183] rive  data: mood = 0
[13:18:25.183] rive  showing Stage3 [1/5]
[13:18:25.184] rive  viewport 240x240 @1x
[13:18:25.194] rive  wrote design/animations/rive/bolt/frames/mp3_idle_089.png
[13:18:25.266] rive  compiling 6 markup files as one document: pipstage.rml, shared.rml, stage1.rml, stage2.rml, stage3.rml, stage4.rml
[13:18:25.791] rive  built tools/rive/bolt/build/pip_bolt.riv (161033 bytes, 529ms, 0 errors, 0 warnings)
[13:18:25.793] rive  data: mood = 0
[13:18:25.793] rive  showing Stage3 [1/5]
[13:18:25.794] rive  viewport 240x240 @1x
[13:18:25.802] rive  wrote design/animations/rive/bolt/frames/mp3_idle_091.png
[13:18:25.870] rive  compiling 6 markup files as one document: pipstage.rml, shared.rml, stage1.rml, stage2.rml, stage3.rml, stage4.rml
[13:18:26.397] rive  built tools/rive/bolt/build/pip_bolt.riv (161033 bytes, 531ms, 0 errors, 0 warnings)
[13:18:26.399] rive  data: mood = 0
[13:18:26.399] rive  showing Stage3 [1/5]
[13:18:26.400] rive  viewport 240x240 @1x
[13:18:26.408] rive  wrote design/animations/rive/bolt/frames/mp3_idle_093.png
[13:18:26.475] rive  compiling 6 markup files as one document: pipstage.rml, shared.rml, stage1.rml, stage2.rml, stage3.rml, stage4.rml
[13:18:27.003] rive  built tools/rive/bolt/build/pip_bolt.riv (161033 bytes, 532ms, 0 errors, 0 warnings)
[13:18:27.006] rive  data: mood = 0
[13:18:27.006] rive  showing Stage3 [1/5]
[13:18:27.006] rive  viewport 240x240 @1x
[13:18:27.014] rive  wrote design/animations/rive/bolt/frames/mp3_idle_095.png
[13:18:27.083] rive  compiling 6 markup files as one document: pipstage.rml, shared.rml, stage1.rml, stage2.rml, stage3.rml, stage4.rml
[13:18:27.610] rive  built tools/rive/bolt/build/pip_bolt.riv (161033 bytes, 531ms, 0 errors, 0 warnings)
[13:18:27.612] rive  data: mood = 0
[13:18:27.612] rive  showing Stage3 [1/5]
[13:18:27.613] rive  viewport 240x240 @1x
[13:18:27.620] rive  wrote design/animations/rive/bolt/frames/mp3_idle_097.png
[13:18:27.690] rive  compiling 6 markup files as one document: pipstage.rml, shared.rml, stage1.rml, stage2.rml, stage3.rml, stage4.rml
[13:18:28.218] rive  built tools/rive/bolt/build/pip_bolt.riv (161033 bytes, 532ms, 0 errors, 0 warnings)
[13:18:28.220] rive  data: mood = 0
[13:18:28.220] rive  showing Stage3 [1/5]
[13:18:28.221] rive  viewport 240x240 @1x
[13:18:28.229] rive  wrote design/animations/rive/bolt/frames/mp3_idle_099.png
[13:18:28.298] rive  compiling 6 markup files as one document: pipstage.rml, shared.rml, stage1.rml, stage2.rml, stage3.rml, stage4.rml
[13:18:28.818] rive  built tools/rive/bolt/build/pip_bolt.riv (161033 bytes, 524ms, 0 errors, 0 warnings)
[13:18:28.820] rive  data: mood = 0
[13:18:28.820] rive  showing Stage3 [1/5]
[13:18:28.821] rive  viewport 240x240 @1x
[13:18:28.830] rive  wrote design/animations/rive/bolt/frames/mp3_idle_101.png
[13:18:28.897] rive  compiling 6 markup files as one document: pipstage.rml, shared.rml, stage1.rml, stage2.rml, stage3.rml, stage4.rml
[13:18:29.412] rive  built tools/rive/bolt/build/pip_bolt.riv (161033 bytes, 519ms, 0 errors, 0 warnings)
[13:18:29.414] rive  data: mood = 0
[13:18:29.414] rive  showing Stage3 [1/5]
[13:18:29.415] rive  viewport 240x240 @1x
[13:18:29.423] rive  wrote design/animations/rive/bolt/frames/mp3_idle_103.png
[13:18:29.492] rive  compiling 6 markup files as one document: pipstage.rml, shared.rml, stage1.rml, stage2.rml, stage3.rml, stage4.rml
[13:18:30.021] rive  built tools/rive/bolt/build/pip_bolt.riv (161033 bytes, 533ms, 0 errors, 0 warnings)
[13:18:30.024] rive  data: mood = 0
[13:18:30.024] rive  showing Stage3 [1/5]
[13:18:30.024] rive  viewport 240x240 @1x
[13:18:30.033] rive  wrote design/animations/rive/bolt/frames/mp3_idle_105.png
[13:18:30.101] rive  compiling 6 markup files as one document: pipstage.rml, shared.rml, stage1.rml, stage2.rml, stage3.rml, stage4.rml
[13:18:30.624] rive  built tools/rive/bolt/build/pip_bolt.riv (161033 bytes, 527ms, 0 errors, 0 warnings)
[13:18:30.626] rive  data: mood = 0
[13:18:30.626] rive  showing Stage3 [1/5]
[13:18:30.626] rive  viewport 240x240 @1x
[13:18:30.635] rive  wrote design/animations/rive/bolt/frames/mp3_idle_107.png
[13:18:30.707] rive  compiling 6 markup files as one document: pipstage.rml, shared.rml, stage1.rml, stage2.rml, stage3.rml, stage4.rml
[13:18:31.230] rive  built tools/rive/bolt/build/pip_bolt.riv (161033 bytes, 529ms, 0 errors, 0 warnings)
[13:18:31.232] rive  data: mood = 0
[13:18:31.232] rive  showing Stage3 [1/5]
[13:18:31.233] rive  viewport 240x240 @1x
[13:18:31.241] rive  wrote design/animations/rive/bolt/frames/mp3_idle_109.png
[13:18:31.309] rive  compiling 6 markup files as one document: pipstage.rml, shared.rml, stage1.rml, stage2.rml, stage3.rml, stage4.rml
[13:18:31.830] rive  built tools/rive/bolt/build/pip_bolt.riv (161033 bytes, 526ms, 0 errors, 0 warnings)
[13:18:31.832] rive  data: mood = 0
[13:18:31.832] rive  showing Stage3 [1/5]
[13:18:31.833] rive  viewport 240x240 @1x
[13:18:31.842] rive  wrote design/animations/rive/bolt/frames/mp3_idle_111.png
[13:18:31.910] rive  compiling 6 markup files as one document: pipstage.rml, shared.rml, stage1.rml, stage2.rml, stage3.rml, stage4.rml
[13:18:32.426] rive  built tools/rive/bolt/build/pip_bolt.riv (161033 bytes, 520ms, 0 errors, 0 warnings)
[13:18:32.428] rive  data: mood = 0
[13:18:32.428] rive  showing Stage3 [1/5]
[13:18:32.429] rive  viewport 240x240 @1x
[13:18:32.437] rive  wrote design/animations/rive/bolt/frames/mp3_idle_113.png
[13:18:32.506] rive  compiling 6 markup files as one document: pipstage.rml, shared.rml, stage1.rml, stage2.rml, stage3.rml, stage4.rml
[13:18:33.026] rive  built tools/rive/bolt/build/pip_bolt.riv (161033 bytes, 523ms, 0 errors, 0 warnings)
[13:18:33.028] rive  data: mood = 0
[13:18:33.028] rive  showing Stage3 [1/5]
[13:18:33.029] rive  viewport 240x240 @1x
[13:18:33.037] rive  wrote design/animations/rive/bolt/frames/mp3_idle_115.png
[13:18:33.105] rive  compiling 6 markup files as one document: pipstage.rml, shared.rml, stage1.rml, stage2.rml, stage3.rml, stage4.rml
[13:18:33.619] rive  built tools/rive/bolt/build/pip_bolt.riv (161033 bytes, 518ms, 0 errors, 0 warnings)
[13:18:33.621] rive  data: mood = 0
[13:18:33.621] rive  showing Stage3 [1/5]
[13:18:33.622] rive  viewport 240x240 @1x
[13:18:33.630] rive  wrote design/animations/rive/bolt/frames/mp3_idle_117.png
[13:18:33.697] rive  compiling 6 markup files as one document: pipstage.rml, shared.rml, stage1.rml, stage2.rml, stage3.rml, stage4.rml
[13:18:34.216] rive  built tools/rive/bolt/build/pip_bolt.riv (161033 bytes, 523ms, 0 errors, 0 warnings)
[13:18:34.218] rive  data: mood = 0
[13:18:34.218] rive  showing Stage3 [1/5]
[13:18:34.219] rive  viewport 240x240 @1x
[13:18:34.227] rive  wrote design/animations/rive/bolt/frames/mp3_idle_119.png
[13:18:34.297] rive  compiling 6 markup files as one document: pipstage.rml, shared.rml, stage1.rml, stage2.rml, stage3.rml, stage4.rml
[13:18:34.807] rive  built tools/rive/bolt/build/pip_bolt.riv (161033 bytes, 514ms, 0 errors, 0 warnings)
[13:18:34.809] rive  data: mood = 0
[13:18:34.809] rive  showing Stage3 [1/5]
[13:18:34.810] rive  viewport 240x240 @1x
[13:18:34.818] rive  wrote design/animations/rive/bolt/frames/mp3_idle_121.png
[13:18:34.885] rive  compiling 6 markup files as one document: pipstage.rml, shared.rml, stage1.rml, stage2.rml, stage3.rml, stage4.rml
[13:18:35.406] rive  built tools/rive/bolt/build/pip_bolt.riv (161033 bytes, 525ms, 0 errors, 0 warnings)
[13:18:35.408] rive  data: mood = 0
[13:18:35.408] rive  showing Stage3 [1/5]
[13:18:35.409] rive  viewport 240x240 @1x
[13:18:35.417] rive  wrote design/animations/rive/bolt/frames/mp3_idle_123.png
[13:18:35.486] rive  compiling 6 markup files as one document: pipstage.rml, shared.rml, stage1.rml, stage2.rml, stage3.rml, stage4.rml
[13:18:36.011] rive  built tools/rive/bolt/build/pip_bolt.riv (161033 bytes, 529ms, 0 errors, 0 warnings)
[13:18:36.013] rive  data: mood = 0
[13:18:36.013] rive  showing Stage3 [1/5]
[13:18:36.014] rive  viewport 240x240 @1x
[13:18:36.022] rive  wrote design/animations/rive/bolt/frames/mp3_idle_125.png
[13:18:36.091] rive  compiling 6 markup files as one document: pipstage.rml, shared.rml, stage1.rml, stage2.rml, stage3.rml, stage4.rml
[13:18:36.606] rive  built tools/rive/bolt/build/pip_bolt.riv (161033 bytes, 519ms, 0 errors, 0 warnings)
[13:18:36.608] rive  data: mood = 0
[13:18:36.608] rive  showing Stage3 [1/5]
[13:18:36.609] rive  viewport 240x240 @1x
[13:18:36.617] rive  wrote design/animations/rive/bolt/frames/mp3_idle_127.png
[13:18:36.685] rive  compiling 6 markup files as one document: pipstage.rml, shared.rml, stage1.rml, stage2.rml, stage3.rml, stage4.rml
[13:18:37.199] rive  built tools/rive/bolt/build/pip_bolt.riv (161033 bytes, 518ms, 0 errors, 0 warnings)
[13:18:37.201] rive  data: mood = 0
[13:18:37.201] rive  showing Stage3 [1/5]
[13:18:37.202] rive  viewport 240x240 @1x
[13:18:37.210] rive  wrote design/animations/rive/bolt/frames/mp3_idle_129.png
[13:18:37.277] rive  compiling 6 markup files as one document: pipstage.rml, shared.rml, stage1.rml, stage2.rml, stage3.rml, stage4.rml
[13:18:37.791] rive  built tools/rive/bolt/build/pip_bolt.riv (161033 bytes, 519ms, 0 errors, 0 warnings)
[13:18:37.793] rive  data: mood = 0
[13:18:37.793] rive  showing Stage3 [1/5]
[13:18:37.794] rive  viewport 240x240 @1x
[13:18:37.803] rive  wrote design/animations/rive/bolt/frames/mp3_idle_131.png
[13:18:37.870] rive  compiling 6 markup files as one document: pipstage.rml, shared.rml, stage1.rml, stage2.rml, stage3.rml, stage4.rml
[13:18:38.384] rive  built tools/rive/bolt/build/pip_bolt.riv (161033 bytes, 518ms, 0 errors, 0 warnings)
[13:18:38.386] rive  data: mood = 0
[13:18:38.386] rive  showing Stage3 [1/5]
[13:18:38.387] rive  viewport 240x240 @1x
[13:18:38.395] rive  wrote design/animations/rive/bolt/frames/mp3_idle_133.png
[13:18:38.465] rive  compiling 6 markup files as one document: pipstage.rml, shared.rml, stage1.rml, stage2.rml, stage3.rml, stage4.rml
[13:18:38.985] rive  built tools/rive/bolt/build/pip_bolt.riv (161033 bytes, 523ms, 0 errors, 0 warnings)
[13:18:38.987] rive  data: mood = 0
[13:18:38.987] rive  showing Stage3 [1/5]
[13:18:38.988] rive  viewport 240x240 @1x
[13:18:38.998] rive  wrote design/animations/rive/bolt/frames/mp3_idle_135.png
[13:18:39.065] rive  compiling 6 markup files as one document: pipstage.rml, shared.rml, stage1.rml, stage2.rml, stage3.rml, stage4.rml
[13:18:39.581] rive  built tools/rive/bolt/build/pip_bolt.riv (161033 bytes, 519ms, 0 errors, 0 warnings)
[13:18:39.583] rive  data: mood = 0
[13:18:39.583] rive  showing Stage3 [1/5]
[13:18:39.584] rive  viewport 240x240 @1x
[13:18:39.592] rive  wrote design/animations/rive/bolt/frames/mp3_idle_137.png
[13:18:39.661] rive  compiling 6 markup files as one document: pipstage.rml, shared.rml, stage1.rml, stage2.rml, stage3.rml, stage4.rml
[13:18:40.183] rive  built tools/rive/bolt/build/pip_bolt.riv (161033 bytes, 526ms, 0 errors, 0 warnings)
[13:18:40.185] rive  data: mood = 0
[13:18:40.185] rive  showing Stage3 [1/5]
[13:18:40.186] rive  viewport 240x240 @1x
[13:18:40.194] rive  wrote design/animations/rive/bolt/frames/mp3_idle_139.png
[13:18:40.266] rive  compiling 6 markup files as one document: pipstage.rml, shared.rml, stage1.rml, stage2.rml, stage3.rml, stage4.rml
[13:18:40.778] rive  built tools/rive/bolt/build/pip_bolt.riv (161033 bytes, 516ms, 0 errors, 0 warnings)
[13:18:40.780] rive  data: mood = 0
[13:18:40.780] rive  showing Stage3 [1/5]
[13:18:40.781] rive  viewport 240x240 @1x
[13:18:40.789] rive  wrote design/animations/rive/bolt/frames/mp3_idle_141.png
[13:18:40.856] rive  compiling 6 markup files as one document: pipstage.rml, shared.rml, stage1.rml, stage2.rml, stage3.rml, stage4.rml
[13:18:41.376] rive  built tools/rive/bolt/build/pip_bolt.riv (161033 bytes, 524ms, 0 errors, 0 warnings)
[13:18:41.378] rive  data: mood = 0
[13:18:41.379] rive  showing Stage3 [1/5]
[13:18:41.379] rive  viewport 240x240 @1x
[13:18:41.387] rive  wrote design/animations/rive/bolt/frames/mp3_idle_143.png
[13:18:41.457] rive  compiling 6 markup files as one document: pipstage.rml, shared.rml, stage1.rml, stage2.rml, stage3.rml, stage4.rml
[13:18:41.984] rive  built tools/rive/bolt/build/pip_bolt.riv (161033 bytes, 532ms, 0 errors, 0 warnings)
[13:18:41.987] rive  data: mood = 0
[13:18:41.987] rive  showing Stage3 [1/5]
[13:18:41.987] rive  viewport 240x240 @1x
[13:18:41.995] rive  wrote design/animations/rive/bolt/frames/mp3_idle_145.png
[13:18:42.064] rive  compiling 6 markup files as one document: pipstage.rml, shared.rml, stage1.rml, stage2.rml, stage3.rml, stage4.rml
[13:18:42.585] rive  built tools/rive/bolt/build/pip_bolt.riv (161033 bytes, 524ms, 0 errors, 0 warnings)
[13:18:42.587] rive  data: mood = 0
[13:18:42.587] rive  showing Stage3 [1/5]
[13:18:42.588] rive  viewport 240x240 @1x
[13:18:42.596] rive  wrote design/animations/rive/bolt/frames/mp3_idle_147.png
[13:18:42.666] rive  compiling 6 markup files as one document: pipstage.rml, shared.rml, stage1.rml, stage2.rml, stage3.rml, stage4.rml
[13:18:43.188] rive  built tools/rive/bolt/build/pip_bolt.riv (161033 bytes, 526ms, 0 errors, 0 warnings)
[13:18:43.190] rive  data: mood = 0
[13:18:43.190] rive  showing Stage3 [1/5]
[13:18:43.191] rive  viewport 240x240 @1x
[13:18:43.199] rive  wrote design/animations/rive/bolt/frames/mp3_idle_149.png
[13:18:43.265] rive  compiling 6 markup files as one document: pipstage.rml, shared.rml, stage1.rml, stage2.rml, stage3.rml, stage4.rml
[13:18:43.782] rive  built tools/rive/bolt/build/pip_bolt.riv (161033 bytes, 520ms, 0 errors, 0 warnings)
[13:18:43.784] rive  data: mood = 0
[13:18:43.784] rive  showing Stage3 [1/5]
[13:18:43.784] rive  viewport 240x240 @1x
[13:18:43.796] rive  wrote design/animations/rive/bolt/frames/mp3_idle_151.png
[13:18:43.872] rive  compiling 6 markup files as one document: pipstage.rml, shared.rml, stage1.rml, stage2.rml, stage3.rml, stage4.rml
[13:18:44.389] rive  built tools/rive/bolt/build/pip_bolt.riv (161033 bytes, 523ms, 0 errors, 0 warnings)
[13:18:44.391] rive  data: mood = 0
[13:18:44.391] rive  showing Stage3 [1/5]
[13:18:44.392] rive  viewport 240x240 @1x
[13:18:44.403] rive  wrote design/animations/rive/bolt/frames/mp3_idle_153.png
[13:18:44.474] rive  compiling 6 markup files as one document: pipstage.rml, shared.rml, stage1.rml, stage2.rml, stage3.rml, stage4.rml
[13:18:44.994] rive  built tools/rive/bolt/build/pip_bolt.riv (161033 bytes, 524ms, 0 errors, 0 warnings)
[13:18:44.996] rive  data: mood = 0
[13:18:44.996] rive  showing Stage3 [1/5]
[13:18:44.997] rive  viewport 240x240 @1x
[13:18:45.005] rive  wrote design/animations/rive/bolt/frames/mp3_idle_155.png
[13:18:45.074] rive  compiling 6 markup files as one document: pipstage.rml, shared.rml, stage1.rml, stage2.rml, stage3.rml, stage4.rml
[13:18:45.591] rive  built tools/rive/bolt/build/pip_bolt.riv (161033 bytes, 521ms, 0 errors, 0 warnings)
[13:18:45.593] rive  data: mood = 0
[13:18:45.593] rive  showing Stage3 [1/5]
[13:18:45.594] rive  viewport 240x240 @1x
[13:18:45.602] rive  wrote design/animations/rive/bolt/frames/mp3_idle_157.png
[13:18:45.670] rive  compiling 6 markup files as one document: pipstage.rml, shared.rml, stage1.rml, stage2.rml, stage3.rml, stage4.rml
[13:18:46.190] rive  built tools/rive/bolt/build/pip_bolt.riv (161033 bytes, 525ms, 0 errors, 0 warnings)
[13:18:46.192] rive  data: mood = 0
[13:18:46.193] rive  showing Stage3 [1/5]
[13:18:46.193] rive  viewport 240x240 @1x
[13:18:46.202] rive  wrote design/animations/rive/bolt/frames/mp3_idle_159.png
[13:18:46.272] rive  compiling 6 markup files as one document: pipstage.rml, shared.rml, stage1.rml, stage2.rml, stage3.rml, stage4.rml
[13:18:46.788] rive  built tools/rive/bolt/build/pip_bolt.riv (161033 bytes, 520ms, 0 errors, 0 warnings)
[13:18:46.790] rive  data: mood = 0
[13:18:46.790] rive  showing Stage3 [1/5]
[13:18:46.791] rive  viewport 240x240 @1x
[13:18:46.799] rive  wrote design/animations/rive/bolt/frames/mp3_idle_161.png
[13:18:46.866] rive  compiling 6 markup files as one document: pipstage.rml, shared.rml, stage1.rml, stage2.rml, stage3.rml, stage4.rml
[13:18:47.382] rive  built tools/rive/bolt/build/pip_bolt.riv (161033 bytes, 519ms, 0 errors, 0 warnings)
[13:18:47.384] rive  data: mood = 0
[13:18:47.384] rive  showing Stage3 [1/5]
[13:18:47.385] rive  viewport 240x240 @1x
[13:18:47.393] rive  wrote design/animations/rive/bolt/frames/mp3_idle_163.png
[13:18:47.464] rive  compiling 6 markup files as one document: pipstage.rml, shared.rml, stage1.rml, stage2.rml, stage3.rml, stage4.rml
[13:18:47.977] rive  built tools/rive/bolt/build/pip_bolt.riv (161033 bytes, 518ms, 0 errors, 0 warnings)
[13:18:47.979] rive  data: mood = 0
[13:18:47.979] rive  showing Stage3 [1/5]
[13:18:47.980] rive  viewport 240x240 @1x
[13:18:47.988] rive  wrote design/animations/rive/bolt/frames/mp3_idle_165.png
[13:18:48.056] rive  compiling 6 markup files as one document: pipstage.rml, shared.rml, stage1.rml, stage2.rml, stage3.rml, stage4.rml
[13:18:48.585] rive  built tools/rive/bolt/build/pip_bolt.riv (161033 bytes, 532ms, 0 errors, 0 warnings)
[13:18:48.587] rive  data: mood = 0
[13:18:48.587] rive  showing Stage3 [1/5]
[13:18:48.588] rive  viewport 240x240 @1x
[13:18:48.596] rive  wrote design/animations/rive/bolt/frames/mp3_idle_167.png
[13:18:48.665] rive  compiling 6 markup files as one document: pipstage.rml, shared.rml, stage1.rml, stage2.rml, stage3.rml, stage4.rml
[13:18:49.179] rive  built tools/rive/bolt/build/pip_bolt.riv (161033 bytes, 518ms, 0 errors, 0 warnings)
[13:18:49.181] rive  data: mood = 0
[13:18:49.181] rive  showing Stage3 [1/5]
[13:18:49.182] rive  viewport 240x240 @1x
[13:18:49.190] rive  wrote design/animations/rive/bolt/frames/mp3_idle_169.png
[13:18:49.257] rive  compiling 6 markup files as one document: pipstage.rml, shared.rml, stage1.rml, stage2.rml, stage3.rml, stage4.rml
[13:18:49.774] rive  built tools/rive/bolt/build/pip_bolt.riv (161033 bytes, 522ms, 0 errors, 0 warnings)
[13:18:49.776] rive  data: mood = 0
[13:18:49.776] rive  showing Stage3 [1/5]
[13:18:49.777] rive  viewport 240x240 @1x
[13:18:49.786] rive  wrote design/animations/rive/bolt/frames/mp3_idle_171.png
[13:18:49.854] rive  compiling 6 markup files as one document: pipstage.rml, shared.rml, stage1.rml, stage2.rml, stage3.rml, stage4.rml
[13:18:50.372] rive  built tools/rive/bolt/build/pip_bolt.riv (161033 bytes, 521ms, 0 errors, 0 warnings)
[13:18:50.374] rive  data: mood = 0
[13:18:50.374] rive  showing Stage3 [1/5]
[13:18:50.375] rive  viewport 240x240 @1x
[13:18:50.385] rive  wrote design/animations/rive/bolt/frames/mp3_idle_173.png
[13:18:50.455] rive  compiling 6 markup files as one document: pipstage.rml, shared.rml, stage1.rml, stage2.rml, stage3.rml, stage4.rml
[13:18:50.977] rive  built tools/rive/bolt/build/pip_bolt.riv (161033 bytes, 525ms, 0 errors, 0 warnings)
[13:18:50.979] rive  data: mood = 0
[13:18:50.979] rive  showing Stage3 [1/5]
[13:18:50.980] rive  viewport 240x240 @1x
[13:18:50.988] rive  wrote design/animations/rive/bolt/frames/mp3_idle_175.png
[13:18:51.059] rive  compiling 6 markup files as one document: pipstage.rml, shared.rml, stage1.rml, stage2.rml, stage3.rml, stage4.rml
[13:18:51.560] rive  built tools/rive/bolt/build/pip_bolt.riv (161033 bytes, 505ms, 0 errors, 0 warnings)
[13:18:51.563] rive  data: mood = 0
[13:18:51.563] rive  showing Stage3 [1/5]
[13:18:51.564] rive  viewport 240x240 @1x
[13:18:51.572] rive  wrote design/animations/rive/bolt/frames/mp3_idle_177.png
[13:18:51.639] rive  compiling 6 markup files as one document: pipstage.rml, shared.rml, stage1.rml, stage2.rml, stage3.rml, stage4.rml
[13:18:52.155] rive  built tools/rive/bolt/build/pip_bolt.riv (161033 bytes, 519ms, 0 errors, 0 warnings)
[13:18:52.158] rive  data: mood = 0
[13:18:52.158] rive  showing Stage3 [1/5]
[13:18:52.159] rive  viewport 240x240 @1x
[13:18:52.169] rive  wrote design/animations/rive/bolt/frames/mp3_idle_179.png
[13:18:52.242] rive  compiling 6 markup files as one document: pipstage.rml, shared.rml, stage1.rml, stage2.rml, stage3.rml, stage4.rml
[13:18:52.781] rive  built tools/rive/bolt/build/pip_bolt.riv (161033 bytes, 543ms, 0 errors, 0 warnings)
[13:18:52.783] rive  data: mood = 1
[13:18:52.783] rive  showing Stage3 [1/5]
[13:18:52.783] rive  viewport 240x240 @1x
[13:18:52.792] rive  wrote design/animations/rive/bolt/frames/mp3_happy_001.png
[13:18:52.865] rive  compiling 6 markup files as one document: pipstage.rml, shared.rml, stage1.rml, stage2.rml, stage3.rml, stage4.rml
[13:18:53.408] rive  built tools/rive/bolt/build/pip_bolt.riv (161033 bytes, 546ms, 0 errors, 0 warnings)
[13:18:53.410] rive  data: mood = 1
[13:18:53.410] rive  showing Stage3 [1/5]
[13:18:53.410] rive  viewport 240x240 @1x
[13:18:53.419] rive  wrote design/animations/rive/bolt/frames/mp3_happy_003.png
[13:18:53.498] rive  compiling 6 markup files as one document: pipstage.rml, shared.rml, stage1.rml, stage2.rml, stage3.rml, stage4.rml
[13:18:54.023] rive  built tools/rive/bolt/build/pip_bolt.riv (161033 bytes, 530ms, 0 errors, 0 warnings)
[13:18:54.025] rive  data: mood = 1
[13:18:54.025] rive  showing Stage3 [1/5]
[13:18:54.025] rive  viewport 240x240 @1x
[13:18:54.034] rive  wrote design/animations/rive/bolt/frames/mp3_happy_005.png
[13:18:54.165] rive  compiling 6 markup files as one document: pipstage.rml, shared.rml, stage1.rml, stage2.rml, stage3.rml, stage4.rml
[13:18:54.689] rive  built tools/rive/bolt/build/pip_bolt.riv (161033 bytes, 529ms, 0 errors, 0 warnings)
[13:18:54.691] rive  data: mood = 1
[13:18:54.691] rive  showing Stage3 [1/5]
[13:18:54.691] rive  viewport 240x240 @1x
[13:18:54.699] rive  wrote design/animations/rive/bolt/frames/mp3_happy_007.png
[13:18:54.770] rive  compiling 6 markup files as one document: pipstage.rml, shared.rml, stage1.rml, stage2.rml, stage3.rml, stage4.rml
[13:18:55.548] rive  built tools/rive/bolt/build/pip_bolt.riv (161033 bytes, 783ms, 0 errors, 0 warnings)
[13:18:55.551] rive  data: mood = 1
[13:18:55.551] rive  showing Stage3 [1/5]
[13:18:55.551] rive  viewport 240x240 @1x
[13:18:55.582] rive  wrote design/animations/rive/bolt/frames/mp3_happy_009.png
[13:18:55.709] rive  compiling 6 markup files as one document: pipstage.rml, shared.rml, stage1.rml, stage2.rml, stage3.rml, stage4.rml
[13:18:57.029] rive  built tools/rive/bolt/build/pip_bolt.riv (161033 bytes, 1326ms, 0 errors, 0 warnings)
[13:18:57.071] rive  data: mood = 1
[13:18:57.071] rive  showing Stage3 [1/5]
[13:18:57.072] rive  viewport 240x240 @1x
[13:18:57.108] rive  wrote design/animations/rive/bolt/frames/mp3_happy_011.png
[13:18:57.247] rive  compiling 6 markup files as one document: pipstage.rml, shared.rml, stage1.rml, stage2.rml, stage3.rml, stage4.rml
[13:18:58.355] rive  built tools/rive/bolt/build/pip_bolt.riv (161033 bytes, 1112ms, 0 errors, 0 warnings)
[13:18:58.358] rive  data: mood = 1
[13:18:58.358] rive  showing Stage3 [1/5]
[13:18:58.358] rive  viewport 240x240 @1x
[13:18:58.394] rive  wrote design/animations/rive/bolt/frames/mp3_happy_013.png
[13:18:58.492] rive  compiling 6 markup files as one document: pipstage.rml, shared.rml, stage1.rml, stage2.rml, stage3.rml, stage4.rml
[13:18:59.532] rive  built tools/rive/bolt/build/pip_bolt.riv (161033 bytes, 1048ms, 0 errors, 0 warnings)
[13:18:59.537] rive  data: mood = 1
[13:18:59.537] rive  showing Stage3 [1/5]
[13:18:59.538] rive  viewport 240x240 @1x
[13:18:59.560] rive  wrote design/animations/rive/bolt/frames/mp3_happy_015.png
[13:18:59.713] rive  compiling 6 markup files as one document: pipstage.rml, shared.rml, stage1.rml, stage2.rml, stage3.rml, stage4.rml
[13:19:00.791] rive  built tools/rive/bolt/build/pip_bolt.riv (161033 bytes, 1082ms, 0 errors, 0 warnings)
[13:19:00.793] rive  data: mood = 1
[13:19:00.793] rive  showing Stage3 [1/5]
[13:19:00.793] rive  viewport 240x240 @1x
[13:19:00.807] rive  wrote design/animations/rive/bolt/frames/mp3_happy_017.png
[13:19:00.951] rive  compiling 6 markup files as one document: pipstage.rml, shared.rml, stage1.rml, stage2.rml, stage3.rml, stage4.rml
[13:19:01.589] rive  built tools/rive/bolt/build/pip_bolt.riv (161033 bytes, 642ms, 0 errors, 0 warnings)
[13:19:01.592] rive  data: mood = 1
[13:19:01.592] rive  showing Stage3 [1/5]
[13:19:01.592] rive  viewport 240x240 @1x
[13:19:01.602] rive  wrote design/animations/rive/bolt/frames/mp3_happy_019.png
[13:19:01.687] rive  compiling 6 markup files as one document: pipstage.rml, shared.rml, stage1.rml, stage2.rml, stage3.rml, stage4.rml
[13:19:02.260] rive  built tools/rive/bolt/build/pip_bolt.riv (161033 bytes, 578ms, 0 errors, 0 warnings)
[13:19:02.263] rive  data: mood = 1
[13:19:02.263] rive  showing Stage3 [1/5]
[13:19:02.263] rive  viewport 240x240 @1x
[13:19:02.271] rive  wrote design/animations/rive/bolt/frames/mp3_happy_021.png
[13:19:02.344] rive  compiling 6 markup files as one document: pipstage.rml, shared.rml, stage1.rml, stage2.rml, stage3.rml, stage4.rml
[13:19:02.879] rive  built tools/rive/bolt/build/pip_bolt.riv (161033 bytes, 539ms, 0 errors, 0 warnings)
[13:19:02.881] rive  data: mood = 1
[13:19:02.882] rive  showing Stage3 [1/5]
[13:19:02.882] rive  viewport 240x240 @1x
[13:19:02.889] rive  wrote design/animations/rive/bolt/frames/mp3_happy_023.png
[13:19:02.964] rive  compiling 6 markup files as one document: pipstage.rml, shared.rml, stage1.rml, stage2.rml, stage3.rml, stage4.rml
[13:19:03.487] rive  built tools/rive/bolt/build/pip_bolt.riv (161033 bytes, 527ms, 0 errors, 0 warnings)
[13:19:03.489] rive  data: mood = 1
[13:19:03.489] rive  showing Stage3 [1/5]
[13:19:03.490] rive  viewport 240x240 @1x
[13:19:03.497] rive  wrote design/animations/rive/bolt/frames/mp3_happy_025.png
[13:19:03.566] rive  compiling 6 markup files as one document: pipstage.rml, shared.rml, stage1.rml, stage2.rml, stage3.rml, stage4.rml
[13:19:04.105] rive  built tools/rive/bolt/build/pip_bolt.riv (161033 bytes, 543ms, 0 errors, 0 warnings)
[13:19:04.107] rive  data: mood = 1
[13:19:04.107] rive  showing Stage3 [1/5]
[13:19:04.107] rive  viewport 240x240 @1x
[13:19:04.115] rive  wrote design/animations/rive/bolt/frames/mp3_happy_027.png
[13:19:04.184] rive  compiling 6 markup files as one document: pipstage.rml, shared.rml, stage1.rml, stage2.rml, stage3.rml, stage4.rml
[13:19:04.700] rive  built tools/rive/bolt/build/pip_bolt.riv (161033 bytes, 520ms, 0 errors, 0 warnings)
[13:19:04.702] rive  data: mood = 1
[13:19:04.702] rive  showing Stage3 [1/5]
[13:19:04.703] rive  viewport 240x240 @1x
[13:19:04.710] rive  wrote design/animations/rive/bolt/frames/mp3_happy_029.png
[13:19:04.776] rive  compiling 6 markup files as one document: pipstage.rml, shared.rml, stage1.rml, stage2.rml, stage3.rml, stage4.rml
[13:19:05.297] rive  built tools/rive/bolt/build/pip_bolt.riv (161033 bytes, 524ms, 0 errors, 0 warnings)
[13:19:05.299] rive  data: mood = 1
[13:19:05.299] rive  showing Stage3 [1/5]
[13:19:05.299] rive  viewport 240x240 @1x
[13:19:05.306] rive  wrote design/animations/rive/bolt/frames/mp3_happy_031.png
[13:19:05.376] rive  compiling 6 markup files as one document: pipstage.rml, shared.rml, stage1.rml, stage2.rml, stage3.rml, stage4.rml
[13:19:05.948] rive  built tools/rive/bolt/build/pip_bolt.riv (161033 bytes, 577ms, 0 errors, 0 warnings)
[13:19:05.950] rive  data: mood = 1
[13:19:05.950] rive  showing Stage3 [1/5]
[13:19:05.950] rive  viewport 240x240 @1x
[13:19:05.957] rive  wrote design/animations/rive/bolt/frames/mp3_happy_033.png
[13:19:06.025] rive  compiling 6 markup files as one document: pipstage.rml, shared.rml, stage1.rml, stage2.rml, stage3.rml, stage4.rml
[13:19:06.544] rive  built tools/rive/bolt/build/pip_bolt.riv (161033 bytes, 522ms, 0 errors, 0 warnings)
[13:19:06.546] rive  data: mood = 1
[13:19:06.546] rive  showing Stage3 [1/5]
[13:19:06.547] rive  viewport 240x240 @1x
[13:19:06.555] rive  wrote design/animations/rive/bolt/frames/mp3_happy_035.png
[13:19:06.626] rive  compiling 6 markup files as one document: pipstage.rml, shared.rml, stage1.rml, stage2.rml, stage3.rml, stage4.rml
[13:19:07.151] rive  built tools/rive/bolt/build/pip_bolt.riv (161033 bytes, 529ms, 0 errors, 0 warnings)
[13:19:07.153] rive  data: mood = 1
[13:19:07.153] rive  showing Stage3 [1/5]
[13:19:07.153] rive  viewport 240x240 @1x
[13:19:07.160] rive  wrote design/animations/rive/bolt/frames/mp3_happy_037.png
[13:19:07.234] rive  compiling 6 markup files as one document: pipstage.rml, shared.rml, stage1.rml, stage2.rml, stage3.rml, stage4.rml
[13:19:07.766] rive  built tools/rive/bolt/build/pip_bolt.riv (161033 bytes, 537ms, 0 errors, 0 warnings)
[13:19:07.768] rive  data: mood = 1
[13:19:07.768] rive  showing Stage3 [1/5]
[13:19:07.768] rive  viewport 240x240 @1x
[13:19:07.776] rive  wrote design/animations/rive/bolt/frames/mp3_happy_039.png
[13:19:07.851] rive  compiling 6 markup files as one document: pipstage.rml, shared.rml, stage1.rml, stage2.rml, stage3.rml, stage4.rml
[13:19:08.386] rive  built tools/rive/bolt/build/pip_bolt.riv (161033 bytes, 539ms, 0 errors, 0 warnings)
[13:19:08.388] rive  data: mood = 1
[13:19:08.388] rive  showing Stage3 [1/5]
[13:19:08.389] rive  viewport 240x240 @1x
[13:19:08.396] rive  wrote design/animations/rive/bolt/frames/mp3_happy_041.png
[13:19:08.465] rive  compiling 6 markup files as one document: pipstage.rml, shared.rml, stage1.rml, stage2.rml, stage3.rml, stage4.rml
[13:19:08.991] rive  built tools/rive/bolt/build/pip_bolt.riv (161033 bytes, 530ms, 0 errors, 0 warnings)
[13:19:08.993] rive  data: mood = 1
[13:19:08.993] rive  showing Stage3 [1/5]
[13:19:08.994] rive  viewport 240x240 @1x
[13:19:09.006] rive  wrote design/animations/rive/bolt/frames/mp3_happy_043.png
[13:19:09.076] rive  compiling 6 markup files as one document: pipstage.rml, shared.rml, stage1.rml, stage2.rml, stage3.rml, stage4.rml
[13:19:09.597] rive  built tools/rive/bolt/build/pip_bolt.riv (161033 bytes, 525ms, 0 errors, 0 warnings)
[13:19:09.599] rive  data: mood = 1
[13:19:09.600] rive  showing Stage3 [1/5]
[13:19:09.600] rive  viewport 240x240 @1x
[13:19:09.607] rive  wrote design/animations/rive/bolt/frames/mp3_happy_045.png
[13:19:09.676] rive  compiling 6 markup files as one document: pipstage.rml, shared.rml, stage1.rml, stage2.rml, stage3.rml, stage4.rml
[13:19:10.209] rive  built tools/rive/bolt/build/pip_bolt.riv (161033 bytes, 537ms, 0 errors, 0 warnings)
[13:19:10.211] rive  data: mood = 1
[13:19:10.211] rive  showing Stage3 [1/5]
[13:19:10.211] rive  viewport 240x240 @1x
[13:19:10.220] rive  wrote design/animations/rive/bolt/frames/mp3_happy_047.png
[13:19:10.291] rive  compiling 6 markup files as one document: pipstage.rml, shared.rml, stage1.rml, stage2.rml, stage3.rml, stage4.rml
[13:19:10.808] rive  built tools/rive/bolt/build/pip_bolt.riv (161033 bytes, 521ms, 0 errors, 0 warnings)
[13:19:10.810] rive  data: mood = 1
[13:19:10.810] rive  showing Stage3 [1/5]
[13:19:10.811] rive  viewport 240x240 @1x
[13:19:10.818] rive  wrote design/animations/rive/bolt/frames/mp3_happy_049.png
[13:19:10.886] rive  compiling 6 markup files as one document: pipstage.rml, shared.rml, stage1.rml, stage2.rml, stage3.rml, stage4.rml
[13:19:11.400] rive  built tools/rive/bolt/build/pip_bolt.riv (161033 bytes, 518ms, 0 errors, 0 warnings)
[13:19:11.402] rive  data: mood = 1
[13:19:11.402] rive  showing Stage3 [1/5]
[13:19:11.402] rive  viewport 240x240 @1x
[13:19:11.412] rive  wrote design/animations/rive/bolt/frames/mp3_happy_051.png
[13:19:11.483] rive  compiling 6 markup files as one document: pipstage.rml, shared.rml, stage1.rml, stage2.rml, stage3.rml, stage4.rml
[13:19:12.003] rive  built tools/rive/bolt/build/pip_bolt.riv (161033 bytes, 525ms, 0 errors, 0 warnings)
[13:19:12.006] rive  data: mood = 1
[13:19:12.006] rive  showing Stage3 [1/5]
[13:19:12.006] rive  viewport 240x240 @1x
[13:19:12.016] rive  wrote design/animations/rive/bolt/frames/mp3_happy_053.png
[13:19:12.086] rive  compiling 6 markup files as one document: pipstage.rml, shared.rml, stage1.rml, stage2.rml, stage3.rml, stage4.rml
[13:19:12.615] rive  built tools/rive/bolt/build/pip_bolt.riv (161033 bytes, 534ms, 0 errors, 0 warnings)
[13:19:12.618] rive  data: mood = 1
[13:19:12.618] rive  showing Stage3 [1/5]
[13:19:12.618] rive  viewport 240x240 @1x
[13:19:12.629] rive  wrote design/animations/rive/bolt/frames/mp3_happy_055.png
[13:19:12.701] rive  compiling 6 markup files as one document: pipstage.rml, shared.rml, stage1.rml, stage2.rml, stage3.rml, stage4.rml
[13:19:13.237] rive  built tools/rive/bolt/build/pip_bolt.riv (161033 bytes, 540ms, 0 errors, 0 warnings)
[13:19:13.240] rive  data: mood = 1
[13:19:13.240] rive  showing Stage3 [1/5]
[13:19:13.240] rive  viewport 240x240 @1x
[13:19:13.248] rive  wrote design/animations/rive/bolt/frames/mp3_happy_057.png
[13:19:13.321] rive  compiling 6 markup files as one document: pipstage.rml, shared.rml, stage1.rml, stage2.rml, stage3.rml, stage4.rml
[13:19:13.877] rive  built tools/rive/bolt/build/pip_bolt.riv (161033 bytes, 560ms, 0 errors, 0 warnings)
[13:19:13.880] rive  data: mood = 1
[13:19:13.880] rive  showing Stage3 [1/5]
[13:19:13.880] rive  viewport 240x240 @1x
[13:19:13.888] rive  wrote design/animations/rive/bolt/frames/mp3_happy_059.png
[13:19:13.959] rive  compiling 6 markup files as one document: pipstage.rml, shared.rml, stage1.rml, stage2.rml, stage3.rml, stage4.rml
[13:19:14.494] rive  built tools/rive/bolt/build/pip_bolt.riv (161033 bytes, 538ms, 0 errors, 0 warnings)
[13:19:14.496] rive  data: mood = 1
[13:19:14.496] rive  showing Stage3 [1/5]
[13:19:14.497] rive  viewport 240x240 @1x
[13:19:14.505] rive  wrote design/animations/rive/bolt/frames/mp3_happy_061.png
[13:19:14.577] rive  compiling 6 markup files as one document: pipstage.rml, shared.rml, stage1.rml, stage2.rml, stage3.rml, stage4.rml
[13:19:15.114] rive  built tools/rive/bolt/build/pip_bolt.riv (161033 bytes, 541ms, 0 errors, 0 warnings)
[13:19:15.116] rive  data: mood = 1
[13:19:15.116] rive  showing Stage3 [1/5]
[13:19:15.117] rive  viewport 240x240 @1x
[13:19:15.124] rive  wrote design/animations/rive/bolt/frames/mp3_happy_063.png
[13:19:15.194] rive  compiling 6 markup files as one document: pipstage.rml, shared.rml, stage1.rml, stage2.rml, stage3.rml, stage4.rml
[13:19:15.729] rive  built tools/rive/bolt/build/pip_bolt.riv (161033 bytes, 538ms, 0 errors, 0 warnings)
[13:19:15.731] rive  data: mood = 1
[13:19:15.731] rive  showing Stage3 [1/5]
[13:19:15.731] rive  viewport 240x240 @1x
[13:19:15.739] rive  wrote design/animations/rive/bolt/frames/mp3_happy_065.png
[13:19:15.817] rive  compiling 6 markup files as one document: pipstage.rml, shared.rml, stage1.rml, stage2.rml, stage3.rml, stage4.rml
[13:19:16.374] rive  built tools/rive/bolt/build/pip_bolt.riv (161033 bytes, 562ms, 0 errors, 0 warnings)
[13:19:16.376] rive  data: mood = 1
[13:19:16.376] rive  showing Stage3 [1/5]
[13:19:16.376] rive  viewport 240x240 @1x
[13:19:16.384] rive  wrote design/animations/rive/bolt/frames/mp3_happy_067.png
[13:19:16.453] rive  compiling 6 markup files as one document: pipstage.rml, shared.rml, stage1.rml, stage2.rml, stage3.rml, stage4.rml
[13:19:16.990] rive  built tools/rive/bolt/build/pip_bolt.riv (161033 bytes, 541ms, 0 errors, 0 warnings)
[13:19:16.992] rive  data: mood = 1
[13:19:16.993] rive  showing Stage3 [1/5]
[13:19:16.993] rive  viewport 240x240 @1x
[13:19:17.002] rive  wrote design/animations/rive/bolt/frames/mp3_happy_069.png
[13:19:17.075] rive  compiling 6 markup files as one document: pipstage.rml, shared.rml, stage1.rml, stage2.rml, stage3.rml, stage4.rml
[13:19:17.627] rive  built tools/rive/bolt/build/pip_bolt.riv (161033 bytes, 556ms, 0 errors, 0 warnings)
[13:19:17.629] rive  data: mood = 1
[13:19:17.629] rive  showing Stage3 [1/5]
[13:19:17.630] rive  viewport 240x240 @1x
[13:19:17.643] rive  wrote design/animations/rive/bolt/frames/mp3_happy_071.png
[13:19:17.719] rive  compiling 6 markup files as one document: pipstage.rml, shared.rml, stage1.rml, stage2.rml, stage3.rml, stage4.rml
[13:19:18.261] rive  built tools/rive/bolt/build/pip_bolt.riv (161033 bytes, 547ms, 0 errors, 0 warnings)
[13:19:18.264] rive  data: mood = 2
[13:19:18.264] rive  showing Stage3 [1/5]
[13:19:18.264] rive  viewport 240x240 @1x
[13:19:18.276] rive  wrote design/animations/rive/bolt/frames/mp3_eating_001.png
[13:19:18.352] rive  compiling 6 markup files as one document: pipstage.rml, shared.rml, stage1.rml, stage2.rml, stage3.rml, stage4.rml
[13:19:18.883] rive  built tools/rive/bolt/build/pip_bolt.riv (161033 bytes, 535ms, 0 errors, 0 warnings)
[13:19:18.885] rive  data: mood = 2
[13:19:18.885] rive  showing Stage3 [1/5]
[13:19:18.885] rive  viewport 240x240 @1x
[13:19:18.895] rive  wrote design/animations/rive/bolt/frames/mp3_eating_003.png
[13:19:18.966] rive  compiling 6 markup files as one document: pipstage.rml, shared.rml, stage1.rml, stage2.rml, stage3.rml, stage4.rml
[13:19:19.485] rive  built tools/rive/bolt/build/pip_bolt.riv (161033 bytes, 523ms, 0 errors, 0 warnings)
[13:19:19.488] rive  data: mood = 2
[13:19:19.488] rive  showing Stage3 [1/5]
[13:19:19.488] rive  viewport 240x240 @1x
[13:19:19.496] rive  wrote design/animations/rive/bolt/frames/mp3_eating_005.png
[13:19:19.567] rive  compiling 6 markup files as one document: pipstage.rml, shared.rml, stage1.rml, stage2.rml, stage3.rml, stage4.rml
[13:19:20.099] rive  built tools/rive/bolt/build/pip_bolt.riv (161033 bytes, 537ms, 0 errors, 0 warnings)
[13:19:20.101] rive  data: mood = 2
[13:19:20.101] rive  showing Stage3 [1/5]
[13:19:20.101] rive  viewport 240x240 @1x
[13:19:20.135] rive  wrote design/animations/rive/bolt/frames/mp3_eating_007.png
[13:19:20.211] rive  compiling 6 markup files as one document: pipstage.rml, shared.rml, stage1.rml, stage2.rml, stage3.rml, stage4.rml
[13:19:20.754] rive  built tools/rive/bolt/build/pip_bolt.riv (161033 bytes, 546ms, 0 errors, 0 warnings)
[13:19:20.758] rive  data: mood = 2
[13:19:20.758] rive  showing Stage3 [1/5]
[13:19:20.758] rive  viewport 240x240 @1x
[13:19:20.785] rive  wrote design/animations/rive/bolt/frames/mp3_eating_009.png
[13:19:20.885] rive  compiling 6 markup files as one document: pipstage.rml, shared.rml, stage1.rml, stage2.rml, stage3.rml, stage4.rml
[13:19:21.436] rive  built tools/rive/bolt/build/pip_bolt.riv (161033 bytes, 556ms, 0 errors, 0 warnings)
[13:19:21.438] rive  data: mood = 2
[13:19:21.438] rive  showing Stage3 [1/5]
[13:19:21.438] rive  viewport 240x240 @1x
[13:19:21.477] rive  wrote design/animations/rive/bolt/frames/mp3_eating_011.png
[13:19:21.552] rive  compiling 6 markup files as one document: pipstage.rml, shared.rml, stage1.rml, stage2.rml, stage3.rml, stage4.rml
[13:19:22.072] rive  built tools/rive/bolt/build/pip_bolt.riv (161033 bytes, 524ms, 0 errors, 0 warnings)
[13:19:22.074] rive  data: mood = 2
[13:19:22.074] rive  showing Stage3 [1/5]
[13:19:22.075] rive  viewport 240x240 @1x
[13:19:22.084] rive  wrote design/animations/rive/bolt/frames/mp3_eating_013.png
[13:19:22.173] rive  compiling 6 markup files as one document: pipstage.rml, shared.rml, stage1.rml, stage2.rml, stage3.rml, stage4.rml
[13:19:22.758] rive  built tools/rive/bolt/build/pip_bolt.riv (161033 bytes, 588ms, 0 errors, 0 warnings)
[13:19:22.760] rive  data: mood = 2
[13:19:22.760] rive  showing Stage3 [1/5]
[13:19:22.760] rive  viewport 240x240 @1x
[13:19:22.804] rive  wrote design/animations/rive/bolt/frames/mp3_eating_015.png
[13:19:22.886] rive  compiling 6 markup files as one document: pipstage.rml, shared.rml, stage1.rml, stage2.rml, stage3.rml, stage4.rml
[13:19:23.457] rive  built tools/rive/bolt/build/pip_bolt.riv (161033 bytes, 577ms, 0 errors, 0 warnings)
[13:19:23.459] rive  data: mood = 2
[13:19:23.459] rive  showing Stage3 [1/5]
[13:19:23.460] rive  viewport 240x240 @1x
[13:19:23.511] rive  wrote design/animations/rive/bolt/frames/mp3_eating_017.png
[13:19:23.599] rive  compiling 6 markup files as one document: pipstage.rml, shared.rml, stage1.rml, stage2.rml, stage3.rml, stage4.rml
[13:19:24.204] rive  built tools/rive/bolt/build/pip_bolt.riv (161033 bytes, 609ms, 0 errors, 0 warnings)
[13:19:24.206] rive  data: mood = 2
[13:19:24.206] rive  showing Stage3 [1/5]
[13:19:24.206] rive  viewport 240x240 @1x
[13:19:24.238] rive  wrote design/animations/rive/bolt/frames/mp3_eating_019.png
[13:19:24.320] rive  compiling 6 markup files as one document: pipstage.rml, shared.rml, stage1.rml, stage2.rml, stage3.rml, stage4.rml
[13:19:24.852] rive  built tools/rive/bolt/build/pip_bolt.riv (161033 bytes, 536ms, 0 errors, 0 warnings)
[13:19:24.854] rive  data: mood = 2
[13:19:24.854] rive  showing Stage3 [1/5]
[13:19:24.854] rive  viewport 240x240 @1x
[13:19:24.864] rive  wrote design/animations/rive/bolt/frames/mp3_eating_021.png
[13:19:24.937] rive  compiling 6 markup files as one document: pipstage.rml, shared.rml, stage1.rml, stage2.rml, stage3.rml, stage4.rml
[13:19:25.468] rive  built tools/rive/bolt/build/pip_bolt.riv (161033 bytes, 534ms, 0 errors, 0 warnings)
[13:19:25.470] rive  data: mood = 2
[13:19:25.470] rive  showing Stage3 [1/5]
[13:19:25.470] rive  viewport 240x240 @1x
[13:19:25.479] rive  wrote design/animations/rive/bolt/frames/mp3_eating_023.png
[13:19:25.552] rive  compiling 6 markup files as one document: pipstage.rml, shared.rml, stage1.rml, stage2.rml, stage3.rml, stage4.rml
[13:19:26.136] rive  built tools/rive/bolt/build/pip_bolt.riv (161033 bytes, 588ms, 0 errors, 0 warnings)
[13:19:26.138] rive  data: mood = 2
[13:19:26.138] rive  showing Stage3 [1/5]
[13:19:26.138] rive  viewport 240x240 @1x
[13:19:26.165] rive  wrote design/animations/rive/bolt/frames/mp3_eating_025.png
[13:19:26.244] rive  compiling 6 markup files as one document: pipstage.rml, shared.rml, stage1.rml, stage2.rml, stage3.rml, stage4.rml
[13:19:26.767] rive  built tools/rive/bolt/build/pip_bolt.riv (161033 bytes, 527ms, 0 errors, 0 warnings)
[13:19:26.770] rive  data: mood = 2
[13:19:26.770] rive  showing Stage3 [1/5]
[13:19:26.770] rive  viewport 240x240 @1x
[13:19:26.780] rive  wrote design/animations/rive/bolt/frames/mp3_eating_027.png
[13:19:26.854] rive  compiling 6 markup files as one document: pipstage.rml, shared.rml, stage1.rml, stage2.rml, stage3.rml, stage4.rml
[13:19:27.380] rive  built tools/rive/bolt/build/pip_bolt.riv (161033 bytes, 530ms, 0 errors, 0 warnings)
[13:19:27.382] rive  data: mood = 2
[13:19:27.382] rive  showing Stage3 [1/5]
[13:19:27.383] rive  viewport 240x240 @1x
[13:19:27.391] rive  wrote design/animations/rive/bolt/frames/mp3_eating_029.png
[13:19:27.468] rive  compiling 6 markup files as one document: pipstage.rml, shared.rml, stage1.rml, stage2.rml, stage3.rml, stage4.rml
[13:19:28.031] rive  built tools/rive/bolt/build/pip_bolt.riv (161033 bytes, 566ms, 0 errors, 0 warnings)
[13:19:28.033] rive  data: mood = 2
[13:19:28.033] rive  showing Stage3 [1/5]
[13:19:28.034] rive  viewport 240x240 @1x
[13:19:28.043] rive  wrote design/animations/rive/bolt/frames/mp3_eating_031.png
[13:19:28.117] rive  compiling 6 markup files as one document: pipstage.rml, shared.rml, stage1.rml, stage2.rml, stage3.rml, stage4.rml
[13:19:28.642] rive  built tools/rive/bolt/build/pip_bolt.riv (161033 bytes, 529ms, 0 errors, 0 warnings)
[13:19:28.645] rive  data: mood = 2
[13:19:28.645] rive  showing Stage3 [1/5]
[13:19:28.645] rive  viewport 240x240 @1x
[13:19:28.653] rive  wrote design/animations/rive/bolt/frames/mp3_eating_033.png
[13:19:28.725] rive  compiling 6 markup files as one document: pipstage.rml, shared.rml, stage1.rml, stage2.rml, stage3.rml, stage4.rml
[13:19:29.259] rive  built tools/rive/bolt/build/pip_bolt.riv (161033 bytes, 537ms, 0 errors, 0 warnings)
[13:19:29.261] rive  data: mood = 2
[13:19:29.261] rive  showing Stage3 [1/5]
[13:19:29.261] rive  viewport 240x240 @1x
[13:19:29.270] rive  wrote design/animations/rive/bolt/frames/mp3_eating_035.png
[13:19:29.367] rive  compiling 6 markup files as one document: pipstage.rml, shared.rml, stage1.rml, stage2.rml, stage3.rml, stage4.rml
[13:19:29.904] rive  built tools/rive/bolt/build/pip_bolt.riv (161033 bytes, 546ms, 0 errors, 0 warnings)
[13:19:29.907] rive  data: mood = 2
[13:19:29.907] rive  showing Stage3 [1/5]
[13:19:29.907] rive  viewport 240x240 @1x
[13:19:29.915] rive  wrote design/animations/rive/bolt/frames/mp3_eating_037.png
[13:19:29.991] rive  compiling 6 markup files as one document: pipstage.rml, shared.rml, stage1.rml, stage2.rml, stage3.rml, stage4.rml
[13:19:30.513] rive  built tools/rive/bolt/build/pip_bolt.riv (161033 bytes, 526ms, 0 errors, 0 warnings)
[13:19:30.516] rive  data: mood = 2
[13:19:30.516] rive  showing Stage3 [1/5]
[13:19:30.516] rive  viewport 240x240 @1x
[13:19:30.525] rive  wrote design/animations/rive/bolt/frames/mp3_eating_039.png
[13:19:30.596] rive  compiling 6 markup files as one document: pipstage.rml, shared.rml, stage1.rml, stage2.rml, stage3.rml, stage4.rml
[13:19:31.165] rive  built tools/rive/bolt/build/pip_bolt.riv (161033 bytes, 573ms, 0 errors, 0 warnings)
[13:19:31.167] rive  data: mood = 2
[13:19:31.167] rive  showing Stage3 [1/5]
[13:19:31.168] rive  viewport 240x240 @1x
[13:19:31.197] rive  wrote design/animations/rive/bolt/frames/mp3_eating_041.png
[13:19:31.291] rive  compiling 6 markup files as one document: pipstage.rml, shared.rml, stage1.rml, stage2.rml, stage3.rml, stage4.rml
[13:19:31.823] rive  built tools/rive/bolt/build/pip_bolt.riv (161033 bytes, 538ms, 0 errors, 0 warnings)
[13:19:31.825] rive  data: mood = 2
[13:19:31.825] rive  showing Stage3 [1/5]
[13:19:31.825] rive  viewport 240x240 @1x
[13:19:31.834] rive  wrote design/animations/rive/bolt/frames/mp3_eating_043.png
[13:19:31.908] rive  compiling 6 markup files as one document: pipstage.rml, shared.rml, stage1.rml, stage2.rml, stage3.rml, stage4.rml
[13:19:32.440] rive  built tools/rive/bolt/build/pip_bolt.riv (161033 bytes, 536ms, 0 errors, 0 warnings)
[13:19:32.442] rive  data: mood = 2
[13:19:32.443] rive  showing Stage3 [1/5]
[13:19:32.443] rive  viewport 240x240 @1x
[13:19:32.452] rive  wrote design/animations/rive/bolt/frames/mp3_eating_045.png
[13:19:32.533] rive  compiling 6 markup files as one document: pipstage.rml, shared.rml, stage1.rml, stage2.rml, stage3.rml, stage4.rml
[13:19:33.102] rive  built tools/rive/bolt/build/pip_bolt.riv (161033 bytes, 573ms, 0 errors, 0 warnings)
[13:19:33.104] rive  data: mood = 2
[13:19:33.104] rive  showing Stage3 [1/5]
[13:19:33.104] rive  viewport 240x240 @1x
[13:19:33.134] rive  wrote design/animations/rive/bolt/frames/mp3_eating_047.png
[13:19:33.208] rive  compiling 6 markup files as one document: pipstage.rml, shared.rml, stage1.rml, stage2.rml, stage3.rml, stage4.rml
[13:19:33.731] rive  built tools/rive/bolt/build/pip_bolt.riv (161033 bytes, 526ms, 0 errors, 0 warnings)
[13:19:33.733] rive  data: mood = 2
[13:19:33.733] rive  showing Stage3 [1/5]
[13:19:33.733] rive  viewport 240x240 @1x
[13:19:33.742] rive  wrote design/animations/rive/bolt/frames/mp3_eating_049.png
[13:19:33.817] rive  compiling 6 markup files as one document: pipstage.rml, shared.rml, stage1.rml, stage2.rml, stage3.rml, stage4.rml
[13:19:34.375] rive  built tools/rive/bolt/build/pip_bolt.riv (161033 bytes, 562ms, 0 errors, 0 warnings)
[13:19:34.378] rive  data: mood = 2
[13:19:34.378] rive  showing Stage3 [1/5]
[13:19:34.379] rive  viewport 240x240 @1x
[13:19:34.389] rive  wrote design/animations/rive/bolt/frames/mp3_eating_051.png
[13:19:34.471] rive  compiling 6 markup files as one document: pipstage.rml, shared.rml, stage1.rml, stage2.rml, stage3.rml, stage4.rml
[13:19:35.023] rive  built tools/rive/bolt/build/pip_bolt.riv (161033 bytes, 556ms, 0 errors, 0 warnings)
[13:19:35.025] rive  data: mood = 2
[13:19:35.027] rive  showing Stage3 [1/5]
[13:19:35.027] rive  viewport 240x240 @1x
[13:19:35.045] rive  wrote design/animations/rive/bolt/frames/mp3_eating_053.png
[13:19:35.118] rive  compiling 6 markup files as one document: pipstage.rml, shared.rml, stage1.rml, stage2.rml, stage3.rml, stage4.rml
[13:19:35.655] rive  built tools/rive/bolt/build/pip_bolt.riv (161033 bytes, 540ms, 0 errors, 0 warnings)
[13:19:35.657] rive  data: mood = 2
[13:19:35.657] rive  showing Stage3 [1/5]
[13:19:35.658] rive  viewport 240x240 @1x
[13:19:35.666] rive  wrote design/animations/rive/bolt/frames/mp3_eating_055.png
[13:19:35.741] rive  compiling 6 markup files as one document: pipstage.rml, shared.rml, stage1.rml, stage2.rml, stage3.rml, stage4.rml
[13:19:36.295] rive  built tools/rive/bolt/build/pip_bolt.riv (161033 bytes, 558ms, 0 errors, 0 warnings)
[13:19:36.298] rive  data: mood = 2
[13:19:36.298] rive  showing Stage3 [1/5]
[13:19:36.298] rive  viewport 240x240 @1x
[13:19:36.318] rive  wrote design/animations/rive/bolt/frames/mp3_eating_057.png
[13:19:36.393] rive  compiling 6 markup files as one document: pipstage.rml, shared.rml, stage1.rml, stage2.rml, stage3.rml, stage4.rml
[13:19:36.919] rive  built tools/rive/bolt/build/pip_bolt.riv (161033 bytes, 530ms, 0 errors, 0 warnings)
[13:19:36.921] rive  data: mood = 2
[13:19:36.921] rive  showing Stage3 [1/5]
[13:19:36.921] rive  viewport 240x240 @1x
[13:19:36.930] rive  wrote design/animations/rive/bolt/frames/mp3_eating_059.png
[13:19:37.008] rive  compiling 6 markup files as one document: pipstage.rml, shared.rml, stage1.rml, stage2.rml, stage3.rml, stage4.rml
[13:19:37.534] rive  built tools/rive/bolt/build/pip_bolt.riv (161033 bytes, 530ms, 0 errors, 0 warnings)
[13:19:37.536] rive  data: mood = 2
[13:19:37.536] rive  showing Stage3 [1/5]
[13:19:37.537] rive  viewport 240x240 @1x
[13:19:37.546] rive  wrote design/animations/rive/bolt/frames/mp3_eating_061.png
[13:19:37.633] rive  compiling 6 markup files as one document: pipstage.rml, shared.rml, stage1.rml, stage2.rml, stage3.rml, stage4.rml
[13:19:38.176] rive  built tools/rive/bolt/build/pip_bolt.riv (161033 bytes, 547ms, 0 errors, 0 warnings)
[13:19:38.178] rive  data: mood = 2
[13:19:38.178] rive  showing Stage3 [1/5]
[13:19:38.178] rive  viewport 240x240 @1x
[13:19:38.190] rive  wrote design/animations/rive/bolt/frames/mp3_eating_063.png
[13:19:38.268] rive  compiling 6 markup files as one document: pipstage.rml, shared.rml, stage1.rml, stage2.rml, stage3.rml, stage4.rml
[13:19:38.788] rive  built tools/rive/bolt/build/pip_bolt.riv (161033 bytes, 524ms, 0 errors, 0 warnings)
[13:19:38.790] rive  data: mood = 2
[13:19:38.790] rive  showing Stage3 [1/5]
[13:19:38.790] rive  viewport 240x240 @1x
[13:19:38.799] rive  wrote design/animations/rive/bolt/frames/mp3_eating_065.png
[13:19:38.876] rive  compiling 6 markup files as one document: pipstage.rml, shared.rml, stage1.rml, stage2.rml, stage3.rml, stage4.rml
[13:19:39.415] rive  built tools/rive/bolt/build/pip_bolt.riv (161033 bytes, 543ms, 0 errors, 0 warnings)
[13:19:39.417] rive  data: mood = 2
[13:19:39.417] rive  showing Stage3 [1/5]
[13:19:39.418] rive  viewport 240x240 @1x
[13:19:39.426] rive  wrote design/animations/rive/bolt/frames/mp3_eating_067.png
[13:19:39.500] rive  compiling 6 markup files as one document: pipstage.rml, shared.rml, stage1.rml, stage2.rml, stage3.rml, stage4.rml
[13:19:40.044] rive  built tools/rive/bolt/build/pip_bolt.riv (161033 bytes, 549ms, 0 errors, 0 warnings)
[13:19:40.046] rive  data: mood = 2
[13:19:40.046] rive  showing Stage3 [1/5]
[13:19:40.047] rive  viewport 240x240 @1x
[13:19:40.055] rive  wrote design/animations/rive/bolt/frames/mp3_eating_069.png
[13:19:40.127] rive  compiling 6 markup files as one document: pipstage.rml, shared.rml, stage1.rml, stage2.rml, stage3.rml, stage4.rml
[13:19:40.658] rive  built tools/rive/bolt/build/pip_bolt.riv (161033 bytes, 535ms, 0 errors, 0 warnings)
[13:19:40.661] rive  data: mood = 2
[13:19:40.661] rive  showing Stage3 [1/5]
[13:19:40.661] rive  viewport 240x240 @1x
[13:19:40.668] rive  wrote design/animations/rive/bolt/frames/mp3_eating_071.png
[13:19:40.741] rive  compiling 6 markup files as one document: pipstage.rml, shared.rml, stage1.rml, stage2.rml, stage3.rml, stage4.rml
[13:19:41.259] rive  built tools/rive/bolt/build/pip_bolt.riv (161033 bytes, 522ms, 0 errors, 0 warnings)
[13:19:41.261] rive  data: mood = 2
[13:19:41.261] rive  showing Stage3 [1/5]
[13:19:41.262] rive  viewport 240x240 @1x
[13:19:41.269] rive  wrote design/animations/rive/bolt/frames/mp3_eating_073.png
[13:19:41.341] rive  compiling 6 markup files as one document: pipstage.rml, shared.rml, stage1.rml, stage2.rml, stage3.rml, stage4.rml
[13:19:41.865] rive  built tools/rive/bolt/build/pip_bolt.riv (161033 bytes, 528ms, 0 errors, 0 warnings)
[13:19:41.867] rive  data: mood = 2
[13:19:41.867] rive  showing Stage3 [1/5]
[13:19:41.867] rive  viewport 240x240 @1x
[13:19:41.874] rive  wrote design/animations/rive/bolt/frames/mp3_eating_075.png
[13:19:41.943] rive  compiling 6 markup files as one document: pipstage.rml, shared.rml, stage1.rml, stage2.rml, stage3.rml, stage4.rml
[13:19:42.464] rive  built tools/rive/bolt/build/pip_bolt.riv (161033 bytes, 526ms, 0 errors, 0 warnings)
[13:19:42.466] rive  data: mood = 2
[13:19:42.467] rive  showing Stage3 [1/5]
[13:19:42.467] rive  viewport 240x240 @1x
[13:19:42.474] rive  wrote design/animations/rive/bolt/frames/mp3_eating_077.png
[13:19:42.542] rive  compiling 6 markup files as one document: pipstage.rml, shared.rml, stage1.rml, stage2.rml, stage3.rml, stage4.rml
[13:19:43.078] rive  built tools/rive/bolt/build/pip_bolt.riv (161033 bytes, 539ms, 0 errors, 0 warnings)
[13:19:43.080] rive  data: mood = 2
[13:19:43.080] rive  showing Stage3 [1/5]
[13:19:43.081] rive  viewport 240x240 @1x
[13:19:43.088] rive  wrote design/animations/rive/bolt/frames/mp3_eating_079.png
[13:19:43.159] rive  compiling 6 markup files as one document: pipstage.rml, shared.rml, stage1.rml, stage2.rml, stage3.rml, stage4.rml
[13:19:43.683] rive  built tools/rive/bolt/build/pip_bolt.riv (161033 bytes, 528ms, 0 errors, 0 warnings)
[13:19:43.685] rive  data: mood = 2
[13:19:43.685] rive  showing Stage3 [1/5]
[13:19:43.686] rive  viewport 240x240 @1x
[13:19:43.693] rive  wrote design/animations/rive/bolt/frames/mp3_eating_081.png
[13:19:43.760] rive  compiling 6 markup files as one document: pipstage.rml, shared.rml, stage1.rml, stage2.rml, stage3.rml, stage4.rml
[13:19:44.295] rive  built tools/rive/bolt/build/pip_bolt.riv (161033 bytes, 539ms, 0 errors, 0 warnings)
[13:19:44.297] rive  data: mood = 2
[13:19:44.297] rive  showing Stage3 [1/5]
[13:19:44.298] rive  viewport 240x240 @1x
[13:19:44.305] rive  wrote design/animations/rive/bolt/frames/mp3_eating_083.png
[13:19:44.385] rive  compiling 6 markup files as one document: pipstage.rml, shared.rml, stage1.rml, stage2.rml, stage3.rml, stage4.rml
[13:19:44.902] rive  built tools/rive/bolt/build/pip_bolt.riv (161033 bytes, 522ms, 0 errors, 0 warnings)
[13:19:44.904] rive  data: mood = 2
[13:19:44.904] rive  showing Stage3 [1/5]
[13:19:44.905] rive  viewport 240x240 @1x
[13:19:44.912] rive  wrote design/animations/rive/bolt/frames/mp3_eating_085.png
[13:19:44.984] rive  compiling 6 markup files as one document: pipstage.rml, shared.rml, stage1.rml, stage2.rml, stage3.rml, stage4.rml
[13:19:45.504] rive  built tools/rive/bolt/build/pip_bolt.riv (161033 bytes, 524ms, 0 errors, 0 warnings)
[13:19:45.506] rive  data: mood = 2
[13:19:45.506] rive  showing Stage3 [1/5]
[13:19:45.507] rive  viewport 240x240 @1x
[13:19:45.514] rive  wrote design/animations/rive/bolt/frames/mp3_eating_087.png
[13:19:45.583] rive  compiling 6 markup files as one document: pipstage.rml, shared.rml, stage1.rml, stage2.rml, stage3.rml, stage4.rml
[13:19:46.108] rive  built tools/rive/bolt/build/pip_bolt.riv (161033 bytes, 529ms, 0 errors, 0 warnings)
[13:19:46.110] rive  data: mood = 2
[13:19:46.110] rive  showing Stage3 [1/5]
[13:19:46.110] rive  viewport 240x240 @1x
[13:19:46.118] rive  wrote design/animations/rive/bolt/frames/mp3_eating_089.png
[13:19:46.192] rive  compiling 6 markup files as one document: pipstage.rml, shared.rml, stage1.rml, stage2.rml, stage3.rml, stage4.rml
[13:19:46.720] rive  built tools/rive/bolt/build/pip_bolt.riv (161033 bytes, 531ms, 0 errors, 0 warnings)
[13:19:46.722] rive  data: mood = 2
[13:19:46.722] rive  showing Stage3 [1/5]
[13:19:46.723] rive  viewport 240x240 @1x
[13:19:46.730] rive  wrote design/animations/rive/bolt/frames/mp3_eating_091.png
[13:19:46.798] rive  compiling 6 markup files as one document: pipstage.rml, shared.rml, stage1.rml, stage2.rml, stage3.rml, stage4.rml
[13:19:47.330] rive  built tools/rive/bolt/build/pip_bolt.riv (161033 bytes, 535ms, 0 errors, 0 warnings)
[13:19:47.332] rive  data: mood = 2
[13:19:47.332] rive  showing Stage3 [1/5]
[13:19:47.333] rive  viewport 240x240 @1x
[13:19:47.340] rive  wrote design/animations/rive/bolt/frames/mp3_eating_093.png
[13:19:47.411] rive  compiling 6 markup files as one document: pipstage.rml, shared.rml, stage1.rml, stage2.rml, stage3.rml, stage4.rml
[13:19:47.937] rive  built tools/rive/bolt/build/pip_bolt.riv (161033 bytes, 530ms, 0 errors, 0 warnings)
[13:19:47.939] rive  data: mood = 2
[13:19:47.940] rive  showing Stage3 [1/5]
[13:19:47.940] rive  viewport 240x240 @1x
[13:19:47.947] rive  wrote design/animations/rive/bolt/frames/mp3_eating_095.png
[13:19:48.015] rive  compiling 6 markup files as one document: pipstage.rml, shared.rml, stage1.rml, stage2.rml, stage3.rml, stage4.rml
[13:19:48.535] rive  built tools/rive/bolt/build/pip_bolt.riv (161033 bytes, 523ms, 0 errors, 0 warnings)
[13:19:48.538] rive  data: mood = 2
[13:19:48.538] rive  showing Stage3 [1/5]
[13:19:48.538] rive  viewport 240x240 @1x
[13:19:48.545] rive  wrote design/animations/rive/bolt/frames/mp3_eating_097.png
[13:19:48.628] rive  compiling 6 markup files as one document: pipstage.rml, shared.rml, stage1.rml, stage2.rml, stage3.rml, stage4.rml
[13:19:49.157] rive  built tools/rive/bolt/build/pip_bolt.riv (161033 bytes, 534ms, 0 errors, 0 warnings)
[13:19:49.159] rive  data: mood = 2
[13:19:49.160] rive  showing Stage3 [1/5]
[13:19:49.160] rive  viewport 240x240 @1x
[13:19:49.167] rive  wrote design/animations/rive/bolt/frames/mp3_eating_099.png
[13:19:49.235] rive  compiling 6 markup files as one document: pipstage.rml, shared.rml, stage1.rml, stage2.rml, stage3.rml, stage4.rml
[13:19:49.761] rive  built tools/rive/bolt/build/pip_bolt.riv (161033 bytes, 529ms, 0 errors, 0 warnings)
[13:19:49.763] rive  data: mood = 2
[13:19:49.763] rive  showing Stage3 [1/5]
[13:19:49.763] rive  viewport 240x240 @1x
[13:19:49.771] rive  wrote design/animations/rive/bolt/frames/mp3_eating_101.png
[13:19:49.845] rive  compiling 6 markup files as one document: pipstage.rml, shared.rml, stage1.rml, stage2.rml, stage3.rml, stage4.rml
[13:19:50.372] rive  built tools/rive/bolt/build/pip_bolt.riv (161033 bytes, 531ms, 0 errors, 0 warnings)
[13:19:50.374] rive  data: mood = 2
[13:19:50.374] rive  showing Stage3 [1/5]
[13:19:50.374] rive  viewport 240x240 @1x
[13:19:50.381] rive  wrote design/animations/rive/bolt/frames/mp3_eating_103.png
[13:19:50.450] rive  compiling 6 markup files as one document: pipstage.rml, shared.rml, stage1.rml, stage2.rml, stage3.rml, stage4.rml
[13:19:50.968] rive  built tools/rive/bolt/build/pip_bolt.riv (161033 bytes, 522ms, 0 errors, 0 warnings)
[13:19:50.971] rive  data: mood = 2
[13:19:50.971] rive  showing Stage3 [1/5]
[13:19:50.971] rive  viewport 240x240 @1x
[13:19:50.978] rive  wrote design/animations/rive/bolt/frames/mp3_eating_105.png
[13:19:51.051] rive  compiling 6 markup files as one document: pipstage.rml, shared.rml, stage1.rml, stage2.rml, stage3.rml, stage4.rml
[13:19:51.569] rive  built tools/rive/bolt/build/pip_bolt.riv (161033 bytes, 521ms, 0 errors, 0 warnings)
[13:19:51.571] rive  data: mood = 2
[13:19:51.571] rive  showing Stage3 [1/5]
[13:19:51.571] rive  viewport 240x240 @1x
[13:19:51.578] rive  wrote design/animations/rive/bolt/frames/mp3_eating_107.png
[13:19:51.650] rive  compiling 6 markup files as one document: pipstage.rml, shared.rml, stage1.rml, stage2.rml, stage3.rml, stage4.rml
[13:19:52.171] rive  built tools/rive/bolt/build/pip_bolt.riv (161033 bytes, 524ms, 0 errors, 0 warnings)
[13:19:52.173] rive  data: mood = 3
[13:19:52.173] rive  showing Stage3 [1/5]
[13:19:52.173] rive  viewport 240x240 @1x
[13:19:52.180] rive  wrote design/animations/rive/bolt/frames/mp3_sleepy_001.png
[13:19:52.250] rive  compiling 6 markup files as one document: pipstage.rml, shared.rml, stage1.rml, stage2.rml, stage3.rml, stage4.rml
[13:19:52.772] rive  built tools/rive/bolt/build/pip_bolt.riv (161033 bytes, 525ms, 0 errors, 0 warnings)
[13:19:52.774] rive  data: mood = 3
[13:19:52.774] rive  showing Stage3 [1/5]
[13:19:52.774] rive  viewport 240x240 @1x
[13:19:52.781] rive  wrote design/animations/rive/bolt/frames/mp3_sleepy_003.png
[13:19:52.852] rive  compiling 6 markup files as one document: pipstage.rml, shared.rml, stage1.rml, stage2.rml, stage3.rml, stage4.rml
[13:19:53.382] rive  built tools/rive/bolt/build/pip_bolt.riv (161033 bytes, 534ms, 0 errors, 0 warnings)
[13:19:53.384] rive  data: mood = 3
[13:19:53.384] rive  showing Stage3 [1/5]
[13:19:53.384] rive  viewport 240x240 @1x
[13:19:53.392] rive  wrote design/animations/rive/bolt/frames/mp3_sleepy_005.png
[13:19:53.463] rive  compiling 6 markup files as one document: pipstage.rml, shared.rml, stage1.rml, stage2.rml, stage3.rml, stage4.rml
[13:19:53.985] rive  built tools/rive/bolt/build/pip_bolt.riv (161033 bytes, 525ms, 0 errors, 0 warnings)
[13:19:53.987] rive  data: mood = 3
[13:19:53.987] rive  showing Stage3 [1/5]
[13:19:53.987] rive  viewport 240x240 @1x
[13:19:53.994] rive  wrote design/animations/rive/bolt/frames/mp3_sleepy_007.png
[13:19:54.062] rive  compiling 6 markup files as one document: pipstage.rml, shared.rml, stage1.rml, stage2.rml, stage3.rml, stage4.rml
[13:19:54.583] rive  built tools/rive/bolt/build/pip_bolt.riv (161033 bytes, 525ms, 0 errors, 0 warnings)
[13:19:54.586] rive  data: mood = 3
[13:19:54.586] rive  showing Stage3 [1/5]
[13:19:54.586] rive  viewport 240x240 @1x
[13:19:54.593] rive  wrote design/animations/rive/bolt/frames/mp3_sleepy_009.png
[13:19:54.662] rive  compiling 6 markup files as one document: pipstage.rml, shared.rml, stage1.rml, stage2.rml, stage3.rml, stage4.rml
[13:19:55.178] rive  built tools/rive/bolt/build/pip_bolt.riv (161033 bytes, 520ms, 0 errors, 0 warnings)
[13:19:55.180] rive  data: mood = 3
[13:19:55.180] rive  showing Stage3 [1/5]
[13:19:55.180] rive  viewport 240x240 @1x
[13:19:55.187] rive  wrote design/animations/rive/bolt/frames/mp3_sleepy_011.png
[13:19:55.258] rive  compiling 6 markup files as one document: pipstage.rml, shared.rml, stage1.rml, stage2.rml, stage3.rml, stage4.rml
[13:19:55.780] rive  built tools/rive/bolt/build/pip_bolt.riv (161033 bytes, 526ms, 0 errors, 0 warnings)
[13:19:55.782] rive  data: mood = 3
[13:19:55.782] rive  showing Stage3 [1/5]
[13:19:55.782] rive  viewport 240x240 @1x
[13:19:55.789] rive  wrote design/animations/rive/bolt/frames/mp3_sleepy_013.png
[13:19:55.859] rive  compiling 6 markup files as one document: pipstage.rml, shared.rml, stage1.rml, stage2.rml, stage3.rml, stage4.rml
[13:19:56.376] rive  built tools/rive/bolt/build/pip_bolt.riv (161033 bytes, 521ms, 0 errors, 0 warnings)
[13:19:56.378] rive  data: mood = 3
[13:19:56.378] rive  showing Stage3 [1/5]
[13:19:56.378] rive  viewport 240x240 @1x
[13:19:56.386] rive  wrote design/animations/rive/bolt/frames/mp3_sleepy_015.png
[13:19:56.469] rive  compiling 6 markup files as one document: pipstage.rml, shared.rml, stage1.rml, stage2.rml, stage3.rml, stage4.rml
[13:19:57.001] rive  built tools/rive/bolt/build/pip_bolt.riv (161033 bytes, 536ms, 0 errors, 0 warnings)
[13:19:57.003] rive  data: mood = 3
[13:19:57.003] rive  showing Stage3 [1/5]
[13:19:57.003] rive  viewport 240x240 @1x
[13:19:57.011] rive  wrote design/animations/rive/bolt/frames/mp3_sleepy_017.png
[13:19:57.086] rive  compiling 6 markup files as one document: pipstage.rml, shared.rml, stage1.rml, stage2.rml, stage3.rml, stage4.rml
[13:19:57.610] rive  built tools/rive/bolt/build/pip_bolt.riv (161033 bytes, 528ms, 0 errors, 0 warnings)
[13:19:57.612] rive  data: mood = 3
[13:19:57.612] rive  showing Stage3 [1/5]
[13:19:57.613] rive  viewport 240x240 @1x
[13:19:57.621] rive  wrote design/animations/rive/bolt/frames/mp3_sleepy_019.png
[13:19:57.699] rive  compiling 6 markup files as one document: pipstage.rml, shared.rml, stage1.rml, stage2.rml, stage3.rml, stage4.rml
[13:19:58.224] rive  built tools/rive/bolt/build/pip_bolt.riv (161033 bytes, 530ms, 0 errors, 0 warnings)
[13:19:58.226] rive  data: mood = 3
[13:19:58.226] rive  showing Stage3 [1/5]
[13:19:58.226] rive  viewport 240x240 @1x
[13:19:58.234] rive  wrote design/animations/rive/bolt/frames/mp3_sleepy_021.png
[13:19:58.301] rive  compiling 6 markup files as one document: pipstage.rml, shared.rml, stage1.rml, stage2.rml, stage3.rml, stage4.rml
[13:19:58.812] rive  built tools/rive/bolt/build/pip_bolt.riv (161033 bytes, 514ms, 0 errors, 0 warnings)
[13:19:58.814] rive  data: mood = 3
[13:19:58.814] rive  showing Stage3 [1/5]
[13:19:58.814] rive  viewport 240x240 @1x
[13:19:58.821] rive  wrote design/animations/rive/bolt/frames/mp3_sleepy_023.png
[13:19:58.891] rive  compiling 6 markup files as one document: pipstage.rml, shared.rml, stage1.rml, stage2.rml, stage3.rml, stage4.rml
[13:19:59.415] rive  built tools/rive/bolt/build/pip_bolt.riv (161033 bytes, 528ms, 0 errors, 0 warnings)
[13:19:59.417] rive  data: mood = 3
[13:19:59.417] rive  showing Stage3 [1/5]
[13:19:59.417] rive  viewport 240x240 @1x
[13:19:59.427] rive  wrote design/animations/rive/bolt/frames/mp3_sleepy_025.png
[13:19:59.500] rive  compiling 6 markup files as one document: pipstage.rml, shared.rml, stage1.rml, stage2.rml, stage3.rml, stage4.rml
[13:20:00.020] rive  built tools/rive/bolt/build/pip_bolt.riv (161033 bytes, 524ms, 0 errors, 0 warnings)
[13:20:00.021] rive  data: mood = 3
[13:20:00.022] rive  showing Stage3 [1/5]
[13:20:00.022] rive  viewport 240x240 @1x
[13:20:00.029] rive  wrote design/animations/rive/bolt/frames/mp3_sleepy_027.png
[13:20:00.099] rive  compiling 6 markup files as one document: pipstage.rml, shared.rml, stage1.rml, stage2.rml, stage3.rml, stage4.rml
[13:20:00.611] rive  built tools/rive/bolt/build/pip_bolt.riv (161033 bytes, 517ms, 0 errors, 0 warnings)
[13:20:00.614] rive  data: mood = 3
[13:20:00.614] rive  showing Stage3 [1/5]
[13:20:00.614] rive  viewport 240x240 @1x
[13:20:00.621] rive  wrote design/animations/rive/bolt/frames/mp3_sleepy_029.png
[13:20:00.696] rive  compiling 6 markup files as one document: pipstage.rml, shared.rml, stage1.rml, stage2.rml, stage3.rml, stage4.rml
[13:20:01.219] rive  built tools/rive/bolt/build/pip_bolt.riv (161033 bytes, 527ms, 0 errors, 0 warnings)
[13:20:01.221] rive  data: mood = 3
[13:20:01.221] rive  showing Stage3 [1/5]
[13:20:01.222] rive  viewport 240x240 @1x
[13:20:01.230] rive  wrote design/animations/rive/bolt/frames/mp3_sleepy_031.png
[13:20:01.300] rive  compiling 6 markup files as one document: pipstage.rml, shared.rml, stage1.rml, stage2.rml, stage3.rml, stage4.rml
[13:20:01.829] rive  built tools/rive/bolt/build/pip_bolt.riv (161033 bytes, 532ms, 0 errors, 0 warnings)
[13:20:01.831] rive  data: mood = 3
[13:20:01.831] rive  showing Stage3 [1/5]
[13:20:01.831] rive  viewport 240x240 @1x
[13:20:01.839] rive  wrote design/animations/rive/bolt/frames/mp3_sleepy_033.png
[13:20:01.913] rive  compiling 6 markup files as one document: pipstage.rml, shared.rml, stage1.rml, stage2.rml, stage3.rml, stage4.rml
[13:20:02.446] rive  built tools/rive/bolt/build/pip_bolt.riv (161033 bytes, 537ms, 0 errors, 0 warnings)
[13:20:02.448] rive  data: mood = 3
[13:20:02.448] rive  showing Stage3 [1/5]
[13:20:02.449] rive  viewport 240x240 @1x
[13:20:02.456] rive  wrote design/animations/rive/bolt/frames/mp3_sleepy_035.png
[13:20:02.523] rive  compiling 6 markup files as one document: pipstage.rml, shared.rml, stage1.rml, stage2.rml, stage3.rml, stage4.rml
[13:20:03.045] rive  built tools/rive/bolt/build/pip_bolt.riv (161033 bytes, 525ms, 0 errors, 0 warnings)
[13:20:03.047] rive  data: mood = 3
[13:20:03.047] rive  showing Stage3 [1/5]
[13:20:03.047] rive  viewport 240x240 @1x
[13:20:03.055] rive  wrote design/animations/rive/bolt/frames/mp3_sleepy_037.png
[13:20:03.126] rive  compiling 6 markup files as one document: pipstage.rml, shared.rml, stage1.rml, stage2.rml, stage3.rml, stage4.rml
[13:20:03.648] rive  built tools/rive/bolt/build/pip_bolt.riv (161033 bytes, 526ms, 0 errors, 0 warnings)
[13:20:03.650] rive  data: mood = 3
[13:20:03.650] rive  showing Stage3 [1/5]
[13:20:03.650] rive  viewport 240x240 @1x
[13:20:03.658] rive  wrote design/animations/rive/bolt/frames/mp3_sleepy_039.png
[13:20:03.728] rive  compiling 6 markup files as one document: pipstage.rml, shared.rml, stage1.rml, stage2.rml, stage3.rml, stage4.rml
[13:20:04.256] rive  built tools/rive/bolt/build/pip_bolt.riv (161033 bytes, 532ms, 0 errors, 0 warnings)
[13:20:04.259] rive  data: mood = 3
[13:20:04.259] rive  showing Stage3 [1/5]
[13:20:04.259] rive  viewport 240x240 @1x
[13:20:04.266] rive  wrote design/animations/rive/bolt/frames/mp3_sleepy_041.png
[13:20:04.342] rive  compiling 6 markup files as one document: pipstage.rml, shared.rml, stage1.rml, stage2.rml, stage3.rml, stage4.rml
[13:20:04.871] rive  built tools/rive/bolt/build/pip_bolt.riv (161033 bytes, 541ms, 0 errors, 0 warnings)
[13:20:04.873] rive  data: mood = 3
[13:20:04.873] rive  showing Stage3 [1/5]
[13:20:04.874] rive  viewport 240x240 @1x
[13:20:04.881] rive  wrote design/animations/rive/bolt/frames/mp3_sleepy_043.png
[13:20:04.952] rive  compiling 6 markup files as one document: pipstage.rml, shared.rml, stage1.rml, stage2.rml, stage3.rml, stage4.rml
[13:20:05.469] rive  built tools/rive/bolt/build/pip_bolt.riv (161033 bytes, 521ms, 0 errors, 0 warnings)
[13:20:05.472] rive  data: mood = 3
[13:20:05.472] rive  showing Stage3 [1/5]
[13:20:05.472] rive  viewport 240x240 @1x
[13:20:05.480] rive  wrote design/animations/rive/bolt/frames/mp3_sleepy_045.png
[13:20:05.550] rive  compiling 6 markup files as one document: pipstage.rml, shared.rml, stage1.rml, stage2.rml, stage3.rml, stage4.rml
[13:20:06.100] rive  built tools/rive/bolt/build/pip_bolt.riv (161033 bytes, 554ms, 0 errors, 0 warnings)
[13:20:06.102] rive  data: mood = 3
[13:20:06.102] rive  showing Stage3 [1/5]
[13:20:06.103] rive  viewport 240x240 @1x
[13:20:06.112] rive  wrote design/animations/rive/bolt/frames/mp3_sleepy_047.png
[13:20:06.201] rive  compiling 6 markup files as one document: pipstage.rml, shared.rml, stage1.rml, stage2.rml, stage3.rml, stage4.rml
[13:20:06.868] rive  built tools/rive/bolt/build/pip_bolt.riv (161033 bytes, 673ms, 0 errors, 0 warnings)
[13:20:06.870] rive  data: mood = 3
[13:20:06.870] rive  showing Stage3 [1/5]
[13:20:06.871] rive  viewport 240x240 @1x
[13:20:06.894] rive  wrote design/animations/rive/bolt/frames/mp3_sleepy_049.png
[13:20:06.989] rive  compiling 6 markup files as one document: pipstage.rml, shared.rml, stage1.rml, stage2.rml, stage3.rml, stage4.rml
[13:20:07.655] rive  built tools/rive/bolt/build/pip_bolt.riv (161033 bytes, 672ms, 0 errors, 0 warnings)
[13:20:07.658] rive  data: mood = 3
[13:20:07.658] rive  showing Stage3 [1/5]
[13:20:07.659] rive  viewport 240x240 @1x
[13:20:07.716] rive  wrote design/animations/rive/bolt/frames/mp3_sleepy_051.png
[13:20:07.818] rive  compiling 6 markup files as one document: pipstage.rml, shared.rml, stage1.rml, stage2.rml, stage3.rml, stage4.rml
[13:20:08.372] rive  built tools/rive/bolt/build/pip_bolt.riv (161033 bytes, 560ms, 0 errors, 0 warnings)
[13:20:08.375] rive  data: mood = 3
[13:20:08.375] rive  showing Stage3 [1/5]
[13:20:08.375] rive  viewport 240x240 @1x
[13:20:08.399] rive  wrote design/animations/rive/bolt/frames/mp3_sleepy_053.png
[13:20:08.468] rive  compiling 6 markup files as one document: pipstage.rml, shared.rml, stage1.rml, stage2.rml, stage3.rml, stage4.rml
[13:20:09.024] rive  built tools/rive/bolt/build/pip_bolt.riv (161033 bytes, 559ms, 0 errors, 0 warnings)
[13:20:09.026] rive  data: mood = 3
[13:20:09.026] rive  showing Stage3 [1/5]
[13:20:09.027] rive  viewport 240x240 @1x
[13:20:09.042] rive  wrote design/animations/rive/bolt/frames/mp3_sleepy_055.png
[13:20:09.142] rive  compiling 6 markup files as one document: pipstage.rml, shared.rml, stage1.rml, stage2.rml, stage3.rml, stage4.rml
[13:20:09.685] rive  built tools/rive/bolt/build/pip_bolt.riv (161033 bytes, 548ms, 0 errors, 0 warnings)
[13:20:09.687] rive  data: mood = 3
[13:20:09.687] rive  showing Stage3 [1/5]
[13:20:09.688] rive  viewport 240x240 @1x
[13:20:09.709] rive  wrote design/animations/rive/bolt/frames/mp3_sleepy_057.png
[13:20:09.783] rive  compiling 6 markup files as one document: pipstage.rml, shared.rml, stage1.rml, stage2.rml, stage3.rml, stage4.rml
[13:20:10.301] rive  built tools/rive/bolt/build/pip_bolt.riv (161033 bytes, 521ms, 0 errors, 0 warnings)
[13:20:10.303] rive  data: mood = 3
[13:20:10.303] rive  showing Stage3 [1/5]
[13:20:10.304] rive  viewport 240x240 @1x
[13:20:10.312] rive  wrote design/animations/rive/bolt/frames/mp3_sleepy_059.png
[13:20:10.383] rive  compiling 6 markup files as one document: pipstage.rml, shared.rml, stage1.rml, stage2.rml, stage3.rml, stage4.rml
[13:20:10.916] rive  built tools/rive/bolt/build/pip_bolt.riv (161033 bytes, 536ms, 0 errors, 0 warnings)
[13:20:10.918] rive  data: mood = 3
[13:20:10.918] rive  showing Stage3 [1/5]
[13:20:10.918] rive  viewport 240x240 @1x
[13:20:10.928] rive  wrote design/animations/rive/bolt/frames/mp3_sleepy_061.png
[13:20:10.999] rive  compiling 6 markup files as one document: pipstage.rml, shared.rml, stage1.rml, stage2.rml, stage3.rml, stage4.rml
[13:20:11.529] rive  built tools/rive/bolt/build/pip_bolt.riv (161033 bytes, 533ms, 0 errors, 0 warnings)
[13:20:11.531] rive  data: mood = 3
[13:20:11.531] rive  showing Stage3 [1/5]
[13:20:11.531] rive  viewport 240x240 @1x
[13:20:11.587] rive  wrote design/animations/rive/bolt/frames/mp3_sleepy_063.png
[13:20:11.667] rive  compiling 6 markup files as one document: pipstage.rml, shared.rml, stage1.rml, stage2.rml, stage3.rml, stage4.rml
[13:20:12.186] rive  built tools/rive/bolt/build/pip_bolt.riv (161033 bytes, 523ms, 0 errors, 0 warnings)
[13:20:12.189] rive  data: mood = 3
[13:20:12.189] rive  showing Stage3 [1/5]
[13:20:12.189] rive  viewport 240x240 @1x
[13:20:12.198] rive  wrote design/animations/rive/bolt/frames/mp3_sleepy_065.png
[13:20:12.269] rive  compiling 6 markup files as one document: pipstage.rml, shared.rml, stage1.rml, stage2.rml, stage3.rml, stage4.rml
[13:20:12.848] rive  built tools/rive/bolt/build/pip_bolt.riv (161033 bytes, 583ms, 0 errors, 0 warnings)
[13:20:12.850] rive  data: mood = 3
[13:20:12.850] rive  showing Stage3 [1/5]
[13:20:12.850] rive  viewport 240x240 @1x
[13:20:12.867] rive  wrote design/animations/rive/bolt/frames/mp3_sleepy_067.png
[13:20:12.943] rive  compiling 6 markup files as one document: pipstage.rml, shared.rml, stage1.rml, stage2.rml, stage3.rml, stage4.rml
[13:20:13.468] rive  built tools/rive/bolt/build/pip_bolt.riv (161033 bytes, 528ms, 0 errors, 0 warnings)
[13:20:13.470] rive  data: mood = 3
[13:20:13.470] rive  showing Stage3 [1/5]
[13:20:13.470] rive  viewport 240x240 @1x
[13:20:13.478] rive  wrote design/animations/rive/bolt/frames/mp3_sleepy_069.png
[13:20:13.549] rive  compiling 6 markup files as one document: pipstage.rml, shared.rml, stage1.rml, stage2.rml, stage3.rml, stage4.rml
[13:20:14.082] rive  built tools/rive/bolt/build/pip_bolt.riv (161033 bytes, 537ms, 0 errors, 0 warnings)
[13:20:14.084] rive  data: mood = 3
[13:20:14.084] rive  showing Stage3 [1/5]
[13:20:14.085] rive  viewport 240x240 @1x
[13:20:14.094] rive  wrote design/animations/rive/bolt/frames/mp3_sleepy_071.png
[13:20:14.189] rive  compiling 6 markup files as one document: pipstage.rml, shared.rml, stage1.rml, stage2.rml, stage3.rml, stage4.rml
[13:20:14.723] rive  built tools/rive/bolt/build/pip_bolt.riv (161033 bytes, 538ms, 0 errors, 0 warnings)
[13:20:14.725] rive  data: mood = 3
[13:20:14.725] rive  showing Stage3 [1/5]
[13:20:14.725] rive  viewport 240x240 @1x
[13:20:14.734] rive  wrote design/animations/rive/bolt/frames/mp3_sleepy_073.png
[13:20:14.810] rive  compiling 6 markup files as one document: pipstage.rml, shared.rml, stage1.rml, stage2.rml, stage3.rml, stage4.rml
[13:20:15.333] rive  built tools/rive/bolt/build/pip_bolt.riv (161033 bytes, 527ms, 0 errors, 0 warnings)
[13:20:15.335] rive  data: mood = 3
[13:20:15.336] rive  showing Stage3 [1/5]
[13:20:15.336] rive  viewport 240x240 @1x
[13:20:15.344] rive  wrote design/animations/rive/bolt/frames/mp3_sleepy_075.png
[13:20:15.417] rive  compiling 6 markup files as one document: pipstage.rml, shared.rml, stage1.rml, stage2.rml, stage3.rml, stage4.rml
[13:20:15.936] rive  built tools/rive/bolt/build/pip_bolt.riv (161033 bytes, 524ms, 0 errors, 0 warnings)
[13:20:15.938] rive  data: mood = 3
[13:20:15.938] rive  showing Stage3 [1/5]
[13:20:15.939] rive  viewport 240x240 @1x
[13:20:15.946] rive  wrote design/animations/rive/bolt/frames/mp3_sleepy_077.png
[13:20:16.028] rive  compiling 6 markup files as one document: pipstage.rml, shared.rml, stage1.rml, stage2.rml, stage3.rml, stage4.rml
[13:20:16.544] rive  built tools/rive/bolt/build/pip_bolt.riv (161033 bytes, 521ms, 0 errors, 0 warnings)
[13:20:16.547] rive  data: mood = 3
[13:20:16.547] rive  showing Stage3 [1/5]
[13:20:16.547] rive  viewport 240x240 @1x
[13:20:16.554] rive  wrote design/animations/rive/bolt/frames/mp3_sleepy_079.png
[13:20:16.623] rive  compiling 6 markup files as one document: pipstage.rml, shared.rml, stage1.rml, stage2.rml, stage3.rml, stage4.rml
[13:20:17.150] rive  built tools/rive/bolt/build/pip_bolt.riv (161033 bytes, 531ms, 0 errors, 0 warnings)
[13:20:17.152] rive  data: mood = 3
[13:20:17.152] rive  showing Stage3 [1/5]
[13:20:17.153] rive  viewport 240x240 @1x
[13:20:17.160] rive  wrote design/animations/rive/bolt/frames/mp3_sleepy_081.png
[13:20:17.227] rive  compiling 6 markup files as one document: pipstage.rml, shared.rml, stage1.rml, stage2.rml, stage3.rml, stage4.rml
[13:20:17.749] rive  built tools/rive/bolt/build/pip_bolt.riv (161033 bytes, 525ms, 0 errors, 0 warnings)
[13:20:17.751] rive  data: mood = 3
[13:20:17.751] rive  showing Stage3 [1/5]
[13:20:17.751] rive  viewport 240x240 @1x
[13:20:17.758] rive  wrote design/animations/rive/bolt/frames/mp3_sleepy_083.png
[13:20:17.833] rive  compiling 6 markup files as one document: pipstage.rml, shared.rml, stage1.rml, stage2.rml, stage3.rml, stage4.rml
[13:20:18.352] rive  built tools/rive/bolt/build/pip_bolt.riv (161033 bytes, 523ms, 0 errors, 0 warnings)
[13:20:18.355] rive  data: mood = 3
[13:20:18.355] rive  showing Stage3 [1/5]
[13:20:18.355] rive  viewport 240x240 @1x
[13:20:18.362] rive  wrote design/animations/rive/bolt/frames/mp3_sleepy_085.png
[13:20:18.433] rive  compiling 6 markup files as one document: pipstage.rml, shared.rml, stage1.rml, stage2.rml, stage3.rml, stage4.rml
[13:20:18.955] rive  built tools/rive/bolt/build/pip_bolt.riv (161033 bytes, 526ms, 0 errors, 0 warnings)
[13:20:18.957] rive  data: mood = 3
[13:20:18.957] rive  showing Stage3 [1/5]
[13:20:18.958] rive  viewport 240x240 @1x
[13:20:18.965] rive  wrote design/animations/rive/bolt/frames/mp3_sleepy_087.png
[13:20:19.034] rive  compiling 6 markup files as one document: pipstage.rml, shared.rml, stage1.rml, stage2.rml, stage3.rml, stage4.rml
[13:20:19.555] rive  built tools/rive/bolt/build/pip_bolt.riv (161033 bytes, 525ms, 0 errors, 0 warnings)
[13:20:19.557] rive  data: mood = 3
[13:20:19.557] rive  showing Stage3 [1/5]
[13:20:19.558] rive  viewport 240x240 @1x
[13:20:19.565] rive  wrote design/animations/rive/bolt/frames/mp3_sleepy_089.png
[13:20:19.634] rive  compiling 6 markup files as one document: pipstage.rml, shared.rml, stage1.rml, stage2.rml, stage3.rml, stage4.rml
[13:20:20.149] rive  built tools/rive/bolt/build/pip_bolt.riv (161033 bytes, 519ms, 0 errors, 0 warnings)
[13:20:20.151] rive  data: mood = 3
[13:20:20.151] rive  showing Stage3 [1/5]
[13:20:20.151] rive  viewport 240x240 @1x
[13:20:20.158] rive  wrote design/animations/rive/bolt/frames/mp3_sleepy_091.png
[13:20:20.226] rive  compiling 6 markup files as one document: pipstage.rml, shared.rml, stage1.rml, stage2.rml, stage3.rml, stage4.rml
[13:20:20.730] rive  built tools/rive/bolt/build/pip_bolt.riv (161033 bytes, 507ms, 0 errors, 0 warnings)
[13:20:20.732] rive  data: mood = 3
[13:20:20.732] rive  showing Stage3 [1/5]
[13:20:20.733] rive  viewport 240x240 @1x
[13:20:20.740] rive  wrote design/animations/rive/bolt/frames/mp3_sleepy_093.png
[13:20:20.810] rive  compiling 6 markup files as one document: pipstage.rml, shared.rml, stage1.rml, stage2.rml, stage3.rml, stage4.rml
[13:20:21.332] rive  built tools/rive/bolt/build/pip_bolt.riv (161033 bytes, 525ms, 0 errors, 0 warnings)
[13:20:21.334] rive  data: mood = 3
[13:20:21.334] rive  showing Stage3 [1/5]
[13:20:21.334] rive  viewport 240x240 @1x
[13:20:21.343] rive  wrote design/animations/rive/bolt/frames/mp3_sleepy_095.png
[13:20:21.417] rive  compiling 6 markup files as one document: pipstage.rml, shared.rml, stage1.rml, stage2.rml, stage3.rml, stage4.rml
[13:20:21.932] rive  built tools/rive/bolt/build/pip_bolt.riv (161033 bytes, 519ms, 0 errors, 0 warnings)
[13:20:21.934] rive  data: mood = 3
[13:20:21.934] rive  showing Stage3 [1/5]
[13:20:21.935] rive  viewport 240x240 @1x
[13:20:21.942] rive  wrote design/animations/rive/bolt/frames/mp3_sleepy_097.png
[13:20:22.009] rive  compiling 6 markup files as one document: pipstage.rml, shared.rml, stage1.rml, stage2.rml, stage3.rml, stage4.rml
[13:20:22.555] rive  built tools/rive/bolt/build/pip_bolt.riv (161033 bytes, 550ms, 0 errors, 0 warnings)
[13:20:22.557] rive  data: mood = 3
[13:20:22.557] rive  showing Stage3 [1/5]
[13:20:22.557] rive  viewport 240x240 @1x
[13:20:22.564] rive  wrote design/animations/rive/bolt/frames/mp3_sleepy_099.png
[13:20:22.634] rive  compiling 6 markup files as one document: pipstage.rml, shared.rml, stage1.rml, stage2.rml, stage3.rml, stage4.rml
[13:20:23.158] rive  built tools/rive/bolt/build/pip_bolt.riv (161033 bytes, 529ms, 0 errors, 0 warnings)
[13:20:23.160] rive  data: mood = 3
[13:20:23.160] rive  showing Stage3 [1/5]
[13:20:23.161] rive  viewport 240x240 @1x
[13:20:23.168] rive  wrote design/animations/rive/bolt/frames/mp3_sleepy_101.png
[13:20:23.245] rive  compiling 6 markup files as one document: pipstage.rml, shared.rml, stage1.rml, stage2.rml, stage3.rml, stage4.rml
[13:20:23.780] rive  built tools/rive/bolt/build/pip_bolt.riv (161033 bytes, 540ms, 0 errors, 0 warnings)
[13:20:23.782] rive  data: mood = 3
[13:20:23.782] rive  showing Stage3 [1/5]
[13:20:23.783] rive  viewport 240x240 @1x
[13:20:23.790] rive  wrote design/animations/rive/bolt/frames/mp3_sleepy_103.png
[13:20:23.867] rive  compiling 6 markup files as one document: pipstage.rml, shared.rml, stage1.rml, stage2.rml, stage3.rml, stage4.rml
[13:20:24.385] rive  built tools/rive/bolt/build/pip_bolt.riv (161033 bytes, 521ms, 0 errors, 0 warnings)
[13:20:24.387] rive  data: mood = 3
[13:20:24.387] rive  showing Stage3 [1/5]
[13:20:24.387] rive  viewport 240x240 @1x
[13:20:24.395] rive  wrote design/animations/rive/bolt/frames/mp3_sleepy_105.png
[13:20:24.465] rive  compiling 6 markup files as one document: pipstage.rml, shared.rml, stage1.rml, stage2.rml, stage3.rml, stage4.rml
[13:20:24.992] rive  built tools/rive/bolt/build/pip_bolt.riv (161033 bytes, 531ms, 0 errors, 0 warnings)
[13:20:24.994] rive  data: mood = 3
[13:20:24.994] rive  showing Stage3 [1/5]
[13:20:24.995] rive  viewport 240x240 @1x
[13:20:25.003] rive  wrote design/animations/rive/bolt/frames/mp3_sleepy_107.png
[13:20:25.076] rive  compiling 6 markup files as one document: pipstage.rml, shared.rml, stage1.rml, stage2.rml, stage3.rml, stage4.rml
[13:20:25.604] rive  built tools/rive/bolt/build/pip_bolt.riv (161033 bytes, 531ms, 0 errors, 0 warnings)
[13:20:25.606] rive  data: mood = 3
[13:20:25.606] rive  showing Stage3 [1/5]
[13:20:25.606] rive  viewport 240x240 @1x
[13:20:25.614] rive  wrote design/animations/rive/bolt/frames/mp3_sleepy_109.png
[13:20:25.685] rive  compiling 6 markup files as one document: pipstage.rml, shared.rml, stage1.rml, stage2.rml, stage3.rml, stage4.rml
[13:20:26.223] rive  built tools/rive/bolt/build/pip_bolt.riv (161033 bytes, 542ms, 0 errors, 0 warnings)
[13:20:26.225] rive  data: mood = 3
[13:20:26.225] rive  showing Stage3 [1/5]
[13:20:26.226] rive  viewport 240x240 @1x
[13:20:26.233] rive  wrote design/animations/rive/bolt/frames/mp3_sleepy_111.png
[13:20:26.309] rive  compiling 6 markup files as one document: pipstage.rml, shared.rml, stage1.rml, stage2.rml, stage3.rml, stage4.rml
[13:20:26.827] rive  built tools/rive/bolt/build/pip_bolt.riv (161033 bytes, 521ms, 0 errors, 0 warnings)
[13:20:26.829] rive  data: mood = 3
[13:20:26.829] rive  showing Stage3 [1/5]
[13:20:26.829] rive  viewport 240x240 @1x
[13:20:26.836] rive  wrote design/animations/rive/bolt/frames/mp3_sleepy_113.png
[13:20:26.911] rive  compiling 6 markup files as one document: pipstage.rml, shared.rml, stage1.rml, stage2.rml, stage3.rml, stage4.rml
[13:20:27.460] rive  built tools/rive/bolt/build/pip_bolt.riv (161033 bytes, 552ms, 0 errors, 0 warnings)
[13:20:27.462] rive  data: mood = 3
[13:20:27.462] rive  showing Stage3 [1/5]
[13:20:27.463] rive  viewport 240x240 @1x
[13:20:27.470] rive  wrote design/animations/rive/bolt/frames/mp3_sleepy_115.png
[13:20:27.551] rive  compiling 6 markup files as one document: pipstage.rml, shared.rml, stage1.rml, stage2.rml, stage3.rml, stage4.rml
[13:20:28.129] rive  built tools/rive/bolt/build/pip_bolt.riv (161033 bytes, 582ms, 0 errors, 0 warnings)
[13:20:28.131] rive  data: mood = 3
[13:20:28.131] rive  showing Stage3 [1/5]
[13:20:28.132] rive  viewport 240x240 @1x
[13:20:28.140] rive  wrote design/animations/rive/bolt/frames/mp3_sleepy_117.png
[13:20:28.224] rive  compiling 6 markup files as one document: pipstage.rml, shared.rml, stage1.rml, stage2.rml, stage3.rml, stage4.rml
[13:20:28.875] rive  built tools/rive/bolt/build/pip_bolt.riv (161033 bytes, 656ms, 0 errors, 0 warnings)
[13:20:28.877] rive  data: mood = 3
[13:20:28.877] rive  showing Stage3 [1/5]
[13:20:28.878] rive  viewport 240x240 @1x
[13:20:28.893] rive  wrote design/animations/rive/bolt/frames/mp3_sleepy_119.png
[13:20:28.977] rive  compiling 6 markup files as one document: pipstage.rml, shared.rml, stage1.rml, stage2.rml, stage3.rml, stage4.rml
[13:20:29.552] rive  built tools/rive/bolt/build/pip_bolt.riv (161033 bytes, 580ms, 0 errors, 0 warnings)
[13:20:29.554] rive  data: mood = 3
[13:20:29.554] rive  showing Stage3 [1/5]
[13:20:29.555] rive  viewport 240x240 @1x
[13:20:29.563] rive  wrote design/animations/rive/bolt/frames/mp3_sleepy_121.png
[13:20:29.634] rive  compiling 6 markup files as one document: pipstage.rml, shared.rml, stage1.rml, stage2.rml, stage3.rml, stage4.rml
[13:20:30.181] rive  built tools/rive/bolt/build/pip_bolt.riv (161033 bytes, 550ms, 0 errors, 0 warnings)
[13:20:30.184] rive  data: mood = 3
[13:20:30.184] rive  showing Stage3 [1/5]
[13:20:30.185] rive  viewport 240x240 @1x
[13:20:30.232] rive  wrote design/animations/rive/bolt/frames/mp3_sleepy_123.png
[13:20:30.330] rive  compiling 6 markup files as one document: pipstage.rml, shared.rml, stage1.rml, stage2.rml, stage3.rml, stage4.rml
[13:20:31.120] rive  built tools/rive/bolt/build/pip_bolt.riv (161033 bytes, 795ms, 0 errors, 0 warnings)
[13:20:31.124] rive  data: mood = 3
[13:20:31.124] rive  showing Stage3 [1/5]
[13:20:31.126] rive  viewport 240x240 @1x
[13:20:31.148] rive  wrote design/animations/rive/bolt/frames/mp3_sleepy_125.png
[13:20:31.247] rive  compiling 6 markup files as one document: pipstage.rml, shared.rml, stage1.rml, stage2.rml, stage3.rml, stage4.rml
[13:20:31.940] rive  built tools/rive/bolt/build/pip_bolt.riv (161033 bytes, 702ms, 0 errors, 0 warnings)
[13:20:31.945] rive  data: mood = 3
[13:20:31.945] rive  showing Stage3 [1/5]
[13:20:31.945] rive  viewport 240x240 @1x
[13:20:32.054] rive  wrote design/animations/rive/bolt/frames/mp3_sleepy_127.png
[13:20:32.301] rive  compiling 6 markup files as one document: pipstage.rml, shared.rml, stage1.rml, stage2.rml, stage3.rml, stage4.rml
[13:20:33.126] rive  built tools/rive/bolt/build/pip_bolt.riv (161033 bytes, 834ms, 0 errors, 0 warnings)
[13:20:33.128] rive  data: mood = 3
[13:20:33.129] rive  showing Stage3 [1/5]
[13:20:33.129] rive  viewport 240x240 @1x
[13:20:33.138] rive  wrote design/animations/rive/bolt/frames/mp3_sleepy_129.png
[13:20:33.228] rive  compiling 6 markup files as one document: pipstage.rml, shared.rml, stage1.rml, stage2.rml, stage3.rml, stage4.rml
[13:20:33.907] rive  built tools/rive/bolt/build/pip_bolt.riv (161033 bytes, 684ms, 0 errors, 0 warnings)
[13:20:33.909] rive  data: mood = 3
[13:20:33.910] rive  showing Stage3 [1/5]
[13:20:33.910] rive  viewport 240x240 @1x
[13:20:33.943] rive  wrote design/animations/rive/bolt/frames/mp3_sleepy_131.png
[13:20:34.036] rive  compiling 6 markup files as one document: pipstage.rml, shared.rml, stage1.rml, stage2.rml, stage3.rml, stage4.rml
[13:20:34.730] rive  built tools/rive/bolt/build/pip_bolt.riv (161033 bytes, 703ms, 0 errors, 0 warnings)
[13:20:34.732] rive  data: mood = 3
[13:20:34.733] rive  showing Stage3 [1/5]
[13:20:34.733] rive  viewport 240x240 @1x
[13:20:34.744] rive  wrote design/animations/rive/bolt/frames/mp3_sleepy_133.png
[13:20:34.833] rive  compiling 6 markup files as one document: pipstage.rml, shared.rml, stage1.rml, stage2.rml, stage3.rml, stage4.rml
[13:20:35.478] rive  built tools/rive/bolt/build/pip_bolt.riv (161033 bytes, 650ms, 0 errors, 0 warnings)
[13:20:35.481] rive  data: mood = 3
[13:20:35.481] rive  showing Stage3 [1/5]
[13:20:35.482] rive  viewport 240x240 @1x
[13:20:35.494] rive  wrote design/animations/rive/bolt/frames/mp3_sleepy_135.png
[13:20:35.584] rive  compiling 6 markup files as one document: pipstage.rml, shared.rml, stage1.rml, stage2.rml, stage3.rml, stage4.rml
[13:20:36.176] rive  built tools/rive/bolt/build/pip_bolt.riv (161033 bytes, 602ms, 0 errors, 0 warnings)
[13:20:36.179] rive  data: mood = 3
[13:20:36.179] rive  showing Stage3 [1/5]
[13:20:36.179] rive  viewport 240x240 @1x
[13:20:36.187] rive  wrote design/animations/rive/bolt/frames/mp3_sleepy_137.png
[13:20:36.258] rive  compiling 6 markup files as one document: pipstage.rml, shared.rml, stage1.rml, stage2.rml, stage3.rml, stage4.rml
[13:20:36.776] rive  built tools/rive/bolt/build/pip_bolt.riv (161033 bytes, 521ms, 0 errors, 0 warnings)
[13:20:36.778] rive  data: mood = 3
[13:20:36.778] rive  showing Stage3 [1/5]
[13:20:36.779] rive  viewport 240x240 @1x
[13:20:36.787] rive  wrote design/animations/rive/bolt/frames/mp3_sleepy_139.png
[13:20:36.860] rive  compiling 6 markup files as one document: pipstage.rml, shared.rml, stage1.rml, stage2.rml, stage3.rml, stage4.rml
[13:20:37.386] rive  built tools/rive/bolt/build/pip_bolt.riv (161033 bytes, 530ms, 0 errors, 0 warnings)
[13:20:37.389] rive  data: mood = 3
[13:20:37.389] rive  showing Stage3 [1/5]
[13:20:37.390] rive  viewport 240x240 @1x
[13:20:37.397] rive  wrote design/animations/rive/bolt/frames/mp3_sleepy_141.png
[13:20:37.474] rive  compiling 6 markup files as one document: pipstage.rml, shared.rml, stage1.rml, stage2.rml, stage3.rml, stage4.rml
[13:20:38.017] rive  built tools/rive/bolt/build/pip_bolt.riv (161033 bytes, 548ms, 0 errors, 0 warnings)
[13:20:38.020] rive  data: mood = 3
[13:20:38.020] rive  showing Stage3 [1/5]
[13:20:38.020] rive  viewport 240x240 @1x
[13:20:38.028] rive  wrote design/animations/rive/bolt/frames/mp3_sleepy_143.png
[13:20:38.094] rive  compiling 6 markup files as one document: pipstage.rml, shared.rml, stage1.rml, stage2.rml, stage3.rml, stage4.rml
[13:20:38.619] rive  built tools/rive/bolt/build/pip_bolt.riv (161033 bytes, 528ms, 0 errors, 0 warnings)
[13:20:38.621] rive  data: mood = 3
[13:20:38.621] rive  showing Stage3 [1/5]
[13:20:38.622] rive  viewport 240x240 @1x
[13:20:38.629] rive  wrote design/animations/rive/bolt/frames/mp3_sleepy_145.png
[13:20:38.702] rive  compiling 6 markup files as one document: pipstage.rml, shared.rml, stage1.rml, stage2.rml, stage3.rml, stage4.rml
[13:20:39.228] rive  built tools/rive/bolt/build/pip_bolt.riv (161033 bytes, 530ms, 0 errors, 0 warnings)
[13:20:39.231] rive  data: mood = 3
[13:20:39.231] rive  showing Stage3 [1/5]
[13:20:39.231] rive  viewport 240x240 @1x
[13:20:39.239] rive  wrote design/animations/rive/bolt/frames/mp3_sleepy_147.png
[13:20:39.311] rive  compiling 6 markup files as one document: pipstage.rml, shared.rml, stage1.rml, stage2.rml, stage3.rml, stage4.rml
[13:20:39.891] rive  built tools/rive/bolt/build/pip_bolt.riv (161033 bytes, 584ms, 0 errors, 0 warnings)
[13:20:39.893] rive  data: mood = 3
[13:20:39.893] rive  showing Stage3 [1/5]
[13:20:39.894] rive  viewport 240x240 @1x
[13:20:39.902] rive  wrote design/animations/rive/bolt/frames/mp3_sleepy_149.png
[13:20:39.970] rive  compiling 6 markup files as one document: pipstage.rml, shared.rml, stage1.rml, stage2.rml, stage3.rml, stage4.rml
[13:20:40.494] rive  built tools/rive/bolt/build/pip_bolt.riv (161033 bytes, 528ms, 0 errors, 0 warnings)
[13:20:40.496] rive  data: mood = 3
[13:20:40.497] rive  showing Stage3 [1/5]
[13:20:40.497] rive  viewport 240x240 @1x
[13:20:40.506] rive  wrote design/animations/rive/bolt/frames/mp3_sleepy_151.png
[13:20:40.575] rive  compiling 6 markup files as one document: pipstage.rml, shared.rml, stage1.rml, stage2.rml, stage3.rml, stage4.rml
[13:20:41.098] rive  built tools/rive/bolt/build/pip_bolt.riv (161033 bytes, 527ms, 0 errors, 0 warnings)
[13:20:41.100] rive  data: mood = 3
[13:20:41.101] rive  showing Stage3 [1/5]
[13:20:41.101] rive  viewport 240x240 @1x
[13:20:41.112] rive  wrote design/animations/rive/bolt/frames/mp3_sleepy_153.png
[13:20:41.187] rive  compiling 6 markup files as one document: pipstage.rml, shared.rml, stage1.rml, stage2.rml, stage3.rml, stage4.rml
[13:20:41.714] rive  built tools/rive/bolt/build/pip_bolt.riv (161033 bytes, 531ms, 0 errors, 0 warnings)
[13:20:41.716] rive  data: mood = 3
[13:20:41.716] rive  showing Stage3 [1/5]
[13:20:41.717] rive  viewport 240x240 @1x
[13:20:41.724] rive  wrote design/animations/rive/bolt/frames/mp3_sleepy_155.png
[13:20:41.800] rive  compiling 6 markup files as one document: pipstage.rml, shared.rml, stage1.rml, stage2.rml, stage3.rml, stage4.rml
[13:20:42.314] rive  built tools/rive/bolt/build/pip_bolt.riv (161033 bytes, 518ms, 0 errors, 0 warnings)
[13:20:42.316] rive  data: mood = 3
[13:20:42.316] rive  showing Stage3 [1/5]
[13:20:42.317] rive  viewport 240x240 @1x
[13:20:42.325] rive  wrote design/animations/rive/bolt/frames/mp3_sleepy_157.png
[13:20:42.400] rive  compiling 6 markup files as one document: pipstage.rml, shared.rml, stage1.rml, stage2.rml, stage3.rml, stage4.rml
[13:20:42.929] rive  built tools/rive/bolt/build/pip_bolt.riv (161033 bytes, 533ms, 0 errors, 0 warnings)
[13:20:42.932] rive  data: mood = 3
[13:20:42.932] rive  showing Stage3 [1/5]
[13:20:42.933] rive  viewport 240x240 @1x
[13:20:42.940] rive  wrote design/animations/rive/bolt/frames/mp3_sleepy_159.png
[13:20:43.006] rive  compiling 6 markup files as one document: pipstage.rml, shared.rml, stage1.rml, stage2.rml, stage3.rml, stage4.rml
[13:20:43.533] rive  built tools/rive/bolt/build/pip_bolt.riv (161033 bytes, 530ms, 0 errors, 0 warnings)
[13:20:43.536] rive  data: mood = 3
[13:20:43.536] rive  showing Stage3 [1/5]
[13:20:43.536] rive  viewport 240x240 @1x
[13:20:43.543] rive  wrote design/animations/rive/bolt/frames/mp3_sleepy_161.png
[13:20:43.616] rive  compiling 6 markup files as one document: pipstage.rml, shared.rml, stage1.rml, stage2.rml, stage3.rml, stage4.rml
[13:20:44.133] rive  built tools/rive/bolt/build/pip_bolt.riv (161033 bytes, 521ms, 0 errors, 0 warnings)
[13:20:44.135] rive  data: mood = 3
[13:20:44.135] rive  showing Stage3 [1/5]
[13:20:44.136] rive  viewport 240x240 @1x
[13:20:44.143] rive  wrote design/animations/rive/bolt/frames/mp3_sleepy_163.png
[13:20:44.208] rive  compiling 6 markup files as one document: pipstage.rml, shared.rml, stage1.rml, stage2.rml, stage3.rml, stage4.rml
[13:20:44.725] rive  built tools/rive/bolt/build/pip_bolt.riv (161033 bytes, 520ms, 0 errors, 0 warnings)
[13:20:44.727] rive  data: mood = 3
[13:20:44.727] rive  showing Stage3 [1/5]
[13:20:44.728] rive  viewport 240x240 @1x
[13:20:44.735] rive  wrote design/animations/rive/bolt/frames/mp3_sleepy_165.png
[13:20:44.809] rive  compiling 6 markup files as one document: pipstage.rml, shared.rml, stage1.rml, stage2.rml, stage3.rml, stage4.rml
[13:20:45.328] rive  built tools/rive/bolt/build/pip_bolt.riv (161033 bytes, 523ms, 0 errors, 0 warnings)
[13:20:45.330] rive  data: mood = 3
[13:20:45.330] rive  showing Stage3 [1/5]
[13:20:45.331] rive  viewport 240x240 @1x
[13:20:45.338] rive  wrote design/animations/rive/bolt/frames/mp3_sleepy_167.png
[13:20:45.408] rive  compiling 6 markup files as one document: pipstage.rml, shared.rml, stage1.rml, stage2.rml, stage3.rml, stage4.rml
[13:20:45.932] rive  built tools/rive/bolt/build/pip_bolt.riv (161033 bytes, 527ms, 0 errors, 0 warnings)
[13:20:45.934] rive  data: mood = 3
[13:20:45.935] rive  showing Stage3 [1/5]
[13:20:45.935] rive  viewport 240x240 @1x
[13:20:45.946] rive  wrote design/animations/rive/bolt/frames/mp3_sleepy_169.png
[13:20:46.020] rive  compiling 6 markup files as one document: pipstage.rml, shared.rml, stage1.rml, stage2.rml, stage3.rml, stage4.rml
[13:20:46.543] rive  built tools/rive/bolt/build/pip_bolt.riv (161033 bytes, 526ms, 0 errors, 0 warnings)
[13:20:46.545] rive  data: mood = 3
[13:20:46.545] rive  showing Stage3 [1/5]
[13:20:46.546] rive  viewport 240x240 @1x
[13:20:46.553] rive  wrote design/animations/rive/bolt/frames/mp3_sleepy_171.png
[13:20:46.623] rive  compiling 6 markup files as one document: pipstage.rml, shared.rml, stage1.rml, stage2.rml, stage3.rml, stage4.rml
[13:20:47.144] rive  built tools/rive/bolt/build/pip_bolt.riv (161033 bytes, 524ms, 0 errors, 0 warnings)
[13:20:47.146] rive  data: mood = 3
[13:20:47.146] rive  showing Stage3 [1/5]
[13:20:47.147] rive  viewport 240x240 @1x
[13:20:47.153] rive  wrote design/animations/rive/bolt/frames/mp3_sleepy_173.png
[13:20:47.225] rive  compiling 6 markup files as one document: pipstage.rml, shared.rml, stage1.rml, stage2.rml, stage3.rml, stage4.rml
[13:20:47.750] rive  built tools/rive/bolt/build/pip_bolt.riv (161033 bytes, 529ms, 0 errors, 0 warnings)
[13:20:47.753] rive  data: mood = 3
[13:20:47.753] rive  showing Stage3 [1/5]
[13:20:47.754] rive  viewport 240x240 @1x
[13:20:47.760] rive  wrote design/animations/rive/bolt/frames/mp3_sleepy_175.png
[13:20:47.832] rive  compiling 6 markup files as one document: pipstage.rml, shared.rml, stage1.rml, stage2.rml, stage3.rml, stage4.rml
[13:20:48.359] rive  built tools/rive/bolt/build/pip_bolt.riv (161033 bytes, 531ms, 0 errors, 0 warnings)
[13:20:48.361] rive  data: mood = 3
[13:20:48.361] rive  showing Stage3 [1/5]
[13:20:48.362] rive  viewport 240x240 @1x
[13:20:48.369] rive  wrote design/animations/rive/bolt/frames/mp3_sleepy_177.png
[13:20:48.442] rive  compiling 6 markup files as one document: pipstage.rml, shared.rml, stage1.rml, stage2.rml, stage3.rml, stage4.rml
[13:20:48.970] rive  built tools/rive/bolt/build/pip_bolt.riv (161033 bytes, 532ms, 0 errors, 0 warnings)
[13:20:48.973] rive  data: mood = 3
[13:20:48.973] rive  showing Stage3 [1/5]
[13:20:48.974] rive  viewport 240x240 @1x
[13:20:48.980] rive  wrote design/animations/rive/bolt/frames/mp3_sleepy_179.png
[13:20:49.049] rive  compiling 6 markup files as one document: pipstage.rml, shared.rml, stage1.rml, stage2.rml, stage3.rml, stage4.rml
[13:20:49.568] rive  built tools/rive/bolt/build/pip_bolt.riv (161033 bytes, 523ms, 0 errors, 0 warnings)
[13:20:49.570] rive  data: mood = 3
[13:20:49.570] rive  showing Stage3 [1/5]
[13:20:49.571] rive  viewport 240x240 @1x
[13:20:49.577] rive  wrote design/animations/rive/bolt/frames/mp3_sleepy_181.png
[13:20:49.649] rive  compiling 6 markup files as one document: pipstage.rml, shared.rml, stage1.rml, stage2.rml, stage3.rml, stage4.rml
[13:20:50.167] rive  built tools/rive/bolt/build/pip_bolt.riv (161033 bytes, 521ms, 0 errors, 0 warnings)
[13:20:50.169] rive  data: mood = 3
[13:20:50.169] rive  showing Stage3 [1/5]
[13:20:50.170] rive  viewport 240x240 @1x
[13:20:50.177] rive  wrote design/animations/rive/bolt/frames/mp3_sleepy_183.png
[13:20:50.243] rive  compiling 6 markup files as one document: pipstage.rml, shared.rml, stage1.rml, stage2.rml, stage3.rml, stage4.rml
[13:20:50.767] rive  built tools/rive/bolt/build/pip_bolt.riv (161033 bytes, 528ms, 0 errors, 0 warnings)
[13:20:50.770] rive  data: mood = 3
[13:20:50.770] rive  showing Stage3 [1/5]
[13:20:50.771] rive  viewport 240x240 @1x
[13:20:50.778] rive  wrote design/animations/rive/bolt/frames/mp3_sleepy_185.png
[13:20:50.849] rive  compiling 6 markup files as one document: pipstage.rml, shared.rml, stage1.rml, stage2.rml, stage3.rml, stage4.rml
[13:20:51.383] rive  built tools/rive/bolt/build/pip_bolt.riv (161033 bytes, 538ms, 0 errors, 0 warnings)
[13:20:51.385] rive  data: mood = 3
[13:20:51.385] rive  showing Stage3 [1/5]
[13:20:51.386] rive  viewport 240x240 @1x
[13:20:51.393] rive  wrote design/animations/rive/bolt/frames/mp3_sleepy_187.png
[13:20:51.460] rive  compiling 6 markup files as one document: pipstage.rml, shared.rml, stage1.rml, stage2.rml, stage3.rml, stage4.rml
[13:20:51.978] rive  built tools/rive/bolt/build/pip_bolt.riv (161033 bytes, 523ms, 0 errors, 0 warnings)
[13:20:51.981] rive  data: mood = 3
[13:20:51.981] rive  showing Stage3 [1/5]
[13:20:51.982] rive  viewport 240x240 @1x
[13:20:51.990] rive  wrote design/animations/rive/bolt/frames/mp3_sleepy_189.png
[13:20:52.063] rive  compiling 6 markup files as one document: pipstage.rml, shared.rml, stage1.rml, stage2.rml, stage3.rml, stage4.rml
[13:20:52.585] rive  built tools/rive/bolt/build/pip_bolt.riv (161033 bytes, 526ms, 0 errors, 0 warnings)
[13:20:52.587] rive  data: mood = 3
[13:20:52.587] rive  showing Stage3 [1/5]
[13:20:52.588] rive  viewport 240x240 @1x
[13:20:52.595] rive  wrote design/animations/rive/bolt/frames/mp3_sleepy_191.png
[13:20:52.665] rive  compiling 6 markup files as one document: pipstage.rml, shared.rml, stage1.rml, stage2.rml, stage3.rml, stage4.rml
[13:20:53.177] rive  built tools/rive/bolt/build/pip_bolt.riv (161033 bytes, 516ms, 0 errors, 0 warnings)
[13:20:53.179] rive  data: mood = 3
[13:20:53.179] rive  showing Stage3 [1/5]
[13:20:53.180] rive  viewport 240x240 @1x
[13:20:53.187] rive  wrote design/animations/rive/bolt/frames/mp3_sleepy_193.png
[13:20:53.257] rive  compiling 6 markup files as one document: pipstage.rml, shared.rml, stage1.rml, stage2.rml, stage3.rml, stage4.rml
[13:20:53.781] rive  built tools/rive/bolt/build/pip_bolt.riv (161033 bytes, 527ms, 0 errors, 0 warnings)
[13:20:53.783] rive  data: mood = 3
[13:20:53.783] rive  showing Stage3 [1/5]
[13:20:53.784] rive  viewport 240x240 @1x
[13:20:53.791] rive  wrote design/animations/rive/bolt/frames/mp3_sleepy_195.png
[13:20:53.859] rive  compiling 6 markup files as one document: pipstage.rml, shared.rml, stage1.rml, stage2.rml, stage3.rml, stage4.rml
[13:20:54.374] rive  built tools/rive/bolt/build/pip_bolt.riv (161033 bytes, 519ms, 0 errors, 0 warnings)
[13:20:54.376] rive  data: mood = 3
[13:20:54.376] rive  showing Stage3 [1/5]
[13:20:54.377] rive  viewport 240x240 @1x
[13:20:54.384] rive  wrote design/animations/rive/bolt/frames/mp3_sleepy_197.png
[13:20:54.451] rive  compiling 6 markup files as one document: pipstage.rml, shared.rml, stage1.rml, stage2.rml, stage3.rml, stage4.rml
[13:20:54.969] rive  built tools/rive/bolt/build/pip_bolt.riv (161033 bytes, 522ms, 0 errors, 0 warnings)
[13:20:54.972] rive  data: mood = 3
[13:20:54.972] rive  showing Stage3 [1/5]
[13:20:54.973] rive  viewport 240x240 @1x
[13:20:54.980] rive  wrote design/animations/rive/bolt/frames/mp3_sleepy_199.png
[13:20:55.048] rive  compiling 6 markup files as one document: pipstage.rml, shared.rml, stage1.rml, stage2.rml, stage3.rml, stage4.rml
[13:20:55.563] rive  built tools/rive/bolt/build/pip_bolt.riv (161033 bytes, 518ms, 0 errors, 0 warnings)
[13:20:55.565] rive  data: mood = 3
[13:20:55.565] rive  showing Stage3 [1/5]
[13:20:55.566] rive  viewport 240x240 @1x
[13:20:55.573] rive  wrote design/animations/rive/bolt/frames/mp3_sleepy_201.png
[13:20:55.642] rive  compiling 6 markup files as one document: pipstage.rml, shared.rml, stage1.rml, stage2.rml, stage3.rml, stage4.rml
[13:20:56.166] rive  built tools/rive/bolt/build/pip_bolt.riv (161033 bytes, 528ms, 0 errors, 0 warnings)
[13:20:56.168] rive  data: mood = 3
[13:20:56.169] rive  showing Stage3 [1/5]
[13:20:56.170] rive  viewport 240x240 @1x
[13:20:56.177] rive  wrote design/animations/rive/bolt/frames/mp3_sleepy_203.png
[13:20:56.244] rive  compiling 6 markup files as one document: pipstage.rml, shared.rml, stage1.rml, stage2.rml, stage3.rml, stage4.rml
[13:20:56.764] rive  built tools/rive/bolt/build/pip_bolt.riv (161033 bytes, 524ms, 0 errors, 0 warnings)
[13:20:56.766] rive  data: mood = 3
[13:20:56.766] rive  showing Stage3 [1/5]
[13:20:56.768] rive  viewport 240x240 @1x
[13:20:56.775] rive  wrote design/animations/rive/bolt/frames/mp3_sleepy_205.png
[13:20:56.845] rive  compiling 6 markup files as one document: pipstage.rml, shared.rml, stage1.rml, stage2.rml, stage3.rml, stage4.rml
[13:20:57.373] rive  built tools/rive/bolt/build/pip_bolt.riv (161033 bytes, 531ms, 0 errors, 0 warnings)
[13:20:57.375] rive  data: mood = 3
[13:20:57.375] rive  showing Stage3 [1/5]
[13:20:57.376] rive  viewport 240x240 @1x
[13:20:57.384] rive  wrote design/animations/rive/bolt/frames/mp3_sleepy_207.png
[13:20:57.452] rive  compiling 6 markup files as one document: pipstage.rml, shared.rml, stage1.rml, stage2.rml, stage3.rml, stage4.rml
[13:20:57.978] rive  built tools/rive/bolt/build/pip_bolt.riv (161033 bytes, 530ms, 0 errors, 0 warnings)
[13:20:57.980] rive  data: mood = 3
[13:20:57.980] rive  showing Stage3 [1/5]
[13:20:57.981] rive  viewport 240x240 @1x
[13:20:57.988] rive  wrote design/animations/rive/bolt/frames/mp3_sleepy_209.png
[13:20:58.062] rive  compiling 6 markup files as one document: pipstage.rml, shared.rml, stage1.rml, stage2.rml, stage3.rml, stage4.rml
[13:20:58.592] rive  built tools/rive/bolt/build/pip_bolt.riv (161033 bytes, 535ms, 0 errors, 0 warnings)
[13:20:58.594] rive  data: mood = 3
[13:20:58.594] rive  showing Stage3 [1/5]
[13:20:58.595] rive  viewport 240x240 @1x
[13:20:58.602] rive  wrote design/animations/rive/bolt/frames/mp3_sleepy_211.png
[13:20:58.674] rive  compiling 6 markup files as one document: pipstage.rml, shared.rml, stage1.rml, stage2.rml, stage3.rml, stage4.rml
[13:20:59.201] rive  built tools/rive/bolt/build/pip_bolt.riv (161033 bytes, 531ms, 0 errors, 0 warnings)
[13:20:59.203] rive  data: mood = 3
[13:20:59.203] rive  showing Stage3 [1/5]
[13:20:59.204] rive  viewport 240x240 @1x
[13:20:59.212] rive  wrote design/animations/rive/bolt/frames/mp3_sleepy_213.png
[13:20:59.285] rive  compiling 6 markup files as one document: pipstage.rml, shared.rml, stage1.rml, stage2.rml, stage3.rml, stage4.rml
[13:20:59.811] rive  built tools/rive/bolt/build/pip_bolt.riv (161033 bytes, 529ms, 0 errors, 0 warnings)
[13:20:59.813] rive  data: mood = 3
[13:20:59.813] rive  showing Stage3 [1/5]
[13:20:59.814] rive  viewport 240x240 @1x
[13:20:59.821] rive  wrote design/animations/rive/bolt/frames/mp3_sleepy_215.png
[13:20:59.892] rive  compiling 6 markup files as one document: pipstage.rml, shared.rml, stage1.rml, stage2.rml, stage3.rml, stage4.rml
[13:21:00.425] rive  built tools/rive/bolt/build/pip_bolt.riv (161033 bytes, 536ms, 0 errors, 0 warnings)
[13:21:00.427] rive  data: mood = 3
[13:21:00.427] rive  showing Stage3 [1/5]
[13:21:00.428] rive  viewport 240x240 @1x
[13:21:00.436] rive  wrote design/animations/rive/bolt/frames/mp3_sleepy_217.png
[13:21:00.520] rive  compiling 6 markup files as one document: pipstage.rml, shared.rml, stage1.rml, stage2.rml, stage3.rml, stage4.rml
[13:21:01.117] rive  built tools/rive/bolt/build/pip_bolt.riv (161033 bytes, 601ms, 0 errors, 0 warnings)
[13:21:01.119] rive  data: mood = 3
[13:21:01.120] rive  showing Stage3 [1/5]
[13:21:01.121] rive  viewport 240x240 @1x
[13:21:01.129] rive  wrote design/animations/rive/bolt/frames/mp3_sleepy_219.png
[13:21:01.229] rive  compiling 6 markup files as one document: pipstage.rml, shared.rml, stage1.rml, stage2.rml, stage3.rml, stage4.rml
[13:21:01.841] rive  built tools/rive/bolt/build/pip_bolt.riv (161033 bytes, 619ms, 0 errors, 0 warnings)
[13:21:01.844] rive  data: mood = 3
[13:21:01.844] rive  showing Stage3 [1/5]
[13:21:01.845] rive  viewport 240x240 @1x
[13:21:01.864] rive  wrote design/animations/rive/bolt/frames/mp3_sleepy_221.png
[13:21:01.946] rive  compiling 6 markup files as one document: pipstage.rml, shared.rml, stage1.rml, stage2.rml, stage3.rml, stage4.rml
[13:21:02.506] rive  built tools/rive/bolt/build/pip_bolt.riv (161033 bytes, 565ms, 0 errors, 0 warnings)
[13:21:02.508] rive  data: mood = 3
[13:21:02.508] rive  showing Stage3 [1/5]
[13:21:02.509] rive  viewport 240x240 @1x
[13:21:02.662] rive  wrote design/animations/rive/bolt/frames/mp3_sleepy_223.png
[13:21:02.753] rive  compiling 6 markup files as one document: pipstage.rml, shared.rml, stage1.rml, stage2.rml, stage3.rml, stage4.rml
[13:21:03.294] rive  built tools/rive/bolt/build/pip_bolt.riv (161033 bytes, 547ms, 0 errors, 0 warnings)
[13:21:03.296] rive  data: mood = 3
[13:21:03.296] rive  showing Stage3 [1/5]
[13:21:03.297] rive  viewport 240x240 @1x
[13:21:03.326] rive  wrote design/animations/rive/bolt/frames/mp3_sleepy_225.png
[13:21:03.425] rive  compiling 6 markup files as one document: pipstage.rml, shared.rml, stage1.rml, stage2.rml, stage3.rml, stage4.rml
[13:21:03.997] rive  built tools/rive/bolt/build/pip_bolt.riv (161033 bytes, 577ms, 0 errors, 0 warnings)
[13:21:03.999] rive  data: mood = 3
[13:21:03.999] rive  showing Stage3 [1/5]
[13:21:04.000] rive  viewport 240x240 @1x
[13:21:04.030] rive  wrote design/animations/rive/bolt/frames/mp3_sleepy_227.png
[13:21:04.108] rive  compiling 6 markup files as one document: pipstage.rml, shared.rml, stage1.rml, stage2.rml, stage3.rml, stage4.rml
[13:21:04.633] rive  built tools/rive/bolt/build/pip_bolt.riv (161033 bytes, 528ms, 0 errors, 0 warnings)
[13:21:04.635] rive  data: mood = 3
[13:21:04.635] rive  showing Stage3 [1/5]
[13:21:04.636] rive  viewport 240x240 @1x
[13:21:04.644] rive  wrote design/animations/rive/bolt/frames/mp3_sleepy_229.png
[13:21:04.715] rive  compiling 6 markup files as one document: pipstage.rml, shared.rml, stage1.rml, stage2.rml, stage3.rml, stage4.rml
[13:21:05.250] rive  built tools/rive/bolt/build/pip_bolt.riv (161033 bytes, 538ms, 0 errors, 0 warnings)
[13:21:05.252] rive  data: mood = 3
[13:21:05.252] rive  showing Stage3 [1/5]
[13:21:05.254] rive  viewport 240x240 @1x
[13:21:05.264] rive  wrote design/animations/rive/bolt/frames/mp3_sleepy_231.png
[13:21:05.338] rive  compiling 6 markup files as one document: pipstage.rml, shared.rml, stage1.rml, stage2.rml, stage3.rml, stage4.rml
[13:21:05.862] rive  built tools/rive/bolt/build/pip_bolt.riv (161033 bytes, 528ms, 0 errors, 0 warnings)
[13:21:05.864] rive  data: mood = 3
[13:21:05.864] rive  showing Stage3 [1/5]
[13:21:05.865] rive  viewport 240x240 @1x
[13:21:05.874] rive  wrote design/animations/rive/bolt/frames/mp3_sleepy_233.png
[13:21:05.950] rive  compiling 6 markup files as one document: pipstage.rml, shared.rml, stage1.rml, stage2.rml, stage3.rml, stage4.rml
[13:21:06.474] rive  built tools/rive/bolt/build/pip_bolt.riv (161033 bytes, 530ms, 0 errors, 0 warnings)
[13:21:06.476] rive  data: mood = 3
[13:21:06.476] rive  showing Stage3 [1/5]
[13:21:06.477] rive  viewport 240x240 @1x
[13:21:06.486] rive  wrote design/animations/rive/bolt/frames/mp3_sleepy_235.png
[13:21:06.557] rive  compiling 6 markup files as one document: pipstage.rml, shared.rml, stage1.rml, stage2.rml, stage3.rml, stage4.rml
[13:21:07.079] rive  built tools/rive/bolt/build/pip_bolt.riv (161033 bytes, 526ms, 0 errors, 0 warnings)
[13:21:07.081] rive  data: mood = 3
[13:21:07.081] rive  showing Stage3 [1/5]
[13:21:07.082] rive  viewport 240x240 @1x
[13:21:07.091] rive  wrote design/animations/rive/bolt/frames/mp3_sleepy_237.png
[13:21:07.165] rive  compiling 6 markup files as one document: pipstage.rml, shared.rml, stage1.rml, stage2.rml, stage3.rml, stage4.rml
[13:21:07.683] rive  built tools/rive/bolt/build/pip_bolt.riv (161033 bytes, 521ms, 0 errors, 0 warnings)
[13:21:07.685] rive  data: mood = 3
[13:21:07.685] rive  showing Stage3 [1/5]
[13:21:07.686] rive  viewport 240x240 @1x
[13:21:07.693] rive  wrote design/animations/rive/bolt/frames/mp3_sleepy_239.png
[13:21:07.761] rive  compiling 6 markup files as one document: pipstage.rml, shared.rml, stage1.rml, stage2.rml, stage3.rml, stage4.rml
[13:21:08.290] rive  built tools/rive/bolt/build/pip_bolt.riv (161033 bytes, 532ms, 0 errors, 0 warnings)
[13:21:08.292] rive  data: mood = 4
[13:21:08.292] rive  showing Stage3 [1/5]
[13:21:08.292] rive  viewport 240x240 @1x
[13:21:08.299] rive  wrote design/animations/rive/bolt/frames/mp3_surprised_001.png
[13:21:08.374] rive  compiling 6 markup files as one document: pipstage.rml, shared.rml, stage1.rml, stage2.rml, stage3.rml, stage4.rml
[13:21:08.897] rive  built tools/rive/bolt/build/pip_bolt.riv (161033 bytes, 527ms, 0 errors, 0 warnings)
[13:21:08.899] rive  data: mood = 4
[13:21:08.899] rive  showing Stage3 [1/5]
[13:21:08.899] rive  viewport 240x240 @1x
[13:21:08.906] rive  wrote design/animations/rive/bolt/frames/mp3_surprised_003.png
[13:21:08.976] rive  compiling 6 markup files as one document: pipstage.rml, shared.rml, stage1.rml, stage2.rml, stage3.rml, stage4.rml
[13:21:09.492] rive  built tools/rive/bolt/build/pip_bolt.riv (161033 bytes, 520ms, 0 errors, 0 warnings)
[13:21:09.494] rive  data: mood = 4
[13:21:09.494] rive  showing Stage3 [1/5]
[13:21:09.494] rive  viewport 240x240 @1x
[13:21:09.501] rive  wrote design/animations/rive/bolt/frames/mp3_surprised_005.png
[13:21:09.566] rive  compiling 6 markup files as one document: pipstage.rml, shared.rml, stage1.rml, stage2.rml, stage3.rml, stage4.rml
[13:21:10.080] rive  built tools/rive/bolt/build/pip_bolt.riv (161033 bytes, 517ms, 0 errors, 0 warnings)
[13:21:10.082] rive  data: mood = 4
[13:21:10.082] rive  showing Stage3 [1/5]
[13:21:10.082] rive  viewport 240x240 @1x
[13:21:10.089] rive  wrote design/animations/rive/bolt/frames/mp3_surprised_007.png
[13:21:10.159] rive  compiling 6 markup files as one document: pipstage.rml, shared.rml, stage1.rml, stage2.rml, stage3.rml, stage4.rml
[13:21:10.685] rive  built tools/rive/bolt/build/pip_bolt.riv (161033 bytes, 529ms, 0 errors, 0 warnings)
[13:21:10.687] rive  data: mood = 4
[13:21:10.687] rive  showing Stage3 [1/5]
[13:21:10.687] rive  viewport 240x240 @1x
[13:21:10.695] rive  wrote design/animations/rive/bolt/frames/mp3_surprised_009.png
[13:21:10.767] rive  compiling 6 markup files as one document: pipstage.rml, shared.rml, stage1.rml, stage2.rml, stage3.rml, stage4.rml
[13:21:11.278] rive  built tools/rive/bolt/build/pip_bolt.riv (161033 bytes, 516ms, 0 errors, 0 warnings)
[13:21:11.280] rive  data: mood = 4
[13:21:11.280] rive  showing Stage3 [1/5]
[13:21:11.280] rive  viewport 240x240 @1x
[13:21:11.287] rive  wrote design/animations/rive/bolt/frames/mp3_surprised_011.png
[13:21:11.356] rive  compiling 6 markup files as one document: pipstage.rml, shared.rml, stage1.rml, stage2.rml, stage3.rml, stage4.rml
[13:21:11.866] rive  built tools/rive/bolt/build/pip_bolt.riv (161033 bytes, 513ms, 0 errors, 0 warnings)
[13:21:11.868] rive  data: mood = 4
[13:21:11.868] rive  showing Stage3 [1/5]
[13:21:11.868] rive  viewport 240x240 @1x
[13:21:11.875] rive  wrote design/animations/rive/bolt/frames/mp3_surprised_013.png
[13:21:11.949] rive  compiling 6 markup files as one document: pipstage.rml, shared.rml, stage1.rml, stage2.rml, stage3.rml, stage4.rml
[13:21:12.464] rive  built tools/rive/bolt/build/pip_bolt.riv (161033 bytes, 519ms, 0 errors, 0 warnings)
[13:21:12.466] rive  data: mood = 4
[13:21:12.466] rive  showing Stage3 [1/5]
[13:21:12.466] rive  viewport 240x240 @1x
[13:21:12.473] rive  wrote design/animations/rive/bolt/frames/mp3_surprised_015.png
[13:21:12.543] rive  compiling 6 markup files as one document: pipstage.rml, shared.rml, stage1.rml, stage2.rml, stage3.rml, stage4.rml
[13:21:13.060] rive  built tools/rive/bolt/build/pip_bolt.riv (161033 bytes, 521ms, 0 errors, 0 warnings)
[13:21:13.062] rive  data: mood = 4
[13:21:13.062] rive  showing Stage3 [1/5]
[13:21:13.062] rive  viewport 240x240 @1x
[13:21:13.069] rive  wrote design/animations/rive/bolt/frames/mp3_surprised_017.png
[13:21:13.139] rive  compiling 6 markup files as one document: pipstage.rml, shared.rml, stage1.rml, stage2.rml, stage3.rml, stage4.rml
[13:21:13.660] rive  built tools/rive/bolt/build/pip_bolt.riv (161033 bytes, 525ms, 0 errors, 0 warnings)
[13:21:13.662] rive  data: mood = 4
[13:21:13.662] rive  showing Stage3 [1/5]
[13:21:13.662] rive  viewport 240x240 @1x
[13:21:13.669] rive  wrote design/animations/rive/bolt/frames/mp3_surprised_019.png
[13:21:13.740] rive  compiling 6 markup files as one document: pipstage.rml, shared.rml, stage1.rml, stage2.rml, stage3.rml, stage4.rml
[13:21:14.263] rive  built tools/rive/bolt/build/pip_bolt.riv (161033 bytes, 527ms, 0 errors, 0 warnings)
[13:21:14.266] rive  data: mood = 4
[13:21:14.266] rive  showing Stage3 [1/5]
[13:21:14.266] rive  viewport 240x240 @1x
[13:21:14.275] rive  wrote design/animations/rive/bolt/frames/mp3_surprised_021.png
[13:21:14.344] rive  compiling 6 markup files as one document: pipstage.rml, shared.rml, stage1.rml, stage2.rml, stage3.rml, stage4.rml
[13:21:14.865] rive  built tools/rive/bolt/build/pip_bolt.riv (161033 bytes, 525ms, 0 errors, 0 warnings)
[13:21:14.867] rive  data: mood = 4
[13:21:14.867] rive  showing Stage3 [1/5]
[13:21:14.867] rive  viewport 240x240 @1x
[13:21:14.874] rive  wrote design/animations/rive/bolt/frames/mp3_surprised_023.png
[13:21:14.942] rive  compiling 6 markup files as one document: pipstage.rml, shared.rml, stage1.rml, stage2.rml, stage3.rml, stage4.rml
[13:21:15.459] rive  built tools/rive/bolt/build/pip_bolt.riv (161033 bytes, 520ms, 0 errors, 0 warnings)
[13:21:15.462] rive  data: mood = 4
[13:21:15.462] rive  showing Stage3 [1/5]
[13:21:15.462] rive  viewport 240x240 @1x
[13:21:15.469] rive  wrote design/animations/rive/bolt/frames/mp3_surprised_025.png
[13:21:15.539] rive  compiling 6 markup files as one document: pipstage.rml, shared.rml, stage1.rml, stage2.rml, stage3.rml, stage4.rml
[13:21:16.052] rive  built tools/rive/bolt/build/pip_bolt.riv (161033 bytes, 517ms, 0 errors, 0 warnings)
[13:21:16.053] rive  data: mood = 4
[13:21:16.054] rive  showing Stage3 [1/5]
[13:21:16.054] rive  viewport 240x240 @1x
[13:21:16.061] rive  wrote design/animations/rive/bolt/frames/mp3_surprised_027.png
[13:21:16.128] rive  compiling 6 markup files as one document: pipstage.rml, shared.rml, stage1.rml, stage2.rml, stage3.rml, stage4.rml
[13:21:16.649] rive  built tools/rive/bolt/build/pip_bolt.riv (161033 bytes, 526ms, 0 errors, 0 warnings)
[13:21:16.651] rive  data: mood = 4
[13:21:16.651] rive  showing Stage3 [1/5]
[13:21:16.652] rive  viewport 240x240 @1x
[13:21:16.659] rive  wrote design/animations/rive/bolt/frames/mp3_surprised_029.png
[13:21:16.730] rive  compiling 6 markup files as one document: pipstage.rml, shared.rml, stage1.rml, stage2.rml, stage3.rml, stage4.rml
[13:21:17.252] rive  built tools/rive/bolt/build/pip_bolt.riv (161033 bytes, 526ms, 0 errors, 0 warnings)
[13:21:17.256] rive  data: mood = 4
[13:21:17.256] rive  showing Stage3 [1/5]
[13:21:17.256] rive  viewport 240x240 @1x
[13:21:17.265] rive  wrote design/animations/rive/bolt/frames/mp3_surprised_031.png
[13:21:17.343] rive  compiling 6 markup files as one document: pipstage.rml, shared.rml, stage1.rml, stage2.rml, stage3.rml, stage4.rml
[13:21:17.856] rive  built tools/rive/bolt/build/pip_bolt.riv (161033 bytes, 517ms, 0 errors, 0 warnings)
[13:21:17.858] rive  data: mood = 4
[13:21:17.859] rive  showing Stage3 [1/5]
[13:21:17.859] rive  viewport 240x240 @1x
[13:21:17.866] rive  wrote design/animations/rive/bolt/frames/mp3_surprised_033.png
[13:21:17.959] rive  compiling 6 markup files as one document: pipstage.rml, shared.rml, stage1.rml, stage2.rml, stage3.rml, stage4.rml
[13:21:18.489] rive  built tools/rive/bolt/build/pip_bolt.riv (161033 bytes, 536ms, 0 errors, 0 warnings)
[13:21:18.491] rive  data: mood = 4
[13:21:18.491] rive  showing Stage3 [1/5]
[13:21:18.491] rive  viewport 240x240 @1x
[13:21:18.498] rive  wrote design/animations/rive/bolt/frames/mp3_surprised_035.png
[13:21:18.568] rive  compiling 6 markup files as one document: pipstage.rml, shared.rml, stage1.rml, stage2.rml, stage3.rml, stage4.rml
[13:21:19.097] rive  built tools/rive/bolt/build/pip_bolt.riv (161033 bytes, 533ms, 0 errors, 0 warnings)
[13:21:19.099] rive  data: mood = 4
[13:21:19.099] rive  showing Stage3 [1/5]
[13:21:19.099] rive  viewport 240x240 @1x
[13:21:19.107] rive  wrote design/animations/rive/bolt/frames/mp3_surprised_037.png
[13:21:19.181] rive  compiling 6 markup files as one document: pipstage.rml, shared.rml, stage1.rml, stage2.rml, stage3.rml, stage4.rml
[13:21:19.738] rive  built tools/rive/bolt/build/pip_bolt.riv (161033 bytes, 562ms, 0 errors, 0 warnings)
[13:21:19.740] rive  data: mood = 4
[13:21:19.740] rive  showing Stage3 [1/5]
[13:21:19.740] rive  viewport 240x240 @1x
[13:21:19.748] rive  wrote design/animations/rive/bolt/frames/mp3_surprised_039.png
[13:21:19.819] rive  compiling 6 markup files as one document: pipstage.rml, shared.rml, stage1.rml, stage2.rml, stage3.rml, stage4.rml
[13:21:20.364] rive  built tools/rive/bolt/build/pip_bolt.riv (161033 bytes, 550ms, 0 errors, 0 warnings)
[13:21:20.366] rive  data: mood = 4
[13:21:20.366] rive  showing Stage3 [1/5]
[13:21:20.366] rive  viewport 240x240 @1x
[13:21:20.375] rive  wrote design/animations/rive/bolt/frames/mp3_surprised_041.png
[13:21:20.450] rive  compiling 6 markup files as one document: pipstage.rml, shared.rml, stage1.rml, stage2.rml, stage3.rml, stage4.rml
[13:21:21.022] rive  built tools/rive/bolt/build/pip_bolt.riv (161033 bytes, 576ms, 0 errors, 0 warnings)
[13:21:21.024] rive  data: mood = 4
[13:21:21.024] rive  showing Stage3 [1/5]
[13:21:21.024] rive  viewport 240x240 @1x
[13:21:21.033] rive  wrote design/animations/rive/bolt/frames/mp3_surprised_043.png
[13:21:21.113] rive  compiling 6 markup files as one document: pipstage.rml, shared.rml, stage1.rml, stage2.rml, stage3.rml, stage4.rml
[13:21:21.666] rive  built tools/rive/bolt/build/pip_bolt.riv (161033 bytes, 557ms, 0 errors, 0 warnings)
[13:21:21.668] rive  data: mood = 4
[13:21:21.668] rive  showing Stage3 [1/5]
[13:21:21.668] rive  viewport 240x240 @1x
[13:21:21.675] rive  wrote design/animations/rive/bolt/frames/mp3_surprised_045.png
[13:21:21.751] rive  compiling 6 markup files as one document: pipstage.rml, shared.rml, stage1.rml, stage2.rml, stage3.rml, stage4.rml
[13:21:22.282] rive  built tools/rive/bolt/build/pip_bolt.riv (161033 bytes, 535ms, 0 errors, 0 warnings)
[13:21:22.284] rive  data: mood = 4
[13:21:22.284] rive  showing Stage3 [1/5]
[13:21:22.285] rive  viewport 240x240 @1x
[13:21:22.292] rive  wrote design/animations/rive/bolt/frames/mp3_surprised_047.png
[13:21:22.359] rive  compiling 6 markup files as one document: pipstage.rml, shared.rml, stage1.rml, stage2.rml, stage3.rml, stage4.rml
[13:21:22.886] rive  built tools/rive/bolt/build/pip_bolt.riv (161033 bytes, 531ms, 0 errors, 0 warnings)
[13:21:22.888] rive  data: mood = 5
[13:21:22.888] rive  showing Stage3 [1/5]
[13:21:22.888] rive  viewport 240x240 @1x
[13:21:22.896] rive  wrote design/animations/rive/bolt/frames/mp3_proud_001.png
[13:21:22.968] rive  compiling 6 markup files as one document: pipstage.rml, shared.rml, stage1.rml, stage2.rml, stage3.rml, stage4.rml
[13:21:23.514] rive  built tools/rive/bolt/build/pip_bolt.riv (161033 bytes, 551ms, 0 errors, 0 warnings)
[13:21:23.516] rive  data: mood = 5
[13:21:23.516] rive  showing Stage3 [1/5]
[13:21:23.516] rive  viewport 240x240 @1x
[13:21:23.524] rive  wrote design/animations/rive/bolt/frames/mp3_proud_003.png
[13:21:23.597] rive  compiling 6 markup files as one document: pipstage.rml, shared.rml, stage1.rml, stage2.rml, stage3.rml, stage4.rml
[13:21:24.124] rive  built tools/rive/bolt/build/pip_bolt.riv (161033 bytes, 531ms, 0 errors, 0 warnings)
[13:21:24.125] rive  data: mood = 5
[13:21:24.126] rive  showing Stage3 [1/5]
[13:21:24.126] rive  viewport 240x240 @1x
[13:21:24.133] rive  wrote design/animations/rive/bolt/frames/mp3_proud_005.png
[13:21:24.208] rive  compiling 6 markup files as one document: pipstage.rml, shared.rml, stage1.rml, stage2.rml, stage3.rml, stage4.rml
[13:21:24.731] rive  built tools/rive/bolt/build/pip_bolt.riv (161033 bytes, 527ms, 0 errors, 0 warnings)
[13:21:24.733] rive  data: mood = 5
[13:21:24.733] rive  showing Stage3 [1/5]
[13:21:24.733] rive  viewport 240x240 @1x
[13:21:24.740] rive  wrote design/animations/rive/bolt/frames/mp3_proud_007.png
[13:21:24.812] rive  compiling 6 markup files as one document: pipstage.rml, shared.rml, stage1.rml, stage2.rml, stage3.rml, stage4.rml
[13:21:25.337] rive  built tools/rive/bolt/build/pip_bolt.riv (161033 bytes, 528ms, 0 errors, 0 warnings)
[13:21:25.339] rive  data: mood = 5
[13:21:25.339] rive  showing Stage3 [1/5]
[13:21:25.340] rive  viewport 240x240 @1x
[13:21:25.347] rive  wrote design/animations/rive/bolt/frames/mp3_proud_009.png
[13:21:25.417] rive  compiling 6 markup files as one document: pipstage.rml, shared.rml, stage1.rml, stage2.rml, stage3.rml, stage4.rml
[13:21:25.935] rive  built tools/rive/bolt/build/pip_bolt.riv (161033 bytes, 522ms, 0 errors, 0 warnings)
[13:21:25.937] rive  data: mood = 5
[13:21:25.937] rive  showing Stage3 [1/5]
[13:21:25.937] rive  viewport 240x240 @1x
[13:21:25.944] rive  wrote design/animations/rive/bolt/frames/mp3_proud_011.png
[13:21:26.016] rive  compiling 6 markup files as one document: pipstage.rml, shared.rml, stage1.rml, stage2.rml, stage3.rml, stage4.rml
[13:21:26.533] rive  built tools/rive/bolt/build/pip_bolt.riv (161033 bytes, 520ms, 0 errors, 0 warnings)
[13:21:26.535] rive  data: mood = 5
[13:21:26.535] rive  showing Stage3 [1/5]
[13:21:26.535] rive  viewport 240x240 @1x
[13:21:26.543] rive  wrote design/animations/rive/bolt/frames/mp3_proud_013.png
[13:21:26.615] rive  compiling 6 markup files as one document: pipstage.rml, shared.rml, stage1.rml, stage2.rml, stage3.rml, stage4.rml
[13:21:27.145] rive  built tools/rive/bolt/build/pip_bolt.riv (161033 bytes, 533ms, 0 errors, 0 warnings)
[13:21:27.148] rive  data: mood = 5
[13:21:27.148] rive  showing Stage3 [1/5]
[13:21:27.148] rive  viewport 240x240 @1x
[13:21:27.155] rive  wrote design/animations/rive/bolt/frames/mp3_proud_015.png
[13:21:27.223] rive  compiling 6 markup files as one document: pipstage.rml, shared.rml, stage1.rml, stage2.rml, stage3.rml, stage4.rml
[13:21:27.752] rive  built tools/rive/bolt/build/pip_bolt.riv (161033 bytes, 533ms, 0 errors, 0 warnings)
[13:21:27.754] rive  data: mood = 5
[13:21:27.754] rive  showing Stage3 [1/5]
[13:21:27.754] rive  viewport 240x240 @1x
[13:21:27.762] rive  wrote design/animations/rive/bolt/frames/mp3_proud_017.png
[13:21:27.833] rive  compiling 6 markup files as one document: pipstage.rml, shared.rml, stage1.rml, stage2.rml, stage3.rml, stage4.rml
[13:21:28.357] rive  built tools/rive/bolt/build/pip_bolt.riv (161033 bytes, 529ms, 0 errors, 0 warnings)
[13:21:28.360] rive  data: mood = 5
[13:21:28.360] rive  showing Stage3 [1/5]
[13:21:28.360] rive  viewport 240x240 @1x
[13:21:28.367] rive  wrote design/animations/rive/bolt/frames/mp3_proud_019.png
[13:21:28.441] rive  compiling 6 markup files as one document: pipstage.rml, shared.rml, stage1.rml, stage2.rml, stage3.rml, stage4.rml
[13:21:28.972] rive  built tools/rive/bolt/build/pip_bolt.riv (161033 bytes, 534ms, 0 errors, 0 warnings)
[13:21:28.974] rive  data: mood = 5
[13:21:28.974] rive  showing Stage3 [1/5]
[13:21:28.974] rive  viewport 240x240 @1x
[13:21:28.981] rive  wrote design/animations/rive/bolt/frames/mp3_proud_021.png
[13:21:29.049] rive  compiling 6 markup files as one document: pipstage.rml, shared.rml, stage1.rml, stage2.rml, stage3.rml, stage4.rml
[13:21:29.570] rive  built tools/rive/bolt/build/pip_bolt.riv (161033 bytes, 524ms, 0 errors, 0 warnings)
[13:21:29.572] rive  data: mood = 5
[13:21:29.572] rive  showing Stage3 [1/5]
[13:21:29.572] rive  viewport 240x240 @1x
[13:21:29.579] rive  wrote design/animations/rive/bolt/frames/mp3_proud_023.png
[13:21:29.650] rive  compiling 6 markup files as one document: pipstage.rml, shared.rml, stage1.rml, stage2.rml, stage3.rml, stage4.rml
[13:21:30.170] rive  built tools/rive/bolt/build/pip_bolt.riv (161033 bytes, 524ms, 0 errors, 0 warnings)
[13:21:30.172] rive  data: mood = 5
[13:21:30.172] rive  showing Stage3 [1/5]
[13:21:30.173] rive  viewport 240x240 @1x
[13:21:30.180] rive  wrote design/animations/rive/bolt/frames/mp3_proud_025.png
[13:21:30.251] rive  compiling 6 markup files as one document: pipstage.rml, shared.rml, stage1.rml, stage2.rml, stage3.rml, stage4.rml
[13:21:30.773] rive  built tools/rive/bolt/build/pip_bolt.riv (161033 bytes, 525ms, 0 errors, 0 warnings)
[13:21:30.775] rive  data: mood = 5
[13:21:30.775] rive  showing Stage3 [1/5]
[13:21:30.775] rive  viewport 240x240 @1x
[13:21:30.782] rive  wrote design/animations/rive/bolt/frames/mp3_proud_027.png
[13:21:30.850] rive  compiling 6 markup files as one document: pipstage.rml, shared.rml, stage1.rml, stage2.rml, stage3.rml, stage4.rml
[13:21:31.375] rive  built tools/rive/bolt/build/pip_bolt.riv (161033 bytes, 529ms, 0 errors, 0 warnings)
[13:21:31.377] rive  data: mood = 5
[13:21:31.377] rive  showing Stage3 [1/5]
[13:21:31.377] rive  viewport 240x240 @1x
[13:21:31.385] rive  wrote design/animations/rive/bolt/frames/mp3_proud_029.png
[13:21:31.453] rive  compiling 6 markup files as one document: pipstage.rml, shared.rml, stage1.rml, stage2.rml, stage3.rml, stage4.rml
[13:21:31.975] rive  built tools/rive/bolt/build/pip_bolt.riv (161033 bytes, 526ms, 0 errors, 0 warnings)
[13:21:31.977] rive  data: mood = 5
[13:21:31.977] rive  showing Stage3 [1/5]
[13:21:31.977] rive  viewport 240x240 @1x
[13:21:31.985] rive  wrote design/animations/rive/bolt/frames/mp3_proud_031.png
[13:21:32.069] rive  compiling 6 markup files as one document: pipstage.rml, shared.rml, stage1.rml, stage2.rml, stage3.rml, stage4.rml
[13:21:32.605] rive  built tools/rive/bolt/build/pip_bolt.riv (161033 bytes, 541ms, 0 errors, 0 warnings)
[13:21:32.608] rive  data: mood = 5
[13:21:32.608] rive  showing Stage3 [1/5]
[13:21:32.608] rive  viewport 240x240 @1x
[13:21:32.615] rive  wrote design/animations/rive/bolt/frames/mp3_proud_033.png
[13:21:32.690] rive  compiling 6 markup files as one document: pipstage.rml, shared.rml, stage1.rml, stage2.rml, stage3.rml, stage4.rml
[13:21:33.222] rive  built tools/rive/bolt/build/pip_bolt.riv (161033 bytes, 536ms, 0 errors, 0 warnings)
[13:21:33.224] rive  data: mood = 5
[13:21:33.224] rive  showing Stage3 [1/5]
[13:21:33.224] rive  viewport 240x240 @1x
[13:21:33.231] rive  wrote design/animations/rive/bolt/frames/mp3_proud_035.png
[13:21:33.306] rive  compiling 6 markup files as one document: pipstage.rml, shared.rml, stage1.rml, stage2.rml, stage3.rml, stage4.rml
[13:21:33.808] rive  built tools/rive/bolt/build/pip_bolt.riv (161033 bytes, 508ms, 0 errors, 0 warnings)
[13:21:33.810] rive  data: mood = 5
[13:21:33.810] rive  showing Stage3 [1/5]
[13:21:33.811] rive  viewport 240x240 @1x
[13:21:33.818] rive  wrote design/animations/rive/bolt/frames/mp3_proud_037.png
[13:21:33.893] rive  compiling 6 markup files as one document: pipstage.rml, shared.rml, stage1.rml, stage2.rml, stage3.rml, stage4.rml
[13:21:34.409] rive  built tools/rive/bolt/build/pip_bolt.riv (161033 bytes, 521ms, 0 errors, 0 warnings)
[13:21:34.412] rive  data: mood = 5
[13:21:34.412] rive  showing Stage3 [1/5]
[13:21:34.412] rive  viewport 240x240 @1x
[13:21:34.419] rive  wrote design/animations/rive/bolt/frames/mp3_proud_039.png
[13:21:34.491] rive  compiling 6 markup files as one document: pipstage.rml, shared.rml, stage1.rml, stage2.rml, stage3.rml, stage4.rml
[13:21:35.001] rive  built tools/rive/bolt/build/pip_bolt.riv (161033 bytes, 515ms, 0 errors, 0 warnings)
[13:21:35.003] rive  data: mood = 5
[13:21:35.003] rive  showing Stage3 [1/5]
[13:21:35.003] rive  viewport 240x240 @1x
[13:21:35.010] rive  wrote design/animations/rive/bolt/frames/mp3_proud_041.png
[13:21:35.085] rive  compiling 6 markup files as one document: pipstage.rml, shared.rml, stage1.rml, stage2.rml, stage3.rml, stage4.rml
[13:21:35.594] rive  built tools/rive/bolt/build/pip_bolt.riv (161033 bytes, 513ms, 0 errors, 0 warnings)
[13:21:35.597] rive  data: mood = 5
[13:21:35.603] rive  showing Stage3 [1/5]
[13:21:35.603] rive  viewport 240x240 @1x
[13:21:35.611] rive  wrote design/animations/rive/bolt/frames/mp3_proud_043.png
[13:21:35.685] rive  compiling 6 markup files as one document: pipstage.rml, shared.rml, stage1.rml, stage2.rml, stage3.rml, stage4.rml
[13:21:36.181] rive  built tools/rive/bolt/build/pip_bolt.riv (161033 bytes, 501ms, 0 errors, 0 warnings)
[13:21:36.183] rive  data: mood = 5
[13:21:36.184] rive  showing Stage3 [1/5]
[13:21:36.184] rive  viewport 240x240 @1x
[13:21:36.191] rive  wrote design/animations/rive/bolt/frames/mp3_proud_045.png
[13:21:36.259] rive  compiling 6 markup files as one document: pipstage.rml, shared.rml, stage1.rml, stage2.rml, stage3.rml, stage4.rml
[13:21:36.764] rive  built tools/rive/bolt/build/pip_bolt.riv (161033 bytes, 510ms, 0 errors, 0 warnings)
[13:21:36.766] rive  data: mood = 5
[13:21:36.766] rive  showing Stage3 [1/5]
[13:21:36.767] rive  viewport 240x240 @1x
[13:21:36.774] rive  wrote design/animations/rive/bolt/frames/mp3_proud_047.png
[13:21:36.843] rive  compiling 6 markup files as one document: pipstage.rml, shared.rml, stage1.rml, stage2.rml, stage3.rml, stage4.rml
[13:21:37.503] rive  built tools/rive/bolt/build/pip_bolt.riv (161033 bytes, 663ms, 0 errors, 0 warnings)
[13:21:37.505] rive  data: mood = 5
[13:21:37.505] rive  showing Stage3 [1/5]
[13:21:37.505] rive  viewport 240x240 @1x
[13:21:37.512] rive  wrote design/animations/rive/bolt/frames/mp3_proud_049.png
[13:21:37.593] rive  compiling 6 markup files as one document: pipstage.rml, shared.rml, stage1.rml, stage2.rml, stage3.rml, stage4.rml
[13:21:38.108] rive  built tools/rive/bolt/build/pip_bolt.riv (161033 bytes, 520ms, 0 errors, 0 warnings)
[13:21:38.110] rive  data: mood = 5
[13:21:38.110] rive  showing Stage3 [1/5]
[13:21:38.110] rive  viewport 240x240 @1x
[13:21:38.117] rive  wrote design/animations/rive/bolt/frames/mp3_proud_051.png
[13:21:38.192] rive  compiling 6 markup files as one document: pipstage.rml, shared.rml, stage1.rml, stage2.rml, stage3.rml, stage4.rml
[13:21:38.800] rive  built tools/rive/bolt/build/pip_bolt.riv (161033 bytes, 613ms, 0 errors, 0 warnings)
[13:21:38.802] rive  data: mood = 5
[13:21:38.802] rive  showing Stage3 [1/5]
[13:21:38.802] rive  viewport 240x240 @1x
[13:21:38.810] rive  wrote design/animations/rive/bolt/frames/mp3_proud_053.png
[13:21:38.891] rive  compiling 6 markup files as one document: pipstage.rml, shared.rml, stage1.rml, stage2.rml, stage3.rml, stage4.rml
[13:21:39.403] rive  built tools/rive/bolt/build/pip_bolt.riv (161033 bytes, 517ms, 0 errors, 0 warnings)
[13:21:39.405] rive  data: mood = 5
[13:21:39.405] rive  showing Stage3 [1/5]
[13:21:39.406] rive  viewport 240x240 @1x
[13:21:39.413] rive  wrote design/animations/rive/bolt/frames/mp3_proud_055.png
[13:21:39.489] rive  compiling 6 markup files as one document: pipstage.rml, shared.rml, stage1.rml, stage2.rml, stage3.rml, stage4.rml
[13:21:40.007] rive  built tools/rive/bolt/build/pip_bolt.riv (161033 bytes, 522ms, 0 errors, 0 warnings)
[13:21:40.009] rive  data: mood = 5
[13:21:40.009] rive  showing Stage3 [1/5]
[13:21:40.009] rive  viewport 240x240 @1x
[13:21:40.017] rive  wrote design/animations/rive/bolt/frames/mp3_proud_057.png
[13:21:40.088] rive  compiling 6 markup files as one document: pipstage.rml, shared.rml, stage1.rml, stage2.rml, stage3.rml, stage4.rml
[13:21:40.601] rive  built tools/rive/bolt/build/pip_bolt.riv (161033 bytes, 518ms, 0 errors, 0 warnings)
[13:21:40.604] rive  data: mood = 5
[13:21:40.604] rive  showing Stage3 [1/5]
[13:21:40.604] rive  viewport 240x240 @1x
[13:21:40.615] rive  wrote design/animations/rive/bolt/frames/mp3_proud_059.png
[13:21:40.692] rive  compiling 6 markup files as one document: pipstage.rml, shared.rml, stage1.rml, stage2.rml, stage3.rml, stage4.rml
[13:21:41.217] rive  built tools/rive/bolt/build/pip_bolt.riv (161033 bytes, 531ms, 0 errors, 0 warnings)
[13:21:41.219] rive  data: mood = 5
[13:21:41.219] rive  showing Stage3 [1/5]
[13:21:41.219] rive  viewport 240x240 @1x
[13:21:41.226] rive  wrote design/animations/rive/bolt/frames/mp3_proud_061.png
[13:21:41.303] rive  compiling 6 markup files as one document: pipstage.rml, shared.rml, stage1.rml, stage2.rml, stage3.rml, stage4.rml
[13:21:41.822] rive  built tools/rive/bolt/build/pip_bolt.riv (161033 bytes, 525ms, 0 errors, 0 warnings)
[13:21:41.824] rive  data: mood = 5
[13:21:41.825] rive  showing Stage3 [1/5]
[13:21:41.825] rive  viewport 240x240 @1x
[13:21:41.832] rive  wrote design/animations/rive/bolt/frames/mp3_proud_063.png
[13:21:41.900] rive  compiling 6 markup files as one document: pipstage.rml, shared.rml, stage1.rml, stage2.rml, stage3.rml, stage4.rml
[13:21:42.407] rive  built tools/rive/bolt/build/pip_bolt.riv (161033 bytes, 511ms, 0 errors, 0 warnings)
[13:21:42.409] rive  data: mood = 5
[13:21:42.409] rive  showing Stage3 [1/5]
[13:21:42.410] rive  viewport 240x240 @1x
[13:21:42.417] rive  wrote design/animations/rive/bolt/frames/mp3_proud_065.png
[13:21:42.491] rive  compiling 6 markup files as one document: pipstage.rml, shared.rml, stage1.rml, stage2.rml, stage3.rml, stage4.rml
[13:21:43.004] rive  built tools/rive/bolt/build/pip_bolt.riv (161033 bytes, 518ms, 0 errors, 0 warnings)
[13:21:43.006] rive  data: mood = 5
[13:21:43.006] rive  showing Stage3 [1/5]
[13:21:43.006] rive  viewport 240x240 @1x
[13:21:43.013] rive  wrote design/animations/rive/bolt/frames/mp3_proud_067.png
[13:21:43.156] rive  compiling 6 markup files as one document: pipstage.rml, shared.rml, stage1.rml, stage2.rml, stage3.rml, stage4.rml
[13:21:43.718] rive  built tools/rive/bolt/build/pip_bolt.riv (161033 bytes, 572ms, 0 errors, 0 warnings)
[13:21:43.721] rive  data: mood = 5
[13:21:43.721] rive  showing Stage3 [1/5]
[13:21:43.721] rive  viewport 240x240 @1x
[13:21:43.729] rive  wrote design/animations/rive/bolt/frames/mp3_proud_069.png
[13:21:43.802] rive  compiling 6 markup files as one document: pipstage.rml, shared.rml, stage1.rml, stage2.rml, stage3.rml, stage4.rml
[13:21:44.322] rive  built tools/rive/bolt/build/pip_bolt.riv (161033 bytes, 524ms, 0 errors, 0 warnings)
[13:21:44.324] rive  data: mood = 5
[13:21:44.324] rive  showing Stage3 [1/5]
[13:21:44.324] rive  viewport 240x240 @1x
[13:21:44.332] rive  wrote design/animations/rive/bolt/frames/mp3_proud_071.png
[13:21:44.400] rive  compiling 6 markup files as one document: pipstage.rml, shared.rml, stage1.rml, stage2.rml, stage3.rml, stage4.rml
[13:21:44.911] rive  built tools/rive/bolt/build/pip_bolt.riv (161033 bytes, 515ms, 0 errors, 0 warnings)
[13:21:44.913] rive  data: evolve = 1
[13:21:44.914] rive  showing Stage3 [1/5]
[13:21:44.914] rive  viewport 240x240 @1x
[13:21:44.922] rive  wrote design/animations/rive/bolt/frames/mp3_evolve_001.png
[13:21:44.995] rive  compiling 6 markup files as one document: pipstage.rml, shared.rml, stage1.rml, stage2.rml, stage3.rml, stage4.rml
[13:21:45.524] rive  built tools/rive/bolt/build/pip_bolt.riv (161033 bytes, 534ms, 0 errors, 0 warnings)
[13:21:45.527] rive  data: evolve = 1
[13:21:45.527] rive  showing Stage3 [1/5]
[13:21:45.527] rive  viewport 240x240 @1x
[13:21:45.534] rive  wrote design/animations/rive/bolt/frames/mp3_evolve_003.png
[13:21:45.618] rive  compiling 6 markup files as one document: pipstage.rml, shared.rml, stage1.rml, stage2.rml, stage3.rml, stage4.rml
[13:21:46.145] rive  built tools/rive/bolt/build/pip_bolt.riv (161033 bytes, 532ms, 0 errors, 0 warnings)
[13:21:46.147] rive  data: evolve = 1
[13:21:46.147] rive  showing Stage3 [1/5]
[13:21:46.148] rive  viewport 240x240 @1x
[13:21:46.155] rive  wrote design/animations/rive/bolt/frames/mp3_evolve_005.png
[13:21:46.230] rive  compiling 6 markup files as one document: pipstage.rml, shared.rml, stage1.rml, stage2.rml, stage3.rml, stage4.rml
[13:21:46.758] rive  built tools/rive/bolt/build/pip_bolt.riv (161033 bytes, 532ms, 0 errors, 0 warnings)
[13:21:46.760] rive  data: evolve = 1
[13:21:46.760] rive  showing Stage3 [1/5]
[13:21:46.760] rive  viewport 240x240 @1x
[13:21:46.768] rive  wrote design/animations/rive/bolt/frames/mp3_evolve_007.png
[13:21:46.840] rive  compiling 6 markup files as one document: pipstage.rml, shared.rml, stage1.rml, stage2.rml, stage3.rml, stage4.rml
[13:21:47.365] rive  built tools/rive/bolt/build/pip_bolt.riv (161033 bytes, 529ms, 0 errors, 0 warnings)
[13:21:47.368] rive  data: evolve = 1
[13:21:47.368] rive  showing Stage3 [1/5]
[13:21:47.368] rive  viewport 240x240 @1x
[13:21:47.375] rive  wrote design/animations/rive/bolt/frames/mp3_evolve_009.png
[13:21:47.451] rive  compiling 6 markup files as one document: pipstage.rml, shared.rml, stage1.rml, stage2.rml, stage3.rml, stage4.rml
[13:21:47.990] rive  built tools/rive/bolt/build/pip_bolt.riv (161033 bytes, 543ms, 0 errors, 0 warnings)
[13:21:47.992] rive  data: evolve = 1
[13:21:47.992] rive  showing Stage3 [1/5]
[13:21:47.992] rive  viewport 240x240 @1x
[13:21:48.000] rive  wrote design/animations/rive/bolt/frames/mp3_evolve_011.png
[13:21:48.083] rive  compiling 6 markup files as one document: pipstage.rml, shared.rml, stage1.rml, stage2.rml, stage3.rml, stage4.rml
[13:21:48.615] rive  built tools/rive/bolt/build/pip_bolt.riv (161033 bytes, 536ms, 0 errors, 0 warnings)
[13:21:48.617] rive  data: evolve = 1
[13:21:48.617] rive  showing Stage3 [1/5]
[13:21:48.617] rive  viewport 240x240 @1x
[13:21:48.626] rive  wrote design/animations/rive/bolt/frames/mp3_evolve_013.png
[13:21:48.700] rive  compiling 6 markup files as one document: pipstage.rml, shared.rml, stage1.rml, stage2.rml, stage3.rml, stage4.rml
[13:21:49.221] rive  built tools/rive/bolt/build/pip_bolt.riv (161033 bytes, 526ms, 0 errors, 0 warnings)
[13:21:49.223] rive  data: evolve = 1
[13:21:49.224] rive  showing Stage3 [1/5]
[13:21:49.224] rive  viewport 240x240 @1x
[13:21:49.232] rive  wrote design/animations/rive/bolt/frames/mp3_evolve_015.png
[13:21:49.302] rive  compiling 6 markup files as one document: pipstage.rml, shared.rml, stage1.rml, stage2.rml, stage3.rml, stage4.rml
[13:21:49.832] rive  built tools/rive/bolt/build/pip_bolt.riv (161033 bytes, 533ms, 0 errors, 0 warnings)
[13:21:49.833] rive  data: evolve = 1
[13:21:49.834] rive  showing Stage3 [1/5]
[13:21:49.834] rive  viewport 240x240 @1x
[13:21:49.842] rive  wrote design/animations/rive/bolt/frames/mp3_evolve_017.png
[13:21:49.917] rive  compiling 6 markup files as one document: pipstage.rml, shared.rml, stage1.rml, stage2.rml, stage3.rml, stage4.rml
[13:21:50.441] rive  built tools/rive/bolt/build/pip_bolt.riv (161033 bytes, 527ms, 0 errors, 0 warnings)
[13:21:50.443] rive  data: evolve = 1
[13:21:50.443] rive  showing Stage3 [1/5]
[13:21:50.443] rive  viewport 240x240 @1x
[13:21:50.451] rive  wrote design/animations/rive/bolt/frames/mp3_evolve_019.png
[13:21:50.519] rive  compiling 6 markup files as one document: pipstage.rml, shared.rml, stage1.rml, stage2.rml, stage3.rml, stage4.rml
[13:21:51.064] rive  built tools/rive/bolt/build/pip_bolt.riv (161033 bytes, 549ms, 0 errors, 0 warnings)
[13:21:51.066] rive  data: evolve = 1
[13:21:51.066] rive  showing Stage3 [1/5]
[13:21:51.066] rive  viewport 240x240 @1x
[13:21:51.075] rive  wrote design/animations/rive/bolt/frames/mp3_evolve_021.png
[13:21:51.151] rive  compiling 6 markup files as one document: pipstage.rml, shared.rml, stage1.rml, stage2.rml, stage3.rml, stage4.rml
[13:21:51.678] rive  built tools/rive/bolt/build/pip_bolt.riv (161033 bytes, 530ms, 0 errors, 0 warnings)
[13:21:51.681] rive  data: evolve = 1
[13:21:51.681] rive  showing Stage3 [1/5]
[13:21:51.681] rive  viewport 240x240 @1x
[13:21:51.690] rive  wrote design/animations/rive/bolt/frames/mp3_evolve_023.png
[13:21:51.761] rive  compiling 6 markup files as one document: pipstage.rml, shared.rml, stage1.rml, stage2.rml, stage3.rml, stage4.rml
[13:21:52.282] rive  built tools/rive/bolt/build/pip_bolt.riv (161033 bytes, 524ms, 0 errors, 0 warnings)
[13:21:52.284] rive  data: evolve = 1
[13:21:52.284] rive  showing Stage3 [1/5]
[13:21:52.284] rive  viewport 240x240 @1x
[13:21:52.292] rive  wrote design/animations/rive/bolt/frames/mp3_evolve_025.png
[13:21:52.360] rive  compiling 6 markup files as one document: pipstage.rml, shared.rml, stage1.rml, stage2.rml, stage3.rml, stage4.rml
[13:21:52.889] rive  built tools/rive/bolt/build/pip_bolt.riv (161033 bytes, 533ms, 0 errors, 0 warnings)
[13:21:52.891] rive  data: evolve = 1
[13:21:52.891] rive  showing Stage3 [1/5]
[13:21:52.891] rive  viewport 240x240 @1x
[13:21:52.899] rive  wrote design/animations/rive/bolt/frames/mp3_evolve_027.png
[13:21:52.966] rive  compiling 6 markup files as one document: pipstage.rml, shared.rml, stage1.rml, stage2.rml, stage3.rml, stage4.rml
[13:21:53.500] rive  built tools/rive/bolt/build/pip_bolt.riv (161033 bytes, 537ms, 0 errors, 0 warnings)
[13:21:53.502] rive  data: evolve = 1
[13:21:53.502] rive  showing Stage3 [1/5]
[13:21:53.502] rive  viewport 240x240 @1x
[13:21:53.510] rive  wrote design/animations/rive/bolt/frames/mp3_evolve_029.png
[13:21:53.578] rive  compiling 6 markup files as one document: pipstage.rml, shared.rml, stage1.rml, stage2.rml, stage3.rml, stage4.rml
[13:21:54.102] rive  built tools/rive/bolt/build/pip_bolt.riv (161033 bytes, 528ms, 0 errors, 0 warnings)
[13:21:54.104] rive  data: evolve = 1
[13:21:54.104] rive  showing Stage3 [1/5]
[13:21:54.105] rive  viewport 240x240 @1x
[13:21:54.112] rive  wrote design/animations/rive/bolt/frames/mp3_evolve_031.png
[13:21:54.183] rive  compiling 6 markup files as one document: pipstage.rml, shared.rml, stage1.rml, stage2.rml, stage3.rml, stage4.rml
[13:21:54.705] rive  built tools/rive/bolt/build/pip_bolt.riv (161033 bytes, 527ms, 0 errors, 0 warnings)
[13:21:54.707] rive  data: evolve = 1
[13:21:54.707] rive  showing Stage3 [1/5]
[13:21:54.707] rive  viewport 240x240 @1x
[13:21:54.715] rive  wrote design/animations/rive/bolt/frames/mp3_evolve_033.png
[13:21:54.786] rive  compiling 6 markup files as one document: pipstage.rml, shared.rml, stage1.rml, stage2.rml, stage3.rml, stage4.rml
[13:21:55.315] rive  built tools/rive/bolt/build/pip_bolt.riv (161033 bytes, 534ms, 0 errors, 0 warnings)
[13:21:55.317] rive  data: evolve = 1
[13:21:55.317] rive  showing Stage3 [1/5]
[13:21:55.317] rive  viewport 240x240 @1x
[13:21:55.325] rive  wrote design/animations/rive/bolt/frames/mp3_evolve_035.png
[13:21:55.391] rive  compiling 6 markup files as one document: pipstage.rml, shared.rml, stage1.rml, stage2.rml, stage3.rml, stage4.rml
[13:21:55.918] rive  built tools/rive/bolt/build/pip_bolt.riv (161033 bytes, 531ms, 0 errors, 0 warnings)
[13:21:55.920] rive  data: evolve = 1
[13:21:55.921] rive  showing Stage3 [1/5]
[13:21:55.921] rive  viewport 240x240 @1x
[13:21:55.929] rive  wrote design/animations/rive/bolt/frames/mp3_evolve_037.png
[13:21:56.006] rive  compiling 6 markup files as one document: pipstage.rml, shared.rml, stage1.rml, stage2.rml, stage3.rml, stage4.rml
[13:21:56.533] rive  built tools/rive/bolt/build/pip_bolt.riv (161033 bytes, 530ms, 0 errors, 0 warnings)
[13:21:56.535] rive  data: evolve = 1
[13:21:56.535] rive  showing Stage3 [1/5]
[13:21:56.535] rive  viewport 240x240 @1x
[13:21:56.543] rive  wrote design/animations/rive/bolt/frames/mp3_evolve_039.png
[13:21:56.616] rive  compiling 6 markup files as one document: pipstage.rml, shared.rml, stage1.rml, stage2.rml, stage3.rml, stage4.rml
[13:21:57.156] rive  built tools/rive/bolt/build/pip_bolt.riv (161033 bytes, 544ms, 0 errors, 0 warnings)
[13:21:57.158] rive  data: evolve = 1
[13:21:57.158] rive  showing Stage3 [1/5]
[13:21:57.159] rive  viewport 240x240 @1x
[13:21:57.168] rive  wrote design/animations/rive/bolt/frames/mp3_evolve_041.png
[13:21:57.246] rive  compiling 6 markup files as one document: pipstage.rml, shared.rml, stage1.rml, stage2.rml, stage3.rml, stage4.rml
[13:21:57.774] rive  built tools/rive/bolt/build/pip_bolt.riv (161033 bytes, 532ms, 0 errors, 0 warnings)
[13:21:57.776] rive  data: evolve = 1
[13:21:57.776] rive  showing Stage3 [1/5]
[13:21:57.776] rive  viewport 240x240 @1x
[13:21:57.785] rive  wrote design/animations/rive/bolt/frames/mp3_evolve_043.png
[13:21:57.858] rive  compiling 6 markup files as one document: pipstage.rml, shared.rml, stage1.rml, stage2.rml, stage3.rml, stage4.rml
[13:21:58.380] rive  built tools/rive/bolt/build/pip_bolt.riv (161033 bytes, 526ms, 0 errors, 0 warnings)
[13:21:58.382] rive  data: evolve = 1
[13:21:58.382] rive  showing Stage3 [1/5]
[13:21:58.382] rive  viewport 240x240 @1x
[13:21:58.391] rive  wrote design/animations/rive/bolt/frames/mp3_evolve_045.png
[13:21:58.460] rive  compiling 6 markup files as one document: pipstage.rml, shared.rml, stage1.rml, stage2.rml, stage3.rml, stage4.rml
[13:21:58.987] rive  built tools/rive/bolt/build/pip_bolt.riv (161033 bytes, 530ms, 0 errors, 0 warnings)
[13:21:58.989] rive  data: evolve = 1
[13:21:58.989] rive  showing Stage3 [1/5]
[13:21:58.989] rive  viewport 240x240 @1x
[13:21:58.998] rive  wrote design/animations/rive/bolt/frames/mp3_evolve_047.png
[13:21:59.075] rive  compiling 6 markup files as one document: pipstage.rml, shared.rml, stage1.rml, stage2.rml, stage3.rml, stage4.rml
[13:21:59.595] rive  built tools/rive/bolt/build/pip_bolt.riv (161033 bytes, 525ms, 0 errors, 0 warnings)
[13:21:59.598] rive  data: evolve = 1
[13:21:59.598] rive  showing Stage3 [1/5]
[13:21:59.598] rive  viewport 240x240 @1x
[13:21:59.606] rive  wrote design/animations/rive/bolt/frames/mp3_evolve_049.png
[13:21:59.676] rive  compiling 6 markup files as one document: pipstage.rml, shared.rml, stage1.rml, stage2.rml, stage3.rml, stage4.rml
[13:22:00.198] rive  built tools/rive/bolt/build/pip_bolt.riv (161033 bytes, 527ms, 0 errors, 0 warnings)
[13:22:00.200] rive  data: evolve = 1
[13:22:00.200] rive  showing Stage3 [1/5]
[13:22:00.201] rive  viewport 240x240 @1x
[13:22:00.209] rive  wrote design/animations/rive/bolt/frames/mp3_evolve_051.png
[13:22:00.284] rive  compiling 6 markup files as one document: pipstage.rml, shared.rml, stage1.rml, stage2.rml, stage3.rml, stage4.rml
[13:22:00.805] rive  built tools/rive/bolt/build/pip_bolt.riv (161033 bytes, 525ms, 0 errors, 0 warnings)
[13:22:00.807] rive  data: evolve = 1
[13:22:00.807] rive  showing Stage3 [1/5]
[13:22:00.808] rive  viewport 240x240 @1x
[13:22:00.816] rive  wrote design/animations/rive/bolt/frames/mp3_evolve_053.png
[13:22:00.887] rive  compiling 6 markup files as one document: pipstage.rml, shared.rml, stage1.rml, stage2.rml, stage3.rml, stage4.rml
[13:22:01.490] rive  built tools/rive/bolt/build/pip_bolt.riv (161033 bytes, 608ms, 0 errors, 0 warnings)
[13:22:01.493] rive  data: evolve = 1
[13:22:01.493] rive  showing Stage3 [1/5]
[13:22:01.494] rive  viewport 240x240 @1x
[13:22:01.503] rive  wrote design/animations/rive/bolt/frames/mp3_evolve_055.png
[13:22:01.579] rive  compiling 6 markup files as one document: pipstage.rml, shared.rml, stage1.rml, stage2.rml, stage3.rml, stage4.rml
[13:22:02.121] rive  built tools/rive/bolt/build/pip_bolt.riv (161033 bytes, 547ms, 0 errors, 0 warnings)
[13:22:02.124] rive  data: evolve = 1
[13:22:02.124] rive  showing Stage3 [1/5]
[13:22:02.124] rive  viewport 240x240 @1x
[13:22:02.132] rive  wrote design/animations/rive/bolt/frames/mp3_evolve_057.png
[13:22:02.207] rive  compiling 6 markup files as one document: pipstage.rml, shared.rml, stage1.rml, stage2.rml, stage3.rml, stage4.rml
[13:22:02.751] rive  built tools/rive/bolt/build/pip_bolt.riv (161033 bytes, 547ms, 0 errors, 0 warnings)
[13:22:02.753] rive  data: evolve = 1
[13:22:02.753] rive  showing Stage3 [1/5]
[13:22:02.753] rive  viewport 240x240 @1x
[13:22:02.761] rive  wrote design/animations/rive/bolt/frames/mp3_evolve_059.png
[13:22:02.833] rive  compiling 6 markup files as one document: pipstage.rml, shared.rml, stage1.rml, stage2.rml, stage3.rml, stage4.rml
[13:22:03.357] rive  built tools/rive/bolt/build/pip_bolt.riv (161033 bytes, 528ms, 0 errors, 0 warnings)
[13:22:03.359] rive  data: evolve = 1
[13:22:03.359] rive  showing Stage3 [1/5]
[13:22:03.360] rive  viewport 240x240 @1x
[13:22:03.368] rive  wrote design/animations/rive/bolt/frames/mp3_evolve_061.png
[13:22:03.434] rive  compiling 6 markup files as one document: pipstage.rml, shared.rml, stage1.rml, stage2.rml, stage3.rml, stage4.rml
[13:22:03.958] rive  built tools/rive/bolt/build/pip_bolt.riv (161033 bytes, 528ms, 0 errors, 0 warnings)
[13:22:03.960] rive  data: evolve = 1
[13:22:03.960] rive  showing Stage3 [1/5]
[13:22:03.960] rive  viewport 240x240 @1x
[13:22:03.969] rive  wrote design/animations/rive/bolt/frames/mp3_evolve_063.png
[13:22:04.040] rive  compiling 6 markup files as one document: pipstage.rml, shared.rml, stage1.rml, stage2.rml, stage3.rml, stage4.rml
[13:22:04.561] rive  built tools/rive/bolt/build/pip_bolt.riv (161033 bytes, 525ms, 0 errors, 0 warnings)
[13:22:04.563] rive  data: evolve = 1
[13:22:04.563] rive  showing Stage3 [1/5]
[13:22:04.563] rive  viewport 240x240 @1x
[13:22:04.571] rive  wrote design/animations/rive/bolt/frames/mp3_evolve_065.png
[13:22:04.640] rive  compiling 6 markup files as one document: pipstage.rml, shared.rml, stage1.rml, stage2.rml, stage3.rml, stage4.rml
[13:22:05.164] rive  built tools/rive/bolt/build/pip_bolt.riv (161033 bytes, 527ms, 0 errors, 0 warnings)
[13:22:05.166] rive  data: evolve = 1
[13:22:05.166] rive  showing Stage3 [1/5]
[13:22:05.166] rive  viewport 240x240 @1x
[13:22:05.174] rive  wrote design/animations/rive/bolt/frames/mp3_evolve_067.png
[13:22:05.244] rive  compiling 6 markup files as one document: pipstage.rml, shared.rml, stage1.rml, stage2.rml, stage3.rml, stage4.rml
[13:22:05.770] rive  built tools/rive/bolt/build/pip_bolt.riv (161033 bytes, 530ms, 0 errors, 0 warnings)
[13:22:05.772] rive  data: evolve = 1
[13:22:05.772] rive  showing Stage3 [1/5]
[13:22:05.772] rive  viewport 240x240 @1x
[13:22:05.780] rive  wrote design/animations/rive/bolt/frames/mp3_evolve_069.png
[13:22:05.850] rive  compiling 6 markup files as one document: pipstage.rml, shared.rml, stage1.rml, stage2.rml, stage3.rml, stage4.rml
[13:22:06.377] rive  built tools/rive/bolt/build/pip_bolt.riv (161033 bytes, 531ms, 0 errors, 0 warnings)
[13:22:06.379] rive  data: evolve = 1
[13:22:06.379] rive  showing Stage3 [1/5]
[13:22:06.380] rive  viewport 240x240 @1x
[13:22:06.387] rive  wrote design/animations/rive/bolt/frames/mp3_evolve_071.png
[13:22:06.460] rive  compiling 6 markup files as one document: pipstage.rml, shared.rml, stage1.rml, stage2.rml, stage3.rml, stage4.rml
[13:22:06.980] rive  built tools/rive/bolt/build/pip_bolt.riv (161033 bytes, 524ms, 0 errors, 0 warnings)
[13:22:06.982] rive  data: evolve = 1
[13:22:06.982] rive  showing Stage3 [1/5]
[13:22:06.983] rive  viewport 240x240 @1x
[13:22:06.990] rive  wrote design/animations/rive/bolt/frames/mp3_evolve_073.png
[13:22:07.059] rive  compiling 6 markup files as one document: pipstage.rml, shared.rml, stage1.rml, stage2.rml, stage3.rml, stage4.rml
[13:22:07.581] rive  built tools/rive/bolt/build/pip_bolt.riv (161033 bytes, 526ms, 0 errors, 0 warnings)
[13:22:07.583] rive  data: evolve = 1
[13:22:07.583] rive  showing Stage3 [1/5]
[13:22:07.584] rive  viewport 240x240 @1x
[13:22:07.592] rive  wrote design/animations/rive/bolt/frames/mp3_evolve_075.png
[13:22:07.665] rive  compiling 6 markup files as one document: pipstage.rml, shared.rml, stage1.rml, stage2.rml, stage3.rml, stage4.rml
[13:22:08.188] rive  built tools/rive/bolt/build/pip_bolt.riv (161033 bytes, 528ms, 0 errors, 0 warnings)
[13:22:08.190] rive  data: evolve = 1
[13:22:08.190] rive  showing Stage3 [1/5]
[13:22:08.191] rive  viewport 240x240 @1x
[13:22:08.198] rive  wrote design/animations/rive/bolt/frames/mp3_evolve_077.png
[13:22:08.267] rive  compiling 6 markup files as one document: pipstage.rml, shared.rml, stage1.rml, stage2.rml, stage3.rml, stage4.rml
[13:22:08.795] rive  built tools/rive/bolt/build/pip_bolt.riv (161033 bytes, 531ms, 0 errors, 0 warnings)
[13:22:08.797] rive  data: evolve = 1
[13:22:08.797] rive  showing Stage3 [1/5]
[13:22:08.797] rive  viewport 240x240 @1x
[13:22:08.805] rive  wrote design/animations/rive/bolt/frames/mp3_evolve_079.png
[13:22:08.875] rive  compiling 6 markup files as one document: pipstage.rml, shared.rml, stage1.rml, stage2.rml, stage3.rml, stage4.rml
[13:22:09.397] rive  built tools/rive/bolt/build/pip_bolt.riv (161033 bytes, 525ms, 0 errors, 0 warnings)
[13:22:09.399] rive  data: evolve = 1
[13:22:09.399] rive  showing Stage3 [1/5]
[13:22:09.400] rive  viewport 240x240 @1x
[13:22:09.407] rive  wrote design/animations/rive/bolt/frames/mp3_evolve_081.png
[13:22:09.478] rive  compiling 6 markup files as one document: pipstage.rml, shared.rml, stage1.rml, stage2.rml, stage3.rml, stage4.rml
[13:22:10.001] rive  built tools/rive/bolt/build/pip_bolt.riv (161033 bytes, 527ms, 0 errors, 0 warnings)
[13:22:10.002] rive  data: evolve = 1
[13:22:10.003] rive  showing Stage3 [1/5]
[13:22:10.003] rive  viewport 240x240 @1x
[13:22:10.011] rive  wrote design/animations/rive/bolt/frames/mp3_evolve_083.png
[13:22:10.082] rive  compiling 6 markup files as one document: pipstage.rml, shared.rml, stage1.rml, stage2.rml, stage3.rml, stage4.rml
[13:22:10.636] rive  built tools/rive/bolt/build/pip_bolt.riv (161033 bytes, 558ms, 0 errors, 0 warnings)
[13:22:10.639] rive  data: evolve = 1
[13:22:10.639] rive  showing Stage3 [1/5]
[13:22:10.639] rive  viewport 240x240 @1x
[13:22:10.649] rive  wrote design/animations/rive/bolt/frames/mp3_evolve_085.png
[13:22:10.728] rive  compiling 6 markup files as one document: pipstage.rml, shared.rml, stage1.rml, stage2.rml, stage3.rml, stage4.rml
[13:22:11.583] rive  built tools/rive/bolt/build/pip_bolt.riv (161033 bytes, 858ms, 0 errors, 0 warnings)
[13:22:11.585] rive  data: evolve = 1
[13:22:11.585] rive  showing Stage3 [1/5]
[13:22:11.586] rive  viewport 240x240 @1x
[13:22:11.622] rive  wrote design/animations/rive/bolt/frames/mp3_evolve_087.png
[13:22:11.733] rive  compiling 6 markup files as one document: pipstage.rml, shared.rml, stage1.rml, stage2.rml, stage3.rml, stage4.rml
[13:22:12.372] rive  built tools/rive/bolt/build/pip_bolt.riv (161033 bytes, 646ms, 0 errors, 0 warnings)
[13:22:12.374] rive  data: evolve = 1
[13:22:12.374] rive  showing Stage3 [1/5]
[13:22:12.375] rive  viewport 240x240 @1x
[13:22:12.386] rive  wrote design/animations/rive/bolt/frames/mp3_evolve_089.png
[13:22:46.736] rive  compiling 6 markup files as one document: pipstage.rml, shared.rml, stage1.rml, stage2.rml, stage3.rml, stage4.rml
[13:22:47.273] rive  verified (0 bytes, 541ms, 0 errors, 0 warnings)
[13:22:47.305] rive  compiling 6 markup files as one document: pipstage.rml, shared.rml, stage1.rml, stage2.rml, stage3.rml, stage4.rml
[13:22:47.831] rive  built tools/rive/bolt/build/pip_bolt.riv (161033 bytes, 530ms, 0 errors, 0 warnings)
[13:22:47.930] rive  compiling 6 markup files as one document: pipstage.rml, shared.rml, stage1.rml, stage2.rml, stage3.rml, stage4.rml
[13:22:48.448] rive  built tools/rive/bolt/build/pip_bolt.riv (161033 bytes, 522ms, 0 errors, 0 warnings)
[13:22:48.451] rive  data: mood = 5
[13:22:48.452] rive  showing Stage1 [3/5]
[13:22:48.453] rive  viewport 240x240 @1x
[13:22:48.476] rive  wrote design/animations/rive/bolt/frames/s1_proud_0.png
[13:22:48.561] rive  compiling 6 markup files as one document: pipstage.rml, shared.rml, stage1.rml, stage2.rml, stage3.rml, stage4.rml
[13:22:49.086] rive  built tools/rive/bolt/build/pip_bolt.riv (161033 bytes, 529ms, 0 errors, 0 warnings)
[13:22:49.089] rive  data: mood = 5
[13:22:49.089] rive  showing Stage1 [3/5]
[13:22:49.089] rive  viewport 240x240 @1x
[13:22:49.097] rive  wrote design/animations/rive/bolt/frames/s1_proud_1.png
[13:22:49.166] rive  compiling 6 markup files as one document: pipstage.rml, shared.rml, stage1.rml, stage2.rml, stage3.rml, stage4.rml
[13:22:49.699] rive  built tools/rive/bolt/build/pip_bolt.riv (161033 bytes, 537ms, 0 errors, 0 warnings)
[13:22:49.702] rive  data: mood = 5
[13:22:49.702] rive  showing Stage1 [3/5]
[13:22:49.702] rive  viewport 240x240 @1x
[13:22:49.719] rive  wrote design/animations/rive/bolt/frames/s1_proud_2.png
[13:22:49.797] rive  compiling 6 markup files as one document: pipstage.rml, shared.rml, stage1.rml, stage2.rml, stage3.rml, stage4.rml
[13:22:50.321] rive  built tools/rive/bolt/build/pip_bolt.riv (161033 bytes, 528ms, 0 errors, 0 warnings)
[13:22:50.323] rive  data: mood = 5
[13:22:50.323] rive  showing Stage1 [3/5]
[13:22:50.323] rive  viewport 240x240 @1x
[13:22:50.337] rive  wrote design/animations/rive/bolt/frames/s1_proud_3.png
[13:22:50.406] rive  compiling 6 markup files as one document: pipstage.rml, shared.rml, stage1.rml, stage2.rml, stage3.rml, stage4.rml
[13:22:50.955] rive  built tools/rive/bolt/build/pip_bolt.riv (161033 bytes, 553ms, 0 errors, 0 warnings)
[13:22:50.957] rive  data: mood = 5
[13:22:50.957] rive  showing Stage1 [3/5]
[13:22:50.958] rive  viewport 240x240 @1x
[13:22:50.970] rive  wrote design/animations/rive/bolt/frames/s1_proud_4.png
[13:22:51.044] rive  compiling 6 markup files as one document: pipstage.rml, shared.rml, stage1.rml, stage2.rml, stage3.rml, stage4.rml
[13:22:51.570] rive  built tools/rive/bolt/build/pip_bolt.riv (161033 bytes, 530ms, 0 errors, 0 warnings)
[13:22:51.572] rive  data: mood = 5
[13:22:51.572] rive  showing Stage1 [3/5]
[13:22:51.572] rive  viewport 240x240 @1x
[13:22:51.583] rive  wrote design/animations/rive/bolt/frames/s1_proud_5.png
[13:22:51.655] rive  compiling 6 markup files as one document: pipstage.rml, shared.rml, stage1.rml, stage2.rml, stage3.rml, stage4.rml
[13:22:52.185] rive  built tools/rive/bolt/build/pip_bolt.riv (161033 bytes, 534ms, 0 errors, 0 warnings)
[13:22:52.187] rive  data: mood = 5
[13:22:52.187] rive  showing Stage1 [3/5]
[13:22:52.188] rive  viewport 240x240 @1x
[13:22:52.196] rive  wrote design/animations/rive/bolt/frames/s1_proud_6.png
[13:22:52.269] rive  compiling 6 markup files as one document: pipstage.rml, shared.rml, stage1.rml, stage2.rml, stage3.rml, stage4.rml
[13:22:52.802] rive  built tools/rive/bolt/build/pip_bolt.riv (161033 bytes, 536ms, 0 errors, 0 warnings)
[13:22:52.804] rive  data: mood = 5
[13:22:52.804] rive  showing Stage2 [4/5]
[13:22:52.804] rive  viewport 240x240 @1x
[13:22:52.812] rive  wrote design/animations/rive/bolt/frames/s2_proud_0.png
[13:22:52.888] rive  compiling 6 markup files as one document: pipstage.rml, shared.rml, stage1.rml, stage2.rml, stage3.rml, stage4.rml
[13:22:53.416] rive  built tools/rive/bolt/build/pip_bolt.riv (161033 bytes, 532ms, 0 errors, 0 warnings)
[13:22:53.418] rive  data: mood = 5
[13:22:53.419] rive  showing Stage2 [4/5]
[13:22:53.419] rive  viewport 240x240 @1x
[13:22:53.428] rive  wrote design/animations/rive/bolt/frames/s2_proud_1.png
[13:22:53.519] rive  compiling 6 markup files as one document: pipstage.rml, shared.rml, stage1.rml, stage2.rml, stage3.rml, stage4.rml
[13:22:54.060] rive  built tools/rive/bolt/build/pip_bolt.riv (161033 bytes, 547ms, 0 errors, 0 warnings)
[13:22:54.063] rive  data: mood = 5
[13:22:54.063] rive  showing Stage2 [4/5]
[13:22:54.063] rive  viewport 240x240 @1x
[13:22:54.071] rive  wrote design/animations/rive/bolt/frames/s2_proud_2.png
[13:22:54.140] rive  compiling 6 markup files as one document: pipstage.rml, shared.rml, stage1.rml, stage2.rml, stage3.rml, stage4.rml
[13:22:54.687] rive  built tools/rive/bolt/build/pip_bolt.riv (161033 bytes, 552ms, 0 errors, 0 warnings)
[13:22:54.689] rive  data: mood = 5
[13:22:54.689] rive  showing Stage2 [4/5]
[13:22:54.689] rive  viewport 240x240 @1x
[13:22:54.698] rive  wrote design/animations/rive/bolt/frames/s2_proud_3.png
[13:22:54.770] rive  compiling 6 markup files as one document: pipstage.rml, shared.rml, stage1.rml, stage2.rml, stage3.rml, stage4.rml
[13:22:55.296] rive  built tools/rive/bolt/build/pip_bolt.riv (161033 bytes, 530ms, 0 errors, 0 warnings)
[13:22:55.298] rive  data: mood = 5
[13:22:55.298] rive  showing Stage2 [4/5]
[13:22:55.298] rive  viewport 240x240 @1x
[13:22:55.307] rive  wrote design/animations/rive/bolt/frames/s2_proud_4.png
[13:22:55.378] rive  compiling 6 markup files as one document: pipstage.rml, shared.rml, stage1.rml, stage2.rml, stage3.rml, stage4.rml
[13:22:55.904] rive  built tools/rive/bolt/build/pip_bolt.riv (161033 bytes, 530ms, 0 errors, 0 warnings)
[13:22:55.906] rive  data: mood = 5
[13:22:55.906] rive  showing Stage2 [4/5]
[13:22:55.906] rive  viewport 240x240 @1x
[13:22:55.914] rive  wrote design/animations/rive/bolt/frames/s2_proud_5.png
[13:22:55.984] rive  compiling 6 markup files as one document: pipstage.rml, shared.rml, stage1.rml, stage2.rml, stage3.rml, stage4.rml
[13:22:56.498] rive  built tools/rive/bolt/build/pip_bolt.riv (161033 bytes, 517ms, 0 errors, 0 warnings)
[13:22:56.500] rive  data: mood = 5
[13:22:56.500] rive  showing Stage2 [4/5]
[13:22:56.500] rive  viewport 240x240 @1x
[13:22:56.510] rive  wrote design/animations/rive/bolt/frames/s2_proud_6.png
[13:22:56.578] rive  compiling 6 markup files as one document: pipstage.rml, shared.rml, stage1.rml, stage2.rml, stage3.rml, stage4.rml
[13:22:57.098] rive  built tools/rive/bolt/build/pip_bolt.riv (161033 bytes, 523ms, 0 errors, 0 warnings)
[13:22:57.100] rive  data: mood = 5
[13:22:57.100] rive  showing Stage3 [1/5]
[13:22:57.100] rive  viewport 240x240 @1x
[13:22:57.108] rive  wrote design/animations/rive/bolt/frames/s3_proud_0.png
[13:22:57.179] rive  compiling 6 markup files as one document: pipstage.rml, shared.rml, stage1.rml, stage2.rml, stage3.rml, stage4.rml
[13:22:57.706] rive  built tools/rive/bolt/build/pip_bolt.riv (161033 bytes, 531ms, 0 errors, 0 warnings)
[13:22:57.708] rive  data: mood = 5
[13:22:57.708] rive  showing Stage3 [1/5]
[13:22:57.708] rive  viewport 240x240 @1x
[13:22:57.716] rive  wrote design/animations/rive/bolt/frames/s3_proud_1.png
[13:22:57.786] rive  compiling 6 markup files as one document: pipstage.rml, shared.rml, stage1.rml, stage2.rml, stage3.rml, stage4.rml
[13:22:58.317] rive  built tools/rive/bolt/build/pip_bolt.riv (161033 bytes, 535ms, 0 errors, 0 warnings)
[13:22:58.319] rive  data: mood = 5
[13:22:58.319] rive  showing Stage3 [1/5]
[13:22:58.319] rive  viewport 240x240 @1x
[13:22:58.327] rive  wrote design/animations/rive/bolt/frames/s3_proud_2.png
[13:22:58.395] rive  compiling 6 markup files as one document: pipstage.rml, shared.rml, stage1.rml, stage2.rml, stage3.rml, stage4.rml
[13:22:58.916] rive  built tools/rive/bolt/build/pip_bolt.riv (161033 bytes, 524ms, 0 errors, 0 warnings)
[13:22:58.918] rive  data: mood = 5
[13:22:58.918] rive  showing Stage3 [1/5]
[13:22:58.919] rive  viewport 240x240 @1x
[13:22:58.927] rive  wrote design/animations/rive/bolt/frames/s3_proud_3.png
[13:22:58.994] rive  compiling 6 markup files as one document: pipstage.rml, shared.rml, stage1.rml, stage2.rml, stage3.rml, stage4.rml
[13:22:59.514] rive  built tools/rive/bolt/build/pip_bolt.riv (161033 bytes, 523ms, 0 errors, 0 warnings)
[13:22:59.516] rive  data: mood = 5
[13:22:59.516] rive  showing Stage3 [1/5]
[13:22:59.517] rive  viewport 240x240 @1x
[13:22:59.525] rive  wrote design/animations/rive/bolt/frames/s3_proud_4.png
[13:22:59.594] rive  compiling 6 markup files as one document: pipstage.rml, shared.rml, stage1.rml, stage2.rml, stage3.rml, stage4.rml
[13:23:00.119] rive  built tools/rive/bolt/build/pip_bolt.riv (161033 bytes, 529ms, 0 errors, 0 warnings)
[13:23:00.122] rive  data: mood = 5
[13:23:00.122] rive  showing Stage3 [1/5]
[13:23:00.122] rive  viewport 240x240 @1x
[13:23:00.148] rive  wrote design/animations/rive/bolt/frames/s3_proud_5.png
[13:23:00.218] rive  compiling 6 markup files as one document: pipstage.rml, shared.rml, stage1.rml, stage2.rml, stage3.rml, stage4.rml
[13:23:00.741] rive  built tools/rive/bolt/build/pip_bolt.riv (161033 bytes, 526ms, 0 errors, 0 warnings)
[13:23:00.743] rive  data: mood = 5
[13:23:00.743] rive  showing Stage3 [1/5]
[13:23:00.744] rive  viewport 240x240 @1x
[13:23:00.752] rive  wrote design/animations/rive/bolt/frames/s3_proud_6.png
[13:23:00.820] rive  compiling 6 markup files as one document: pipstage.rml, shared.rml, stage1.rml, stage2.rml, stage3.rml, stage4.rml
[13:23:01.385] rive  built tools/rive/bolt/build/pip_bolt.riv (161033 bytes, 568ms, 0 errors, 0 warnings)
[13:23:01.387] rive  data: mood = 5
[13:23:01.387] rive  showing Stage4 [5/5]
[13:23:01.387] rive  viewport 240x240 @1x
[13:23:01.415] rive  wrote design/animations/rive/bolt/frames/s4_proud_0.png
[13:23:01.488] rive  compiling 6 markup files as one document: pipstage.rml, shared.rml, stage1.rml, stage2.rml, stage3.rml, stage4.rml
[13:23:02.012] rive  built tools/rive/bolt/build/pip_bolt.riv (161033 bytes, 528ms, 0 errors, 0 warnings)
[13:23:02.015] rive  data: mood = 5
[13:23:02.015] rive  showing Stage4 [5/5]
[13:23:02.015] rive  viewport 240x240 @1x
[13:23:02.023] rive  wrote design/animations/rive/bolt/frames/s4_proud_1.png
[13:23:02.096] rive  compiling 6 markup files as one document: pipstage.rml, shared.rml, stage1.rml, stage2.rml, stage3.rml, stage4.rml
[13:23:02.628] rive  built tools/rive/bolt/build/pip_bolt.riv (161033 bytes, 536ms, 0 errors, 0 warnings)
[13:23:02.630] rive  data: mood = 5
[13:23:02.630] rive  showing Stage4 [5/5]
[13:23:02.630] rive  viewport 240x240 @1x
[13:23:02.663] rive  wrote design/animations/rive/bolt/frames/s4_proud_2.png
[13:23:02.737] rive  compiling 6 markup files as one document: pipstage.rml, shared.rml, stage1.rml, stage2.rml, stage3.rml, stage4.rml
[13:23:03.261] rive  built tools/rive/bolt/build/pip_bolt.riv (161033 bytes, 528ms, 0 errors, 0 warnings)
[13:23:03.263] rive  data: mood = 5
[13:23:03.263] rive  showing Stage4 [5/5]
[13:23:03.263] rive  viewport 240x240 @1x
[13:23:03.272] rive  wrote design/animations/rive/bolt/frames/s4_proud_3.png
[13:23:03.340] rive  compiling 6 markup files as one document: pipstage.rml, shared.rml, stage1.rml, stage2.rml, stage3.rml, stage4.rml
[13:23:03.909] rive  built tools/rive/bolt/build/pip_bolt.riv (161033 bytes, 573ms, 0 errors, 0 warnings)
[13:23:03.912] rive  data: mood = 5
[13:23:03.912] rive  showing Stage4 [5/5]
[13:23:03.912] rive  viewport 240x240 @1x
[13:23:03.926] rive  wrote design/animations/rive/bolt/frames/s4_proud_4.png
[13:23:04.011] rive  compiling 6 markup files as one document: pipstage.rml, shared.rml, stage1.rml, stage2.rml, stage3.rml, stage4.rml
[13:23:04.541] rive  built tools/rive/bolt/build/pip_bolt.riv (161033 bytes, 535ms, 0 errors, 0 warnings)
[13:23:04.543] rive  data: mood = 5
[13:23:04.543] rive  showing Stage4 [5/5]
[13:23:04.543] rive  viewport 240x240 @1x
[13:23:04.551] rive  wrote design/animations/rive/bolt/frames/s4_proud_5.png
[13:23:04.618] rive  compiling 6 markup files as one document: pipstage.rml, shared.rml, stage1.rml, stage2.rml, stage3.rml, stage4.rml
[13:23:05.152] rive  built tools/rive/bolt/build/pip_bolt.riv (161033 bytes, 538ms, 0 errors, 0 warnings)
[13:23:05.155] rive  data: mood = 5
[13:23:05.155] rive  showing Stage4 [5/5]
[13:23:05.155] rive  viewport 240x240 @1x
[13:23:05.165] rive  wrote design/animations/rive/bolt/frames/s4_proud_6.png
[13:23:19.209] rive  compiling 6 markup files as one document: pipstage.rml, shared.rml, stage1.rml, stage2.rml, stage3.rml, stage4.rml
[13:23:19.734] rive  built tools/rive/bolt/build/pip_bolt.riv (161033 bytes, 533ms, 0 errors, 0 warnings)
[13:23:19.736] rive  data: mood = 5
[13:23:19.737] rive  showing Stage3 [1/5]
[13:23:19.737] rive  viewport 240x240 @1x
[13:23:19.757] rive  wrote design/animations/rive/bolt/frames/mp3_proud_001.png
[13:23:19.829] rive  compiling 6 markup files as one document: pipstage.rml, shared.rml, stage1.rml, stage2.rml, stage3.rml, stage4.rml
[13:23:20.345] rive  built tools/rive/bolt/build/pip_bolt.riv (161033 bytes, 520ms, 0 errors, 0 warnings)
[13:23:20.346] rive  data: mood = 5
[13:23:20.347] rive  showing Stage3 [1/5]
[13:23:20.347] rive  viewport 240x240 @1x
[13:23:20.356] rive  wrote design/animations/rive/bolt/frames/mp3_proud_003.png
[13:23:20.428] rive  compiling 6 markup files as one document: pipstage.rml, shared.rml, stage1.rml, stage2.rml, stage3.rml, stage4.rml
[13:23:20.960] rive  built tools/rive/bolt/build/pip_bolt.riv (161033 bytes, 535ms, 0 errors, 0 warnings)
[13:23:20.962] rive  data: mood = 5
[13:23:20.962] rive  showing Stage3 [1/5]
[13:23:20.962] rive  viewport 240x240 @1x
[13:23:20.970] rive  wrote design/animations/rive/bolt/frames/mp3_proud_005.png
[13:23:21.047] rive  compiling 6 markup files as one document: pipstage.rml, shared.rml, stage1.rml, stage2.rml, stage3.rml, stage4.rml
[13:23:21.660] rive  built tools/rive/bolt/build/pip_bolt.riv (161033 bytes, 617ms, 0 errors, 0 warnings)
[13:23:21.662] rive  data: mood = 5
[13:23:21.663] rive  showing Stage3 [1/5]
[13:23:21.663] rive  viewport 240x240 @1x
[13:23:21.789] rive  wrote design/animations/rive/bolt/frames/mp3_proud_007.png
[13:23:21.872] rive  compiling 6 markup files as one document: pipstage.rml, shared.rml, stage1.rml, stage2.rml, stage3.rml, stage4.rml
[13:23:22.402] rive  built tools/rive/bolt/build/pip_bolt.riv (161033 bytes, 535ms, 0 errors, 0 warnings)
[13:23:22.404] rive  data: mood = 5
[13:23:22.404] rive  showing Stage3 [1/5]
[13:23:22.404] rive  viewport 240x240 @1x
[13:23:22.417] rive  wrote design/animations/rive/bolt/frames/mp3_proud_009.png
[13:23:22.496] rive  compiling 6 markup files as one document: pipstage.rml, shared.rml, stage1.rml, stage2.rml, stage3.rml, stage4.rml
[13:23:23.023] rive  built tools/rive/bolt/build/pip_bolt.riv (161033 bytes, 531ms, 0 errors, 0 warnings)
[13:23:23.025] rive  data: mood = 5
[13:23:23.025] rive  showing Stage3 [1/5]
[13:23:23.025] rive  viewport 240x240 @1x
[13:23:23.033] rive  wrote design/animations/rive/bolt/frames/mp3_proud_011.png
[13:23:23.106] rive  compiling 6 markup files as one document: pipstage.rml, shared.rml, stage1.rml, stage2.rml, stage3.rml, stage4.rml
[13:23:23.648] rive  built tools/rive/bolt/build/pip_bolt.riv (161033 bytes, 546ms, 0 errors, 0 warnings)
[13:23:23.651] rive  data: mood = 5
[13:23:23.651] rive  showing Stage3 [1/5]
[13:23:23.652] rive  viewport 240x240 @1x
[13:23:23.695] rive  wrote design/animations/rive/bolt/frames/mp3_proud_013.png
[13:23:23.779] rive  compiling 6 markup files as one document: pipstage.rml, shared.rml, stage1.rml, stage2.rml, stage3.rml, stage4.rml
[13:23:24.313] rive  built tools/rive/bolt/build/pip_bolt.riv (161033 bytes, 538ms, 0 errors, 0 warnings)
[13:23:24.315] rive  data: mood = 5
[13:23:24.315] rive  showing Stage3 [1/5]
[13:23:24.315] rive  viewport 240x240 @1x
[13:23:24.327] rive  wrote design/animations/rive/bolt/frames/mp3_proud_015.png
[13:23:24.401] rive  compiling 6 markup files as one document: pipstage.rml, shared.rml, stage1.rml, stage2.rml, stage3.rml, stage4.rml
[13:23:24.918] rive  built tools/rive/bolt/build/pip_bolt.riv (161033 bytes, 521ms, 0 errors, 0 warnings)
[13:23:24.920] rive  data: mood = 5
[13:23:24.920] rive  showing Stage3 [1/5]
[13:23:24.920] rive  viewport 240x240 @1x
[13:23:24.947] rive  wrote design/animations/rive/bolt/frames/mp3_proud_017.png
[13:23:25.019] rive  compiling 6 markup files as one document: pipstage.rml, shared.rml, stage1.rml, stage2.rml, stage3.rml, stage4.rml
[13:23:25.548] rive  built tools/rive/bolt/build/pip_bolt.riv (161033 bytes, 533ms, 0 errors, 0 warnings)
[13:23:25.550] rive  data: mood = 5
[13:23:25.550] rive  showing Stage3 [1/5]
[13:23:25.551] rive  viewport 240x240 @1x
[13:23:25.558] rive  wrote design/animations/rive/bolt/frames/mp3_proud_019.png
[13:23:25.627] rive  compiling 6 markup files as one document: pipstage.rml, shared.rml, stage1.rml, stage2.rml, stage3.rml, stage4.rml
[13:23:26.145] rive  built tools/rive/bolt/build/pip_bolt.riv (161033 bytes, 522ms, 0 errors, 0 warnings)
[13:23:26.147] rive  data: mood = 5
[13:23:26.147] rive  showing Stage3 [1/5]
[13:23:26.147] rive  viewport 240x240 @1x
[13:23:26.158] rive  wrote design/animations/rive/bolt/frames/mp3_proud_021.png
[13:23:26.234] rive  compiling 6 markup files as one document: pipstage.rml, shared.rml, stage1.rml, stage2.rml, stage3.rml, stage4.rml
[13:23:26.765] rive  built tools/rive/bolt/build/pip_bolt.riv (161033 bytes, 535ms, 0 errors, 0 warnings)
[13:23:26.768] rive  data: mood = 5
[13:23:26.768] rive  showing Stage3 [1/5]
[13:23:26.768] rive  viewport 240x240 @1x
[13:23:26.776] rive  wrote design/animations/rive/bolt/frames/mp3_proud_023.png
[13:23:26.845] rive  compiling 6 markup files as one document: pipstage.rml, shared.rml, stage1.rml, stage2.rml, stage3.rml, stage4.rml
[13:23:27.367] rive  built tools/rive/bolt/build/pip_bolt.riv (161033 bytes, 525ms, 0 errors, 0 warnings)
[13:23:27.369] rive  data: mood = 5
[13:23:27.369] rive  showing Stage3 [1/5]
[13:23:27.369] rive  viewport 240x240 @1x
[13:23:27.377] rive  wrote design/animations/rive/bolt/frames/mp3_proud_025.png
[13:23:27.444] rive  compiling 6 markup files as one document: pipstage.rml, shared.rml, stage1.rml, stage2.rml, stage3.rml, stage4.rml
[13:23:27.968] rive  built tools/rive/bolt/build/pip_bolt.riv (161033 bytes, 528ms, 0 errors, 0 warnings)
[13:23:27.970] rive  data: mood = 5
[13:23:27.970] rive  showing Stage3 [1/5]
[13:23:27.971] rive  viewport 240x240 @1x
[13:23:27.979] rive  wrote design/animations/rive/bolt/frames/mp3_proud_027.png
[13:23:28.050] rive  compiling 6 markup files as one document: pipstage.rml, shared.rml, stage1.rml, stage2.rml, stage3.rml, stage4.rml
[13:23:28.571] rive  built tools/rive/bolt/build/pip_bolt.riv (161033 bytes, 524ms, 0 errors, 0 warnings)
[13:23:28.573] rive  data: mood = 5
[13:23:28.573] rive  showing Stage3 [1/5]
[13:23:28.573] rive  viewport 240x240 @1x
[13:23:28.581] rive  wrote design/animations/rive/bolt/frames/mp3_proud_029.png
[13:23:28.649] rive  compiling 6 markup files as one document: pipstage.rml, shared.rml, stage1.rml, stage2.rml, stage3.rml, stage4.rml
[13:23:29.180] rive  built tools/rive/bolt/build/pip_bolt.riv (161033 bytes, 535ms, 0 errors, 0 warnings)
[13:23:29.182] rive  data: mood = 5
[13:23:29.182] rive  showing Stage3 [1/5]
[13:23:29.182] rive  viewport 240x240 @1x
[13:23:29.191] rive  wrote design/animations/rive/bolt/frames/mp3_proud_031.png
[13:23:29.259] rive  compiling 6 markup files as one document: pipstage.rml, shared.rml, stage1.rml, stage2.rml, stage3.rml, stage4.rml
[13:23:29.786] rive  built tools/rive/bolt/build/pip_bolt.riv (161033 bytes, 531ms, 0 errors, 0 warnings)
[13:23:29.788] rive  data: mood = 5
[13:23:29.788] rive  showing Stage3 [1/5]
[13:23:29.789] rive  viewport 240x240 @1x
[13:23:29.797] rive  wrote design/animations/rive/bolt/frames/mp3_proud_033.png
[13:23:29.866] rive  compiling 6 markup files as one document: pipstage.rml, shared.rml, stage1.rml, stage2.rml, stage3.rml, stage4.rml
[13:23:30.412] rive  built tools/rive/bolt/build/pip_bolt.riv (161033 bytes, 549ms, 0 errors, 0 warnings)
[13:23:30.414] rive  data: mood = 5
[13:23:30.414] rive  showing Stage3 [1/5]
[13:23:30.414] rive  viewport 240x240 @1x
[13:23:30.422] rive  wrote design/animations/rive/bolt/frames/mp3_proud_035.png
[13:23:30.494] rive  compiling 6 markup files as one document: pipstage.rml, shared.rml, stage1.rml, stage2.rml, stage3.rml, stage4.rml
[13:23:31.043] rive  built tools/rive/bolt/build/pip_bolt.riv (161033 bytes, 553ms, 0 errors, 0 warnings)
[13:23:31.045] rive  data: mood = 5
[13:23:31.045] rive  showing Stage3 [1/5]
[13:23:31.046] rive  viewport 240x240 @1x
[13:23:31.053] rive  wrote design/animations/rive/bolt/frames/mp3_proud_037.png
[13:23:31.127] rive  compiling 6 markup files as one document: pipstage.rml, shared.rml, stage1.rml, stage2.rml, stage3.rml, stage4.rml
[13:23:31.653] rive  built tools/rive/bolt/build/pip_bolt.riv (161033 bytes, 530ms, 0 errors, 0 warnings)
[13:23:31.655] rive  data: mood = 5
[13:23:31.655] rive  showing Stage3 [1/5]
[13:23:31.655] rive  viewport 240x240 @1x
[13:23:31.663] rive  wrote design/animations/rive/bolt/frames/mp3_proud_039.png
[13:23:31.736] rive  compiling 6 markup files as one document: pipstage.rml, shared.rml, stage1.rml, stage2.rml, stage3.rml, stage4.rml
[13:23:32.263] rive  built tools/rive/bolt/build/pip_bolt.riv (161033 bytes, 530ms, 0 errors, 0 warnings)
[13:23:32.265] rive  data: mood = 5
[13:23:32.265] rive  showing Stage3 [1/5]
[13:23:32.265] rive  viewport 240x240 @1x
[13:23:32.274] rive  wrote design/animations/rive/bolt/frames/mp3_proud_041.png
[13:23:32.344] rive  compiling 6 markup files as one document: pipstage.rml, shared.rml, stage1.rml, stage2.rml, stage3.rml, stage4.rml
[13:23:32.868] rive  built tools/rive/bolt/build/pip_bolt.riv (161033 bytes, 529ms, 0 errors, 0 warnings)
[13:23:32.871] rive  data: mood = 5
[13:23:32.871] rive  showing Stage3 [1/5]
[13:23:32.871] rive  viewport 240x240 @1x
[13:23:32.879] rive  wrote design/animations/rive/bolt/frames/mp3_proud_043.png
[13:23:32.951] rive  compiling 6 markup files as one document: pipstage.rml, shared.rml, stage1.rml, stage2.rml, stage3.rml, stage4.rml
[13:23:33.474] rive  built tools/rive/bolt/build/pip_bolt.riv (161033 bytes, 527ms, 0 errors, 0 warnings)
[13:23:33.476] rive  data: mood = 5
[13:23:33.476] rive  showing Stage3 [1/5]
[13:23:33.476] rive  viewport 240x240 @1x
[13:23:33.484] rive  wrote design/animations/rive/bolt/frames/mp3_proud_045.png
[13:23:33.555] rive  compiling 6 markup files as one document: pipstage.rml, shared.rml, stage1.rml, stage2.rml, stage3.rml, stage4.rml
[13:23:34.077] rive  built tools/rive/bolt/build/pip_bolt.riv (161033 bytes, 526ms, 0 errors, 0 warnings)
[13:23:34.079] rive  data: mood = 5
[13:23:34.079] rive  showing Stage3 [1/5]
[13:23:34.079] rive  viewport 240x240 @1x
[13:23:34.087] rive  wrote design/animations/rive/bolt/frames/mp3_proud_047.png
[13:23:34.157] rive  compiling 6 markup files as one document: pipstage.rml, shared.rml, stage1.rml, stage2.rml, stage3.rml, stage4.rml
[13:23:34.668] rive  built tools/rive/bolt/build/pip_bolt.riv (161033 bytes, 515ms, 0 errors, 0 warnings)
[13:23:34.671] rive  data: mood = 5
[13:23:34.671] rive  showing Stage3 [1/5]
[13:23:34.672] rive  viewport 240x240 @1x
[13:23:34.717] rive  wrote design/animations/rive/bolt/frames/mp3_proud_049.png
[13:23:34.793] rive  compiling 6 markup files as one document: pipstage.rml, shared.rml, stage1.rml, stage2.rml, stage3.rml, stage4.rml
[13:23:35.317] rive  built tools/rive/bolt/build/pip_bolt.riv (161033 bytes, 527ms, 0 errors, 0 warnings)
[13:23:35.319] rive  data: mood = 5
[13:23:35.319] rive  showing Stage3 [1/5]
[13:23:35.319] rive  viewport 240x240 @1x
[13:23:35.328] rive  wrote design/animations/rive/bolt/frames/mp3_proud_051.png
[13:23:35.396] rive  compiling 6 markup files as one document: pipstage.rml, shared.rml, stage1.rml, stage2.rml, stage3.rml, stage4.rml
[13:23:35.934] rive  built tools/rive/bolt/build/pip_bolt.riv (161033 bytes, 542ms, 0 errors, 0 warnings)
[13:23:35.936] rive  data: mood = 5
[13:23:35.936] rive  showing Stage3 [1/5]
[13:23:35.936] rive  viewport 240x240 @1x
[13:23:35.944] rive  wrote design/animations/rive/bolt/frames/mp3_proud_053.png
[13:23:36.011] rive  compiling 6 markup files as one document: pipstage.rml, shared.rml, stage1.rml, stage2.rml, stage3.rml, stage4.rml
[13:23:36.538] rive  built tools/rive/bolt/build/pip_bolt.riv (161033 bytes, 531ms, 0 errors, 0 warnings)
[13:23:36.540] rive  data: mood = 5
[13:23:36.540] rive  showing Stage3 [1/5]
[13:23:36.540] rive  viewport 240x240 @1x
[13:23:36.548] rive  wrote design/animations/rive/bolt/frames/mp3_proud_055.png
[13:23:36.620] rive  compiling 6 markup files as one document: pipstage.rml, shared.rml, stage1.rml, stage2.rml, stage3.rml, stage4.rml
[13:23:37.144] rive  built tools/rive/bolt/build/pip_bolt.riv (161033 bytes, 528ms, 0 errors, 0 warnings)
[13:23:37.147] rive  data: mood = 5
[13:23:37.147] rive  showing Stage3 [1/5]
[13:23:37.147] rive  viewport 240x240 @1x
[13:23:37.155] rive  wrote design/animations/rive/bolt/frames/mp3_proud_057.png
[13:23:37.222] rive  compiling 6 markup files as one document: pipstage.rml, shared.rml, stage1.rml, stage2.rml, stage3.rml, stage4.rml
[13:23:37.744] rive  built tools/rive/bolt/build/pip_bolt.riv (161033 bytes, 526ms, 0 errors, 0 warnings)
[13:23:37.746] rive  data: mood = 5
[13:23:37.747] rive  showing Stage3 [1/5]
[13:23:37.747] rive  viewport 240x240 @1x
[13:23:37.754] rive  wrote design/animations/rive/bolt/frames/mp3_proud_059.png
[13:23:37.824] rive  compiling 6 markup files as one document: pipstage.rml, shared.rml, stage1.rml, stage2.rml, stage3.rml, stage4.rml
[13:23:38.348] rive  built tools/rive/bolt/build/pip_bolt.riv (161033 bytes, 528ms, 0 errors, 0 warnings)
[13:23:38.350] rive  data: mood = 5
[13:23:38.350] rive  showing Stage3 [1/5]
[13:23:38.350] rive  viewport 240x240 @1x
[13:23:38.358] rive  wrote design/animations/rive/bolt/frames/mp3_proud_061.png
[13:23:38.430] rive  compiling 6 markup files as one document: pipstage.rml, shared.rml, stage1.rml, stage2.rml, stage3.rml, stage4.rml
[13:23:38.959] rive  built tools/rive/bolt/build/pip_bolt.riv (161033 bytes, 533ms, 0 errors, 0 warnings)
[13:23:38.961] rive  data: mood = 5
[13:23:38.961] rive  showing Stage3 [1/5]
[13:23:38.961] rive  viewport 240x240 @1x
[13:23:38.971] rive  wrote design/animations/rive/bolt/frames/mp3_proud_063.png
[13:23:39.041] rive  compiling 6 markup files as one document: pipstage.rml, shared.rml, stage1.rml, stage2.rml, stage3.rml, stage4.rml
[13:23:39.563] rive  built tools/rive/bolt/build/pip_bolt.riv (161033 bytes, 525ms, 0 errors, 0 warnings)
[13:23:39.565] rive  data: mood = 5
[13:23:39.565] rive  showing Stage3 [1/5]
[13:23:39.565] rive  viewport 240x240 @1x
[13:23:39.573] rive  wrote design/animations/rive/bolt/frames/mp3_proud_065.png
[13:23:39.641] rive  compiling 6 markup files as one document: pipstage.rml, shared.rml, stage1.rml, stage2.rml, stage3.rml, stage4.rml
[13:23:40.158] rive  built tools/rive/bolt/build/pip_bolt.riv (161033 bytes, 521ms, 0 errors, 0 warnings)
[13:23:40.159] rive  data: mood = 5
[13:23:40.160] rive  showing Stage3 [1/5]
[13:23:40.160] rive  viewport 240x240 @1x
[13:23:40.168] rive  wrote design/animations/rive/bolt/frames/mp3_proud_067.png
[13:23:40.233] rive  compiling 6 markup files as one document: pipstage.rml, shared.rml, stage1.rml, stage2.rml, stage3.rml, stage4.rml
[13:23:40.768] rive  built tools/rive/bolt/build/pip_bolt.riv (161033 bytes, 538ms, 0 errors, 0 warnings)
[13:23:40.770] rive  data: mood = 5
[13:23:40.770] rive  showing Stage3 [1/5]
[13:23:40.770] rive  viewport 240x240 @1x
[13:23:40.778] rive  wrote design/animations/rive/bolt/frames/mp3_proud_069.png
[13:23:40.846] rive  compiling 6 markup files as one document: pipstage.rml, shared.rml, stage1.rml, stage2.rml, stage3.rml, stage4.rml
[13:23:41.369] rive  built tools/rive/bolt/build/pip_bolt.riv (161033 bytes, 527ms, 0 errors, 0 warnings)
[13:23:41.372] rive  data: mood = 5
[13:23:41.372] rive  showing Stage3 [1/5]
[13:23:41.373] rive  viewport 240x240 @1x
[13:23:41.380] rive  wrote design/animations/rive/bolt/frames/mp3_proud_071.png
